index,utterance_id,audio_name,duration,wer,transcript,entity_count,entities
0,utt_id_test_000001,VietMed_028,6.0,0.045455,hóa cũng là một trong những trường hợp lưu ý để nhận biết nguy cơ sớm tránh biến chứng nguy hiểm,1,"[{""text"": ""biến chứng"", ""label"": ""DISEASESYMTOM"", ""score"": 0.998948, ""start"": 76, ""end"": 86}]"
1,utt_id_test_000002,VietMed_028,7.0,0.321429,cơ hỏi như sau để tới năm nay năm mươi lăm tuổi chuẩn bị phẫu thuật cắt cứu bật tôi rất lo lắng liệu mẹ tôi có nguy cơ khi,5,"[{""text"": ""năm nay"", ""label"": ""DATETIME"", ""score"": 0.991302, ""start"": 22, ""end"": 29}, {""text"": ""năm mươi lăm tuổi"", ""label"": ""AGE"", ""score"": 0.944902, ""start"": 30, ""end"": 47}, {""text"": ""phẫu thuật"", ""label"": ""SURGERY"", ""score"": 0.995597, ""start"": 57, ""end"": 67}, {""text"": ""cắt cứu"", ""label"": ""SURGERY"", ""score"": 0.850294, ""start"": 68, ""end"": 75}, {""text"": ""mẹ"", ""label"": ""GENDER"", ""score"": 0.890802, ""start"": 101, ""end"": 103}]"
2,utt_id_test_000003,VietMed_028,7.0,0.230769,số người trùng lại thì có những triệu chứng nằm sàng thì những vấn đề thường gặp và có thể xảy ra như ví dụ ở cỡ phần cái,1,"[{""text"": ""triệu chứng"", ""label"": ""DISEASESYMTOM"", ""score"": 0.998903, ""start"": 32, ""end"": 43}]"
3,utt_id_test_000004,VietMed_028,5.0,0.173913,tôi làm công việc văn phòng hay ngồi nhiều thì có cách nào phòng tránh bệnh thuyên tắc với khối tế,3,"[{""text"": ""công việc văn"", ""label"": ""OCCUPATION"", ""score"": 0.510021, ""start"": 8, ""end"": 21}, {""text"": ""phòng"", ""label"": ""LOCATION"", ""score"": 0.634751, ""start"": 22, ""end"": 27}, {""text"": ""phòng tránh"", ""label"": ""PREVENTIVEMED"", ""score"": 0.993562, ""start"": 59, ""end"": 70}]"
4,utt_id_test_000005,VietMed_028,7.0,0.074074,không có triệu chứng lập sàng và dễ nhầm lẫn với những bệnh lý khác bệnh lý này thường có tỷ lệ mắc cao ở những,5,"[{""text"": ""triệu chứng lập sàng"", ""label"": ""DISEASESYMTOM"", ""score"": 0.878923, ""start"": 9, ""end"": 29}, {""text"": ""bệnh lý"", ""label"": ""DISEASESYMTOM"", ""score"": 0.998728, ""start"": 55, ""end"": 62}, {""text"": ""bệnh lý"", ""label"": ""DISEASESYMTOM"", ""score"": 0.998684, ""start"": 68, ""end"": 75}, {""text"": ""tỷ lệ"", ""label"": ""UNITCALIBRATOR"", ""score"": 0.990097, ""start"": 90, ""end"": 95}, {""text"": ""cao"", ""label"": ""UNITCALIBRATOR"", ""score"": 0.995007, ""start"": 100, ""end"": 103}]"
5,utt_id_test_000006,VietMed_028,5.0,0.4,cùng với thấy mạnh về đội ngủ chuyên gia dầu kinh nghiệm phối hợp đa chuyên khoa các phần kinh nghiệm,2,"[{""text"": ""chuyên gia"", ""label"": ""OCCUPATION"", ""score"": 0.993246, ""start"": 30, ""end"": 40}, {""text"": ""chuyên khoa"", ""label"": ""LOCATION"", ""score"": 0.950869, ""start"": 69, ""end"": 80}]"
6,utt_id_test_000007,VietMed_028,8.0,0.192308,vừa xuất viện sau phẫu thuật ung thư đại tràng tuy nhiên trên da người nhà em gần đây lại xuất hiện các vết mầm em lo lắng vết,5,"[{""text"": ""phẫu thuật"", ""label"": ""SURGERY"", ""score"": 0.996521, ""start"": 18, ""end"": 28}, {""text"": ""ung thư đại tràng"", ""label"": ""DISEASESYMTOM"", ""score"": 0.985124, ""start"": 29, ""end"": 46}, {""text"": ""da"", ""label"": ""ORGAN"", ""score"": 0.997394, ""start"": 62, ""end"": 64}, {""text"": ""nhà"", ""label"": ""LOCATION"", ""score"": 0.948762, ""start"": 71, ""end"": 74}, {""text"": ""gần đây"", ""label"": ""DATETIME"", ""score"": 0.995049, ""start"": 78, ""end"": 85}]"
7,utt_id_test_000008,VietMed_028,6.0,0.074074,làm sao để tôi biết khi nào nên ngưng điều trị có dấu hiệu nào để tôi chú ý theo dõi để ngưng điều trị,5,"[{""text"": ""ng"", ""label"": ""MEDDEVICETECHNIQUE"", ""score"": 0.868903, ""start"": 32, ""end"": 34}, {""text"": ""ưng"", ""label"": ""MEDDEVICETECHNIQUE"", ""score"": 0.376614, ""start"": 34, ""end"": 37}, {""text"": ""điều trị"", ""label"": ""TREATMENT"", ""score"": 0.997432, ""start"": 38, ""end"": 46}, {""text"": ""ngưng"", ""label"": ""MEDDEVICETECHNIQUE"", ""score"": 0.680124, ""start"": 88, ""end"": 93}, {""text"": ""điều trị"", ""label"": ""TREATMENT"", ""score"": 0.997993, ""start"": 94, ""end"": 102}]"
8,utt_id_test_000009,VietMed_028,7.0,0.275862,tỉnh mạch hay không ạ có lẽ đây sẽ làm một thắc mắc của rất nhiều quý vị khán giả đặc biệt là những ai làm công việc văn phòng thì bây giờ xin mời các,5,"[{""text"": ""mạch"", ""label"": ""ORGAN"", ""score"": 0.981659, ""start"": 5, ""end"": 9}, {""text"": ""rất nhiều"", ""label"": ""UNITCALIBRATOR"", ""score"": 0.995051, ""start"": 56, ""end"": 65}, {""text"": ""khán giả"", ""label"": ""OCCUPATION"", ""score"": 0.992315, ""start"": 73, ""end"": 81}, {""text"": ""việc văn phòng"", ""label"": ""OCCUPATION"", ""score"": 0.861166, ""start"": 112, ""end"": 126}, {""text"": ""bây giờ"", ""label"": ""DATETIME"", ""score"": 0.996536, ""start"": 131, ""end"": 138}]"
9,utt_id_test_000010,VietMed_028,5.0,0.277778,da từ cơ bản đến chuyện sâu phương chăm chăm sóc điều trị cá thể hóa trên từng tử,3,"[{""text"": ""da"", ""label"": ""ORGAN"", ""score"": 0.995884, ""start"": 0, ""end"": 2}, {""text"": ""chăm sóc"", ""label"": ""PERSONALCARE"", ""score"": 0.97522, ""start"": 40, ""end"": 48}, {""text"": ""điều trị"", ""label"": ""TREATMENT"", ""score"": 0.997894, ""start"": 49, ""end"": 57}]"
10,utt_id_test_000011,VietMed_028,6.0,0.259259,mang tính cập nhật cao và là cô nối giải đáp kịp thời mọi thắc mắc về sức khỏe cho cộng đồng hữu,3,"[{""text"": ""cao"", ""label"": ""UNITCALIBRATOR"", ""score"": 0.996074, ""start"": 19, ""end"": 22}, {""text"": ""cô"", ""label"": ""GENDER"", ""score"": 0.974051, ""start"": 29, ""end"": 31}, {""text"": ""kịp thời"", ""label"": ""DATETIME"", ""score"": 0.992256, ""start"": 45, ""end"": 53}]"
11,utt_id_test_000012,VietMed_028,5.0,0.315789,y tế dạ đây là một loại hình mà các vư khách và người bệnh sẽ đem lại một,0,[]
12,utt_id_test_000013,VietMed_028,6.0,0.296296,định hướng của bệnh viện mà hình khức này còn rất phần thuốc đẩy sự phát triển dư lịch của thành phố phối hợp với chăm sóc số,4,"[{""text"": ""bệnh viện"", ""label"": ""LOCATION"", ""score"": 0.976372, ""start"": 15, ""end"": 24}, {""text"": ""thuốc"", ""label"": ""DRUGCHEMICAL"", ""score"": 0.996649, ""start"": 55, ""end"": 60}, {""text"": ""thành phố"", ""label"": ""LOCATION"", ""score"": 0.975316, ""start"": 91, ""end"": 100}, {""text"": ""chăm sóc"", ""label"": ""PERSONALCARE"", ""score"": 0.982196, ""start"": 114, ""end"": 122}]"
13,utt_id_test_000014,VietMed_028,6.0,0.115385,nhân ung thư trong đó ung thư liên quan đến đường tiêu hóa là một trong những loại ung thư có nguy cơ hình thành huyết khối,5,"[{""text"": ""ung thư"", ""label"": ""DISEASESYMTOM"", ""score"": 0.998848, ""start"": 5, ""end"": 12}, {""text"": ""ung thư"", ""label"": ""DISEASESYMTOM"", ""score"": 0.998802, ""start"": 22, ""end"": 29}, {""text"": ""đường tiêu hóa"", ""label"": ""ORGAN"", ""score"": 0.99677, ""start"": 44, ""end"": 58}, {""text"": ""ung thư"", ""label"": ""DISEASESYMTOM"", ""score"": 0.998833, ""start"": 83, ""end"": 90}, {""text"": ""huyết"", ""label"": ""ORGAN"", ""score"": 0.996985, ""start"": 113, ""end"": 118}]"
14,utt_id_test_000015,VietMed_028,6.0,0.434783,đường vị tằm sát sức khỏe chia sâu y tính cho vô khách là cách cá nhân tổ chức và dân nghiệp,0,[]
15,utt_id_test_000016,VietMed_028,6.0,0.24,khác biệt giữa hai trăng nếu có trăng huyết khối và trăng không huyết khối thì có thể thấy sự khác biệt giữa hai,2,"[{""text"": ""huyết"", ""label"": ""ORGAN"", ""score"": 0.992651, ""start"": 38, ""end"": 43}, {""text"": ""huyết"", ""label"": ""ORGAN"", ""score"": 0.988789, ""start"": 64, ""end"": 69}]"
16,utt_id_test_000017,VietMed_028,7.0,0.222222,về bán thân và rộng hơn là vì sức khỏe cộng đồng thưa quý vị tại việt năm thuyên tắc huyết khối tính mạch là bệnh mạch,3,"[{""text"": ""tắc huyết khối"", ""label"": ""DISEASESYMTOM"", ""score"": 0.95699, ""start"": 81, ""end"": 95}, {""text"": ""mạch"", ""label"": ""ORGAN"", ""score"": 0.997538, ""start"": 101, ""end"": 105}, {""text"": ""bệnh mạch"", ""label"": ""DISEASESYMTOM"", ""score"": 0.991592, ""start"": 109, ""end"": 118}]"
17,utt_id_test_000018,VietMed_028,9.0,0.0625,các bạn cùng đón xem để hiểu rõ hơn các vấn đề về sức khỏe,0,[]
18,utt_id_test_000019,VietMed_028,6.0,0.192308,khỏe bên cạnh đó thì cũng đáp ứng được nhu cầu của các công ty vu lịch lửa hành và cả vư khách trong và ngoài nước đến,1,"[{""text"": ""công ty"", ""label"": ""LOCATION"", ""score"": 0.691577, ""start"": 55, ""end"": 62}]"
19,utt_id_test_000020,VietMed_028,6.0,0.08,việc dự phòng thuyên tắc huyết khối tỉnh mạch là rất cần thiết và quan trọng trong đó người bệnh phẫu thuật tiêu hóa,4,"[{""text"": ""dự phòng thuyên"", ""label"": ""PREVENTIVEMED"", ""score"": 0.82273, ""start"": 5, ""end"": 20}, {""text"": ""tắc huyết khối"", ""label"": ""DISEASESYMTOM"", ""score"": 0.777434, ""start"": 21, ""end"": 35}, {""text"": ""mạch"", ""label"": ""ORGAN"", ""score"": 0.99306, ""start"": 41, ""end"": 45}, {""text"": ""phẫu thuật"", ""label"": ""SURGERY"", ""score"": 0.99654, ""start"": 97, ""end"": 107}]"
20,utt_id_test_000021,VietMed_028,5.0,0.375,khướng nhắc định nghĩ là máu thường từ dưới phần cha cơ thể và ngoài,2,"[{""text"": ""máu"", ""label"": ""ORGAN"", ""score"": 0.997898, ""start"": 25, ""end"": 28}, {""text"": ""cơ thể"", ""label"": ""ORGAN"", ""score"": 0.996686, ""start"": 53, ""end"": 59}]"
21,utt_id_test_000022,VietMed_028,5.0,0.25,tác huyết khối tỉnh mạch và xây dựng đột một chiến lực dự phòng hiệu quả cho người bệnh phẫu thuật tiêu quả,4,"[{""text"": ""huyết"", ""label"": ""ORGAN"", ""score"": 0.997444, ""start"": 4, ""end"": 9}, {""text"": ""tỉnh mạch"", ""label"": ""ORGAN"", ""score"": 0.803461, ""start"": 15, ""end"": 24}, {""text"": ""dự phòng"", ""label"": ""PREVENTIVEMED"", ""score"": 0.988624, ""start"": 55, ""end"": 63}, {""text"": ""phẫu thuật"", ""label"": ""SURGERY"", ""score"": 0.996102, ""start"": 88, ""end"": 98}]"
22,utt_id_test_000023,VietMed_028,8.0,0.241379,thẩm mỹ da của bệnh viện đã triển khai đa dạng dịch vụ điều trị các bệnh lý về da long tóc mống và thẩm mỹ,9,"[{""text"": ""thẩm mỹ"", ""label"": ""PERSONALCARE"", ""score"": 0.848571, ""start"": 0, ""end"": 7}, {""text"": ""da"", ""label"": ""ORGAN"", ""score"": 0.983077, ""start"": 8, ""end"": 10}, {""text"": ""bệnh viện"", ""label"": ""LOCATION"", ""score"": 0.975607, ""start"": 15, ""end"": 24}, {""text"": ""điều trị"", ""label"": ""TREATMENT"", ""score"": 0.998396, ""start"": 55, ""end"": 63}, {""text"": ""bệnh lý"", ""label"": ""DISEASESYMTOM"", ""score"": 0.997139, ""start"": 68, ""end"": 75}, {""text"": ""da"", ""label"": ""ORGAN"", ""score"": 0.997401, ""start"": 79, ""end"": 81}, {""text"": ""long"", ""label"": ""ORGAN"", ""score"": 0.978757, ""start"": 82, ""end"": 86}, {""text"": ""tóc"", ""label"": ""ORGAN"", ""score"": 0.99342, ""start"": 87, ""end"": 90}, {""text"": ""thẩm mỹ"", ""label"": ""PERSONALCARE"", ""score"": 0.83455, ""start"": 99, ""end"": 106}]"
23,utt_id_test_000024,VietMed_028,6.0,0.12,thưa quý vị chúng tôi vừa nhận được và rất nhiều những câu hỏi của quý vị từ đầu chương trình đến giờ trong lúc mà bác sĩ,2,"[{""text"": ""rất nhiều"", ""label"": ""UNITCALIBRATOR"", ""score"": 0.994475, ""start"": 39, ""end"": 48}, {""text"": ""bác sĩ"", ""label"": ""OCCUPATION"", ""score"": 0.997889, ""start"": 115, ""end"": 121}]"
24,utt_id_test_000025,VietMed_028,7.0,0.230769,tóc huyết khối tiến mạch nhưng không được chẩn đoán và điều trị vì không có triệu chứng lâm sàng và dễ nhầm lẫn với các bệnh khác vì vậy cho,6,"[{""text"": ""huyết"", ""label"": ""ORGAN"", ""score"": 0.983847, ""start"": 4, ""end"": 9}, {""text"": ""khối tiến"", ""label"": ""DISEASESYMTOM"", ""score"": 0.82346, ""start"": 10, ""end"": 19}, {""text"": ""mạch"", ""label"": ""ORGAN"", ""score"": 0.85793, ""start"": 20, ""end"": 24}, {""text"": ""chẩn đoán"", ""label"": ""DIAGNOSTICS"", ""score"": 0.985006, ""start"": 42, ""end"": 51}, {""text"": ""điều trị"", ""label"": ""TREATMENT"", ""score"": 0.998388, ""start"": 55, ""end"": 63}, {""text"": ""triệu chứng"", ""label"": ""DISEASESYMTOM"", ""score"": 0.99869, ""start"": 76, ""end"": 87}]"
25,utt_id_test_000026,VietMed_028,5.0,0.333333,khoi tính mạch được khoảng ba tuần nhưng hiện tại tôi cảm thấy khá khỏe mạnh và,2,"[{""text"": ""mạch"", ""label"": ""ORGAN"", ""score"": 0.998228, ""start"": 10, ""end"": 14}, {""text"": ""khoảng ba tuần"", ""label"": ""DATETIME"", ""score"": 0.714965, ""start"": 20, ""end"": 34}]"
26,utt_id_test_000027,VietMed_028,7.0,0.28,không vừa rồi thưa quý vị thuyên tắc khối tỉnh mạch là căn bệnh có rất ít dấu hiệu cảnh báo bởi nguy hiểm nếu không được phát,3,"[{""text"": ""tắc khối tỉnh mạch"", ""label"": ""DISEASESYMTOM"", ""score"": 0.986147, ""start"": 33, ""end"": 51}, {""text"": ""rất ít"", ""label"": ""UNITCALIBRATOR"", ""score"": 0.993242, ""start"": 67, ""end"": 73}, {""text"": ""cảnh báo"", ""label"": ""PREVENTIVEMED"", ""score"": 0.982385, ""start"": 83, ""end"": 91}]"
27,utt_id_test_000028,VietMed_028,7.0,0.185185,mắc thuyên tắc huyết khối tỉnh mạch hay không tôi cần chú ý những dấu hiệu gì để để phòng sống căn bệnh này và nếu mẹ,3,"[{""text"": ""thuyên tắc huyết khối tỉnh"", ""label"": ""DISEASESYMTOM"", ""score"": 0.909732, ""start"": 4, ""end"": 30}, {""text"": ""mạch"", ""label"": ""ORGAN"", ""score"": 0.972029, ""start"": 31, ""end"": 35}, {""text"": ""mẹ"", ""label"": ""GENDER"", ""score"": 0.884578, ""start"": 115, ""end"": 117}]"
28,utt_id_test_000029,VietMed_028,6.0,0.115385,cũng sẽ được dự phòng thương tắc huyết khối tỉnh mạch hay không hay là khi nào mới được dự phòng đây cũng là một câu hỏi,4,"[{""text"": ""dự phòng"", ""label"": ""PREVENTIVEMED"", ""score"": 0.991517, ""start"": 13, ""end"": 21}, {""text"": ""thương tắc huyết"", ""label"": ""DISEASESYMTOM"", ""score"": 0.931904, ""start"": 22, ""end"": 38}, {""text"": ""mạch"", ""label"": ""ORGAN"", ""score"": 0.972784, ""start"": 49, ""end"": 53}, {""text"": ""dự phòng"", ""label"": ""PREVENTIVEMED"", ""score"": 0.990695, ""start"": 88, ""end"": 96}]"
29,utt_id_test_000030,VietMed_028,5.0,0.105263,khác hay không nhờ bác sĩ giải thích cũng như tư vấn vâng ạ mời bác sĩ,3,"[{""text"": ""bác sĩ"", ""label"": ""OCCUPATION"", ""score"": 0.997851, ""start"": 19, ""end"": 25}, {""text"": ""tư vấn"", ""label"": ""PERSONALCARE"", ""score"": 0.993941, ""start"": 46, ""end"": 52}, {""text"": ""bác sĩ"", ""label"": ""OCCUPATION"", ""score"": 0.997836, ""start"": 64, ""end"": 70}]"
30,utt_id_test_000031,VietMed_028,6.0,0.421053,bác là trung sĩ anh chia sẻ chào bác sĩ năm nay tôi ba mươi tuổi mới mổ ruột hừa cách đây hai ngày và,8,"[{""text"": ""bác"", ""label"": ""AGE"", ""score"": 0.993543, ""start"": 0, ""end"": 3}, {""text"": ""trung sĩ"", ""label"": ""OCCUPATION"", ""score"": 0.996821, ""start"": 7, ""end"": 15}, {""text"": ""anh"", ""label"": ""GENDER"", ""score"": 0.928369, ""start"": 16, ""end"": 19}, {""text"": ""bác sĩ"", ""label"": ""OCCUPATION"", ""score"": 0.997662, ""start"": 33, ""end"": 39}, {""text"": ""năm nay"", ""label"": ""DATETIME"", ""score"": 0.991066, ""start"": 40, ""end"": 47}, {""text"": ""ba mươi tuổi"", ""label"": ""AGE"", ""score"": 0.934456, ""start"": 52, ""end"": 64}, {""text"": ""mổ ruột h"", ""label"": ""SURGERY"", ""score"": 0.861822, ""start"": 69, ""end"": 78}, {""text"": ""hai ngày"", ""label"": ""DATETIME"", ""score"": 0.996179, ""start"": 90, ""end"": 98}]"
31,utt_id_test_000032,VietMed_028,7.0,0.375,phát hiện sớm các loại ung thư tăm sóc các bệnh lý tăm sóc ung thư di truyền vấn khám tư vấn chuyên khoa nhau,6,"[{""text"": ""ung thư"", ""label"": ""DISEASESYMTOM"", ""score"": 0.998895, ""start"": 23, ""end"": 30}, {""text"": ""bệnh lý"", ""label"": ""DISEASESYMTOM"", ""score"": 0.998489, ""start"": 43, ""end"": 50}, {""text"": ""ung thư di truyền"", ""label"": ""DISEASESYMTOM"", ""score"": 0.994182, ""start"": 59, ""end"": 76}, {""text"": ""khám"", ""label"": ""DIAGNOSTICS"", ""score"": 0.973041, ""start"": 81, ""end"": 85}, {""text"": ""tư vấn"", ""label"": ""PERSONALCARE"", ""score"": 0.940283, ""start"": 86, ""end"": 92}, {""text"": ""chuyên khoa"", ""label"": ""LOCATION"", ""score"": 0.963632, ""start"": 93, ""end"": 104}]"
32,utt_id_test_000033,VietMed_028,6.0,0.111111,với một vùng lãnh thổ một quốc gia nào đó để có thể được trải nghiệm những dịch vụ chăm sóc sức khỏe nhất định và hệ,2,"[{""text"": ""quốc gia"", ""label"": ""LOCATION"", ""score"": 0.919033, ""start"": 26, ""end"": 34}, {""text"": ""chăm sóc"", ""label"": ""PERSONALCARE"", ""score"": 0.980825, ""start"": 83, ""end"": 91}]"
33,utt_id_test_000034,VietMed_028,5.0,0.111111,tôi khá lo lắng không biết mình có nằm trong diện là có đối tuổi nguy cơ,0,[]
34,utt_id_test_000035,VietMed_028,6.0,0.142857,vị với chủ đề ngày hôm nay tin rằng chúng ta sẽ nhận được rất nhiều những câu hỏi đến từ quý khán giả mặc,3,"[{""text"": ""ngày hôm nay"", ""label"": ""DATETIME"", ""score"": 0.99642, ""start"": 14, ""end"": 26}, {""text"": ""rất nhiều"", ""label"": ""UNITCALIBRATOR"", ""score"": 0.994903, ""start"": 58, ""end"": 67}, {""text"": ""khán giả"", ""label"": ""OCCUPATION"", ""score"": 0.989337, ""start"": 93, ""end"": 101}]"
35,utt_id_test_000036,VietMed_028,6.0,0.142857,giày cô năm nay đã gần sáu mươi tuổi xin hỏi cô có phải là đối tượng nguy cơ cao của thuyên tóc hoặc,6,"[{""text"": ""cô"", ""label"": ""GENDER"", ""score"": 0.968557, ""start"": 5, ""end"": 7}, {""text"": ""năm nay"", ""label"": ""DATETIME"", ""score"": 0.992065, ""start"": 8, ""end"": 15}, {""text"": ""gần sáu mươi tuổi"", ""label"": ""AGE"", ""score"": 0.825033, ""start"": 19, ""end"": 36}, {""text"": ""cô"", ""label"": ""GENDER"", ""score"": 0.970158, ""start"": 45, ""end"": 47}, {""text"": ""cao"", ""label"": ""UNITCALIBRATOR"", ""score"": 0.996502, ""start"": 77, ""end"": 80}, {""text"": ""tóc"", ""label"": ""ORGAN"", ""score"": 0.994247, ""start"": 92, ""end"": 95}]"
36,utt_id_test_000037,VietMed_028,5.0,0.291667,muốn cung cấp dẫn thôn tin y tế sức khỏe chính thống đến từ các chuyên gia với bệnh dậy kinh,2,"[{""text"": ""chuyên gia"", ""label"": ""OCCUPATION"", ""score"": 0.994387, ""start"": 64, ""end"": 74}, {""text"": ""dậy kinh"", ""label"": ""DISEASESYMTOM"", ""score"": 0.997786, ""start"": 84, ""end"": 92}]"
37,utt_id_test_000038,VietMed_028,6.0,0.321429,nghiên cứu và bảo quốc tế từ nội sôi chất và tạo hình dạ dày thực quản điều trị ung thư dạ dày ung thư,7,"[{""text"": ""nghiên cứu"", ""label"": ""DIAGNOSTICS"", ""score"": 0.987948, ""start"": 0, ""end"": 10}, {""text"": ""dạ dày"", ""label"": ""ORGAN"", ""score"": 0.997465, ""start"": 54, ""end"": 60}, {""text"": ""thực quản"", ""label"": ""ORGAN"", ""score"": 0.996401, ""start"": 61, ""end"": 70}, {""text"": ""điều trị"", ""label"": ""TREATMENT"", ""score"": 0.998322, ""start"": 71, ""end"": 79}, {""text"": ""ung thư dạ"", ""label"": ""DISEASESYMTOM"", ""score"": 0.913639, ""start"": 80, ""end"": 90}, {""text"": ""dày"", ""label"": ""ORGAN"", ""score"": 0.978343, ""start"": 91, ""end"": 94}, {""text"": ""ung thư"", ""label"": ""DISEASESYMTOM"", ""score"": 0.998723, ""start"": 95, ""end"": 102}]"
38,utt_id_test_000039,VietMed_028,6.0,0.130435,thuyên tắc huyết khối tỉnh mạch trên người bệnh phẫu thuật tiêu hóa cũng như nhận biết được nguy cơ và dự phẫu,3,"[{""text"": ""thuyên tắc huyết khối tỉnh"", ""label"": ""DISEASESYMTOM"", ""score"": 0.897409, ""start"": 0, ""end"": 26}, {""text"": ""mạch"", ""label"": ""ORGAN"", ""score"": 0.809297, ""start"": 27, ""end"": 31}, {""text"": ""phẫu thuật"", ""label"": ""SURGERY"", ""score"": 0.996956, ""start"": 48, ""end"": 58}]"
39,utt_id_test_000040,VietMed_028,6.0,0.458333,phẫu thuật tạo hình hầm mặt những trường hợp bị lệnh lạc xương hàm trăm trông hay cần phải thay đổi phẫu thuật kích thích não sâu,5,"[{""text"": ""phẫu thuật tạo hình hầ"", ""label"": ""SURGERY"", ""score"": 0.906015, ""start"": 0, ""end"": 22}, {""text"": ""mặt"", ""label"": ""ORGAN"", ""score"": 0.496386, ""start"": 24, ""end"": 27}, {""text"": ""lạc"", ""label"": ""DISEASESYMTOM"", ""score"": 0.982341, ""start"": 53, ""end"": 56}, {""text"": ""xương hàm"", ""label"": ""ORGAN"", ""score"": 0.970264, ""start"": 57, ""end"": 66}, {""text"": ""phẫu thuật kích thích não sâu"", ""label"": ""SURGERY"", ""score"": 0.996566, ""start"": 100, ""end"": 129}]"
40,utt_id_test_000041,VietMed_028,6.0,0.269231,phòng sâu tim không biết liệu của nguy hiểm hay không và liệu tiêm thuốc dự phòng có an toàn hay không có,4,"[{""text"": ""phòng"", ""label"": ""LOCATION"", ""score"": 0.418348, ""start"": 0, ""end"": 5}, {""text"": ""tim"", ""label"": ""ORGAN"", ""score"": 0.774938, ""start"": 10, ""end"": 13}, {""text"": ""tiêm thuốc"", ""label"": ""TREATMENT"", ""score"": 0.851025, ""start"": 62, ""end"": 72}, {""text"": ""dự phòng"", ""label"": ""PREVENTIVEMED"", ""score"": 0.965672, ""start"": 73, ""end"": 81}]"
41,utt_id_test_000042,VietMed_028,7.0,0.25,để dễ chịu hưng để hài lòng hưng không ngại để có điểm số tốt hơn và quan trọng là không ngại để khỏe bao giờ,1,"[{""text"": ""điểm số tốt"", ""label"": ""UNITCALIBRATOR"", ""score"": 0.829889, ""start"": 50, ""end"": 61}]"
42,utt_id_test_000043,VietMed_028,6.0,0.125,thường gặp chỉ sau nhờ bấu cơ tim cấp tính và đột quỵ phần lớn trường hợp người mắc bệnh thuyên tắc huyết,5,"[{""text"": ""bấu cơ tim"", ""label"": ""DIAGNOSTICS"", ""score"": 0.693018, ""start"": 23, ""end"": 33}, {""text"": ""đột quỵ"", ""label"": ""DISEASESYMTOM"", ""score"": 0.998809, ""start"": 46, ""end"": 53}, {""text"": ""mắc bệnh"", ""label"": ""DISEASESYMTOM"", ""score"": 0.998665, ""start"": 80, ""end"": 88}, {""text"": ""thuyên tắc"", ""label"": ""DISEASESYMTOM"", ""score"": 0.763978, ""start"": 89, ""end"": 99}, {""text"": ""huyết"", ""label"": ""ORGAN"", ""score"": 0.976133, ""start"": 100, ""end"": 105}]"
43,utt_id_test_000044,VietMed_028,6.0,0.375,người bệnh phẫu thuật tiêu hóa và nguy cơ mắc bệnh,2,"[{""text"": ""phẫu thuật"", ""label"": ""SURGERY"", ""score"": 0.996786, ""start"": 11, ""end"": 21}, {""text"": ""mắc bệnh"", ""label"": ""DISEASESYMTOM"", ""score"": 0.993196, ""start"": 42, ""end"": 50}]"
44,utt_id_test_000045,VietMed_028,6.0,0.318182,nghiệm trong chi khoa mọi tiêu hóa là chuyên gia trong lĩnh vực phẫu thuật nội sôi già dày thực quản và đại trực trạng,4,"[{""text"": ""chi khoa"", ""label"": ""SURGERY"", ""score"": 0.573902, ""start"": 13, ""end"": 21}, {""text"": ""chuyên gia"", ""label"": ""OCCUPATION"", ""score"": 0.994146, ""start"": 38, ""end"": 48}, {""text"": ""phẫu thuật nội"", ""label"": ""SURGERY"", ""score"": 0.90499, ""start"": 64, ""end"": 78}, {""text"": ""thực quản"", ""label"": ""ORGAN"", ""score"": 0.995473, ""start"": 91, ""end"": 100}]"
45,utt_id_test_000046,VietMed_028,5.0,0.388889,tim sẽ được tống khối khối này lên theo cái đồng mạch phổi nó gây thuyết,3,"[{""text"": ""tim"", ""label"": ""ORGAN"", ""score"": 0.996889, ""start"": 0, ""end"": 3}, {""text"": ""đồng mạch"", ""label"": ""ORGAN"", ""score"": 0.916551, ""start"": 44, ""end"": 53}, {""text"": ""phổi"", ""label"": ""ORGAN"", ""score"": 0.985725, ""start"": 54, ""end"": 58}]"
46,utt_id_test_000047,VietMed_028,6.0,0.263158,đến với chủ đề tối ưu hóa quản lý khí khối cho bệnh nhân ngoại trú sau xuất viện và xin được gọi,3,"[{""text"": ""tối"", ""label"": ""DATETIME"", ""score"": 0.957444, ""start"": 15, ""end"": 18}, {""text"": ""bệnh nhân ngoại trú"", ""label"": ""OCCUPATION"", ""score"": 0.924221, ""start"": 47, ""end"": 66}, {""text"": ""xuất viện"", ""label"": ""DISEASESYMTOM"", ""score"": 0.566209, ""start"": 71, ""end"": 80}]"
47,utt_id_test_000048,VietMed_028,6.0,0.24,tìm ngay và có nhiều viên hỗ trợ xương giúp quá trình khám để giúp khoa khám sức khỏe theo yêu cầu trở thành một phần,6,"[{""text"": ""hỗ trợ"", ""label"": ""MEDDEVICETECHNIQUE"", ""score"": 0.990459, ""start"": 26, ""end"": 32}, {""text"": ""xương"", ""label"": ""ORGAN"", ""score"": 0.990937, ""start"": 33, ""end"": 38}, {""text"": ""khám"", ""label"": ""DIAGNOSTICS"", ""score"": 0.991855, ""start"": 54, ""end"": 58}, {""text"": ""khoa"", ""label"": ""LOCATION"", ""score"": 0.907805, ""start"": 67, ""end"": 71}, {""text"": ""khám"", ""label"": ""DIAGNOSTICS"", ""score"": 0.833708, ""start"": 72, ""end"": 76}, {""text"": ""một phần"", ""label"": ""UNITCALIBRATOR"", ""score"": 0.995004, ""start"": 109, ""end"": 117}]"
48,utt_id_test_000049,VietMed_028,6.0,0.04,nhiều biến chứng nguy hiểm bệnh có thể xảy ra ở những người bệnh vừa trải qua phẫu thuật trong đó có phẫu thuật tiêu hóa,3,"[{""text"": ""biến chứng"", ""label"": ""DISEASESYMTOM"", ""score"": 0.998816, ""start"": 6, ""end"": 16}, {""text"": ""phẫu thuật"", ""label"": ""SURGERY"", ""score"": 0.996857, ""start"": 78, ""end"": 88}, {""text"": ""phẫu thuật"", ""label"": ""SURGERY"", ""score"": 0.99694, ""start"": 101, ""end"": 111}]"
49,utt_id_test_000050,VietMed_028,5.0,0.153846,gắng câu hỏi và gửi gấm tất cả các thắc mắc trong phần bình luận bên dưới để được các bác sĩ giải đáp nghe,1,"[{""text"": ""bác sĩ"", ""label"": ""OCCUPATION"", ""score"": 0.997835, ""start"": 86, ""end"": 92}]"
50,utt_id_test_000051,VietMed_028,5.0,0.4,tỉnh mạch hệ thống tỉnh mạch là hệ thống phô cùng quan trọng trong cơ thể chúng ta,3,"[{""text"": ""tỉnh mạch"", ""label"": ""ORGAN"", ""score"": 0.990438, ""start"": 0, ""end"": 9}, {""text"": ""tỉnh mạch"", ""label"": ""ORGAN"", ""score"": 0.966218, ""start"": 19, ""end"": 28}, {""text"": ""cơ thể"", ""label"": ""ORGAN"", ""score"": 0.997957, ""start"": 67, ""end"": 73}]"
51,utt_id_test_000052,VietMed_028,9.0,0.25,đến với phần tiếp theo của chương trình đó là giải đáp thắc mắc của khán giả,1,"[{""text"": ""khán giả"", ""label"": ""OCCUPATION"", ""score"": 0.989719, ""start"": 68, ""end"": 76}]"
52,utt_id_test_000053,VietMed_028,6.0,0.0,xin cảm ơn những chia sẻ của bác sĩ và thưa quý vị chúng ta đã thấy rằng việc nhận biết sớm các nguy cơ,1,"[{""text"": ""bác sĩ"", ""label"": ""OCCUPATION"", ""score"": 0.997979, ""start"": 29, ""end"": 35}]"
53,utt_id_test_000054,VietMed_028,7.0,0.285714,cái tận đó là quyền lợi sức khỏe của chứng minh đó là phi vấn về những thầy thuốc đầy từng tâm và đó là họ những người đã không,2,"[{""text"": ""những"", ""label"": ""UNITCALIBRATOR"", ""score"": 0.663618, ""start"": 65, ""end"": 70}, {""text"": ""thầy thuốc"", ""label"": ""OCCUPATION"", ""score"": 0.934618, ""start"": 71, ""end"": 81}]"
54,utt_id_test_000055,VietMed_028,6.0,0.25,cũng trao đổi và chỉ khi trao đổi bác sĩ mới hiểu hơn về nhu cầu thuốc điều trị của huyên bản với em,3,"[{""text"": ""bác sĩ"", ""label"": ""OCCUPATION"", ""score"": 0.997923, ""start"": 34, ""end"": 40}, {""text"": ""thuốc"", ""label"": ""DRUGCHEMICAL"", ""score"": 0.996489, ""start"": 65, ""end"": 70}, {""text"": ""điều trị"", ""label"": ""TREATMENT"", ""score"": 0.997963, ""start"": 71, ""end"": 79}]"
55,utt_id_test_000056,VietMed_028,5.0,0.210526,dịch vụ chăm sóc nhá khoa chăm sóc da hay là phẫu thuật tạo hình và thổng chất,5,"[{""text"": ""chăm sóc"", ""label"": ""PERSONALCARE"", ""score"": 0.98338, ""start"": 8, ""end"": 16}, {""text"": ""khoa"", ""label"": ""LOCATION"", ""score"": 0.434604, ""start"": 21, ""end"": 25}, {""text"": ""chăm sóc"", ""label"": ""PERSONALCARE"", ""score"": 0.930053, ""start"": 26, ""end"": 34}, {""text"": ""da"", ""label"": ""ORGAN"", ""score"": 0.581196, ""start"": 35, ""end"": 37}, {""text"": ""phẫu thuật tạo hình"", ""label"": ""SURGERY"", ""score"": 0.976225, ""start"": 45, ""end"": 64}]"
56,utt_id_test_000057,VietMed_028,7.0,0.366667,hiện tại thì có khá là nhiều những cái loại hình những cái dịch vụ dành cho yếu lịch di tế chẳng hạn như là dịch vụ về tầm xoát nè hoặc,0,[]
57,utt_id_test_000058,VietMed_028,6.0,0.148148,phẫu thuật tiêu hóa do đó để hiểu rõ hơn về các dấu hiệu nguy cơ đặt điểm bệnh lý thuyên tắc huyết khối tư,6,"[{""text"": ""phẫu thuật"", ""label"": ""SURGERY"", ""score"": 0.996717, ""start"": 0, ""end"": 10}, {""text"": ""hóa"", ""label"": ""SURGERY"", ""score"": 0.778813, ""start"": 16, ""end"": 19}, {""text"": ""bệnh lý"", ""label"": ""DISEASESYMTOM"", ""score"": 0.998247, ""start"": 74, ""end"": 81}, {""text"": ""thuyên tắc"", ""label"": ""DISEASESYMTOM"", ""score"": 0.899913, ""start"": 82, ""end"": 92}, {""text"": ""huyết"", ""label"": ""ORGAN"", ""score"": 0.573228, ""start"": 93, ""end"": 98}, {""text"": ""khối"", ""label"": ""DISEASESYMTOM"", ""score"": 0.986705, ""start"": 99, ""end"": 103}]"
58,utt_id_test_000059,VietMed_028,6.0,0.625,máu cho các thằng và các cơ thể thì người ta gọi là thiên tác thổi thì thiên tác thổi là một tình trạng bư hình cực kỳ nguy,2,"[{""text"": ""máu"", ""label"": ""ORGAN"", ""score"": 0.997257, ""start"": 0, ""end"": 3}, {""text"": ""cơ thể"", ""label"": ""ORGAN"", ""score"": 0.997731, ""start"": 25, ""end"": 31}]"
59,utt_id_test_000060,VietMed_028,6.0,0.333333,dựng để đáp ứng dụng cầu chăm sóc sức khỏe người cao cao của dư khách đã thiết kế các vỡ khám tổng quát và chuyên sâu đa dễ,3,"[{""text"": ""chăm sóc sức khỏe"", ""label"": ""PERSONALCARE"", ""score"": 0.88304, ""start"": 25, ""end"": 42}, {""text"": ""cao cao"", ""label"": ""UNITCALIBRATOR"", ""score"": 0.752922, ""start"": 49, ""end"": 56}, {""text"": ""khám"", ""label"": ""DIAGNOSTICS"", ""score"": 0.99349, ""start"": 89, ""end"": 93}]"
60,utt_id_test_000061,VietMed_028,6.0,0.36,người không ngại hỏi đều tin rằng phía sau có hỏiều là những lựa chọn tốt hơn đó là một toa thuốc mà mình hiểu tương tác,1,"[{""text"": ""thuốc"", ""label"": ""DRUGCHEMICAL"", ""score"": 0.963489, ""start"": 92, ""end"": 97}]"
61,utt_id_test_000062,VietMed_028,6.0,0.285714,mệnh này trong đó mỗi năm việt nam có gần hai trăm nghìn người mất phải có rất nhiều trường hợp người bệnh mất,5,"[{""text"": ""mỗi năm"", ""label"": ""DATETIME"", ""score"": 0.994806, ""start"": 18, ""end"": 25}, {""text"": ""việt nam"", ""label"": ""LOCATION"", ""score"": 0.9824, ""start"": 26, ""end"": 34}, {""text"": ""gần"", ""label"": ""UNITCALIBRATOR"", ""score"": 0.882179, ""start"": 38, ""end"": 41}, {""text"": ""hai trăm nghìn"", ""label"": ""UNITCALIBRATOR"", ""score"": 0.871519, ""start"": 42, ""end"": 56}, {""text"": ""rất nhiều"", ""label"": ""UNITCALIBRATOR"", ""score"": 0.995606, ""start"": 75, ""end"": 84}]"
62,utt_id_test_000063,VietMed_028,6.0,0.125,nhất thẩm mỹ nhất cho người bệnh có đối với các dịch vụ da liễu thẩm mỹ,4,"[{""text"": ""thẩm mỹ"", ""label"": ""PERSONALCARE"", ""score"": 0.936096, ""start"": 5, ""end"": 12}, {""text"": ""da"", ""label"": ""ORGAN"", ""score"": 0.763436, ""start"": 56, ""end"": 58}, {""text"": ""liễu"", ""label"": ""MEDDEVICETECHNIQUE"", ""score"": 0.368912, ""start"": 59, ""end"": 63}, {""text"": ""thẩm mỹ"", ""label"": ""PERSONALCARE"", ""score"": 0.834562, ""start"": 64, ""end"": 71}]"
63,utt_id_test_000064,VietMed_028,5.0,0.411765,là tai biến nhưng từ khi bị đến giờ đầu áp phẩm bình thường một nửa người bị test,4,"[{""text"": ""tai biến"", ""label"": ""DISEASESYMTOM"", ""score"": 0.998545, ""start"": 3, ""end"": 11}, {""text"": ""áp"", ""label"": ""MEDDEVICETECHNIQUE"", ""score"": 0.452548, ""start"": 40, ""end"": 42}, {""text"": ""một nửa"", ""label"": ""UNITCALIBRATOR"", ""score"": 0.995517, ""start"": 60, ""end"": 67}, {""text"": ""test"", ""label"": ""DIAGNOSTICS"", ""score"": 0.977004, ""start"": 77, ""end"": 81}]"
64,utt_id_test_000065,VietMed_028,5.0,0.068966,chúng ta sẽ lựa chọn ra một số câu hỏi mà nãy giờ bác sĩ chưa trả lời hoặc là ở phần đầu chương trình quý vị chương,2,"[{""text"": ""nãy"", ""label"": ""DATETIME"", ""score"": 0.805862, ""start"": 42, ""end"": 45}, {""text"": ""bác sĩ"", ""label"": ""OCCUPATION"", ""score"": 0.997842, ""start"": 50, ""end"": 56}]"
65,utt_id_test_000066,VietMed_028,5.0,0.24,các bệnh lý xuất tạp đặc biệt trên những đối tượng người có bệnh nền các phương pháp phẫu thuật hạ,3,"[{""text"": ""bệnh lý xuất tạp"", ""label"": ""DISEASESYMTOM"", ""score"": 0.908902, ""start"": 4, ""end"": 20}, {""text"": ""bệnh"", ""label"": ""DISEASESYMTOM"", ""score"": 0.84688, ""start"": 60, ""end"": 64}, {""text"": ""phẫu thuật"", ""label"": ""SURGERY"", ""score"": 0.996508, ""start"": 85, ""end"": 95}]"
66,utt_id_test_000067,VietMed_028,6.0,0.269231,là có biện pháp nào khác để thay thể hay không thưa bác sĩ bây giờ xin về bác sĩ sẽ chia sẻ về những biện pháp có,3,"[{""text"": ""bác sĩ"", ""label"": ""OCCUPATION"", ""score"": 0.997823, ""start"": 52, ""end"": 58}, {""text"": ""bây giờ"", ""label"": ""DATETIME"", ""score"": 0.996632, ""start"": 59, ""end"": 66}, {""text"": ""bác sĩ"", ""label"": ""OCCUPATION"", ""score"": 0.997851, ""start"": 74, ""end"": 80}]"
67,utt_id_test_000068,VietMed_028,7.0,0.346154,nội sôi nếu phải dự phòng thuyên tắc khóe tỉnh mạch bằng thuốc tim thì tôi có cần lưu ý gì khi tim hay không và,6,"[{""text"": ""dự phòng"", ""label"": ""PREVENTIVEMED"", ""score"": 0.989236, ""start"": 17, ""end"": 25}, {""text"": ""yên"", ""label"": ""PREVENTIVEMED"", ""score"": 0.920919, ""start"": 29, ""end"": 32}, {""text"": ""tắc khóe tỉnh"", ""label"": ""DISEASESYMTOM"", ""score"": 0.855886, ""start"": 33, ""end"": 46}, {""text"": ""mạch"", ""label"": ""ORGAN"", ""score"": 0.583779, ""start"": 47, ""end"": 51}, {""text"": ""thuốc tim"", ""label"": ""DRUGCHEMICAL"", ""score"": 0.990481, ""start"": 57, ""end"": 66}, {""text"": ""tim"", ""label"": ""ORGAN"", ""score"": 0.998192, ""start"": 95, ""end"": 98}]"
68,utt_id_test_000069,VietMed_028,6.0,0.259259,giúp dù khách có thể dễ dàng lựa chọn có khám phù hợp với đồ tuổi dúc cầu tình trạng sức khỏe của mình,1,"[{""text"": ""khám"", ""label"": ""DIAGNOSTICS"", ""score"": 0.991771, ""start"": 41, ""end"": 45}]"
69,utt_id_test_000070,VietMed_028,7.0,0.038462,phẫu thuật tiêu hóa làm sao để có thể nhận biết nguy cơ và dự phòng hiệu quả quý vị thân mến chương trình của,2,"[{""text"": ""phẫu thuật"", ""label"": ""SURGERY"", ""score"": 0.996472, ""start"": 0, ""end"": 10}, {""text"": ""dự phòng"", ""label"": ""PREVENTIVEMED"", ""score"": 0.990346, ""start"": 59, ""end"": 67}]"
70,utt_id_test_000071,VietMed_028,6.0,0.115385,mặt đều được phẫu thuật viên ứng dụng những công nghệ kỹ thuật số hiện đại để có thể điều trị hiệu quả nguyên,3,"[{""text"": ""phẫu thuật"", ""label"": ""SURGERY"", ""score"": 0.996131, ""start"": 13, ""end"": 23}, {""text"": ""công nghệ kỹ thuật số hiện đại"", ""label"": ""MEDDEVICETECHNIQUE"", ""score"": 0.965323, ""start"": 44, ""end"": 74}, {""text"": ""điều trị"", ""label"": ""TREATMENT"", ""score"": 0.998397, ""start"": 85, ""end"": 93}]"
71,utt_id_test_000072,VietMed_028,5.0,0.285714,cơ tim khắc tính và đột quỵ hàng năm có không phải một phần trăm nhiều số thế giới đột quỵ,6,"[{""text"": ""cơ tim"", ""label"": ""ORGAN"", ""score"": 0.968771, ""start"": 0, ""end"": 6}, {""text"": ""đột quỵ"", ""label"": ""DISEASESYMTOM"", ""score"": 0.998745, ""start"": 20, ""end"": 27}, {""text"": ""hàng năm"", ""label"": ""DATETIME"", ""score"": 0.995382, ""start"": 28, ""end"": 36}, {""text"": ""phần trăm"", ""label"": ""UNITCALIBRATOR"", ""score"": 0.933482, ""start"": 55, ""end"": 64}, {""text"": ""thế giới"", ""label"": ""LOCATION"", ""score"": 0.974384, ""start"": 74, ""end"": 82}, {""text"": ""đột quỵ"", ""label"": ""DISEASESYMTOM"", ""score"": 0.998639, ""start"": 83, ""end"": 90}]"
72,utt_id_test_000073,VietMed_028,5.0,0.294118,và có thuốc của mình và tôi là người không ngại hỏi chuyên nghiệp,1,"[{""text"": ""thuốc"", ""label"": ""DRUGCHEMICAL"", ""score"": 0.99617, ""start"": 6, ""end"": 11}]"
73,utt_id_test_000074,VietMed_028,8.0,0.24,nhờ hỏi con trai tôi biết cách chờ phê búc nhờ hỏi con gái tôi biết cách sâu phì nhờ hỏi bác sĩ tôi biết rõ,3,"[{""text"": ""con trai"", ""label"": ""AGE"", ""score"": 0.685324, ""start"": 8, ""end"": 16}, {""text"": ""con gái"", ""label"": ""AGE"", ""score"": 0.589586, ""start"": 51, ""end"": 58}, {""text"": ""bác sĩ"", ""label"": ""OCCUPATION"", ""score"": 0.997797, ""start"": 89, ""end"": 95}]"
74,utt_id_test_000075,VietMed_028,7.0,0.214286,tiên giúp tạo nên các sản phẩm vu lịch y tế của khoa da liễu thẩm mỹ da trở thành một lượng trọng y tế và chất,5,"[{""text"": ""lịch y tế"", ""label"": ""MEDDEVICETECHNIQUE"", ""score"": 0.805291, ""start"": 34, ""end"": 43}, {""text"": ""khoa"", ""label"": ""LOCATION"", ""score"": 0.677865, ""start"": 48, ""end"": 52}, {""text"": ""da liễu"", ""label"": ""OCCUPATION"", ""score"": 0.669468, ""start"": 53, ""end"": 60}, {""text"": ""thẩm mỹ"", ""label"": ""PERSONALCARE"", ""score"": 0.507857, ""start"": 61, ""end"": 68}, {""text"": ""da"", ""label"": ""ORGAN"", ""score"": 0.993591, ""start"": 69, ""end"": 71}]"
75,utt_id_test_000076,VietMed_028,6.0,0.391304,thuyên tắc khuyết khối tỉnh mặt hay không nhà bác sĩ tôi vẫn vâng ạ câu hỏi rất là hay xin được bác sĩ ạ,4,"[{""text"": ""tắc khuyết khối tỉnh"", ""label"": ""DISEASESYMTOM"", ""score"": 0.976802, ""start"": 7, ""end"": 27}, {""text"": ""nhà"", ""label"": ""LOCATION"", ""score"": 0.980083, ""start"": 42, ""end"": 45}, {""text"": ""bác sĩ"", ""label"": ""OCCUPATION"", ""score"": 0.997189, ""start"": 46, ""end"": 52}, {""text"": ""bác sĩ"", ""label"": ""OCCUPATION"", ""score"": 0.997872, ""start"": 96, ""end"": 102}]"
76,utt_id_test_000077,VietMed_028,7.0,0.307692,chân tôi bị sinh phù thì có phải do thuyên tắc khối tỉnh mạch hay không ạ nhà bác sĩ tư vấn vâng,6,"[{""text"": ""chân"", ""label"": ""ORGAN"", ""score"": 0.997079, ""start"": 0, ""end"": 4}, {""text"": ""bị sinh"", ""label"": ""DISEASESYMTOM"", ""score"": 0.559716, ""start"": 9, ""end"": 16}, {""text"": ""thuyên tắc khối tỉnh mạch"", ""label"": ""DISEASESYMTOM"", ""score"": 0.972498, ""start"": 36, ""end"": 61}, {""text"": ""nhà"", ""label"": ""LOCATION"", ""score"": 0.976059, ""start"": 74, ""end"": 77}, {""text"": ""bác sĩ"", ""label"": ""OCCUPATION"", ""score"": 0.997661, ""start"": 78, ""end"": 84}, {""text"": ""tư vấn"", ""label"": ""PERSONALCARE"", ""score"": 0.992502, ""start"": 85, ""end"": 91}]"
77,utt_id_test_000078,VietMed_028,5.0,0.291667,bác sĩ và cảm ơn bác sĩ đã dành thời gian đến thế chương trình ngày hôm nay ạ,4,"[{""text"": ""bác sĩ"", ""label"": ""OCCUPATION"", ""score"": 0.997804, ""start"": 0, ""end"": 6}, {""text"": ""bác sĩ"", ""label"": ""OCCUPATION"", ""score"": 0.997847, ""start"": 17, ""end"": 23}, {""text"": ""thời gian"", ""label"": ""DATETIME"", ""score"": 0.995767, ""start"": 32, ""end"": 41}, {""text"": ""ngày hôm nay"", ""label"": ""DATETIME"", ""score"": 0.996465, ""start"": 63, ""end"": 75}]"
78,utt_id_test_000079,VietMed_028,6.0,0.269231,các dấu hiệu nguy cơ của thuyên tắc huyết khối tỉnh mạch cũng như khứu xử lý bệnh quý khán giả đừng ngại,3,"[{""text"": ""thuyên tắc huyết"", ""label"": ""DISEASESYMTOM"", ""score"": 0.922466, ""start"": 25, ""end"": 41}, {""text"": ""mạch"", ""label"": ""ORGAN"", ""score"": 0.988514, ""start"": 52, ""end"": 56}, {""text"": ""khán giả"", ""label"": ""OCCUPATION"", ""score"": 0.991756, ""start"": 86, ""end"": 94}]"
79,utt_id_test_000080,VietMed_028,7.0,0.172414,khỏe là trên hết nên chỉ cần thuốc nào ít xác dụng phụ và điều trị nhan chóng bác sĩ cư tư vấn cho em nhé tất cả họ những,5,"[{""text"": ""thuốc"", ""label"": ""DRUGCHEMICAL"", ""score"": 0.996764, ""start"": 29, ""end"": 34}, {""text"": ""dụng phụ"", ""label"": ""DISEASESYMTOM"", ""score"": 0.88253, ""start"": 46, ""end"": 54}, {""text"": ""điều trị"", ""label"": ""TREATMENT"", ""score"": 0.998463, ""start"": 58, ""end"": 66}, {""text"": ""bác sĩ"", ""label"": ""OCCUPATION"", ""score"": 0.997844, ""start"": 78, ""end"": 84}, {""text"": ""tư vấn"", ""label"": ""PERSONALCARE"", ""score"": 0.99285, ""start"": 88, ""end"": 94}]"
80,utt_id_test_000081,VietMed_028,7.0,0.115385,biến chứng gì không em thấy khá là hoang mang nhờ bác sĩ tôi vẫn rất nhiều những câu hỏi trong một câu hỏi có hay không,3,"[{""text"": ""biến chứng"", ""label"": ""DISEASESYMTOM"", ""score"": 0.998943, ""start"": 0, ""end"": 10}, {""text"": ""bác sĩ"", ""label"": ""OCCUPATION"", ""score"": 0.997909, ""start"": 50, ""end"": 56}, {""text"": ""rất nhiều"", ""label"": ""UNITCALIBRATOR"", ""score"": 0.994183, ""start"": 65, ""end"": 74}]"
81,utt_id_test_000082,VietMed_028,6.0,0.157895,và nó chuyển về tim trở lại để cung cấp chất dinh dưỡng oxy cho khắp cơ thể,6,"[{""text"": ""tim"", ""label"": ""ORGAN"", ""score"": 0.998076, ""start"": 16, ""end"": 19}, {""text"": ""cấp"", ""label"": ""PERSONALCARE"", ""score"": 0.223287, ""start"": 36, ""end"": 39}, {""text"": ""chất dinh dưỡng"", ""label"": ""DRUGCHEMICAL"", ""score"": 0.971196, ""start"": 40, ""end"": 55}, {""text"": """", ""label"": ""DRUGCHEMICAL"", ""score"": 0.954551, ""start"": 56, ""end"": 57}, {""text"": ""oxy"", ""label"": ""DRUGCHEMICAL"", ""score"": 0.892583, ""start"": 56, ""end"": 59}, {""text"": ""cơ thể"", ""label"": ""ORGAN"", ""score"": 0.997814, ""start"": 69, ""end"": 75}]"
82,utt_id_test_000083,VietMed_028,6.0,0.269231,như một lý do nào đó trong quá trình máu quay trở về vòng tuần hoàn trong hệ thống tỉnh mạch và tạo thành huyết khối hay còn gọi là gì,5,"[{""text"": ""máu"", ""label"": ""ORGAN"", ""score"": 0.997143, ""start"": 37, ""end"": 40}, {""text"": ""tuần"", ""label"": ""DATETIME"", ""score"": 0.213936, ""start"": 58, ""end"": 62}, {""text"": ""hoàn"", ""label"": ""UNITCALIBRATOR"", ""score"": 0.574325, ""start"": 63, ""end"": 67}, {""text"": ""hệ thống tỉnh mạch"", ""label"": ""ORGAN"", ""score"": 0.888127, ""start"": 74, ""end"": 92}, {""text"": ""huyết"", ""label"": ""ORGAN"", ""score"": 0.997833, ""start"": 106, ""end"": 111}]"
83,utt_id_test_000084,VietMed_028,5.0,0.1875,lây nhiễm như đái tháo đường ung thư tim mạch đột quỵ khô hấp việc nắm bắt được,4,"[{""text"": ""lây nhiễm"", ""label"": ""DISEASESYMTOM"", ""score"": 0.950712, ""start"": 0, ""end"": 9}, {""text"": ""đái tháo đường"", ""label"": ""DISEASESYMTOM"", ""score"": 0.998766, ""start"": 14, ""end"": 28}, {""text"": ""ung thư tim mạch"", ""label"": ""DISEASESYMTOM"", ""score"": 0.996449, ""start"": 29, ""end"": 45}, {""text"": ""đột quỵ"", ""label"": ""DISEASESYMTOM"", ""score"": 0.999022, ""start"": 46, ""end"": 53}]"
84,utt_id_test_000085,VietMed_028,7.0,0.2,nguy hiểm này không hoặc ít xảy ra bằng các chiến lược dự phòng cụ thể theo thực trạng bệnh lý của mỗi người với bằng cách nào chúng,2,"[{""text"": ""dự phòng"", ""label"": ""PREVENTIVEMED"", ""score"": 0.986861, ""start"": 55, ""end"": 63}, {""text"": ""bệnh lý"", ""label"": ""DISEASESYMTOM"", ""score"": 0.998319, ""start"": 87, ""end"": 94}]"
85,utt_id_test_000086,VietMed_028,7.0,0.136364,bú ở gân bọc xương đến giờ một năm rồi nó vẫn vậy vậy thì yếu được người thì tôi có bị bệnh,4,"[{""text"": ""gân"", ""label"": ""ORGAN"", ""score"": 0.975917, ""start"": 5, ""end"": 8}, {""text"": ""xương"", ""label"": ""ORGAN"", ""score"": 0.966607, ""start"": 13, ""end"": 18}, {""text"": ""một năm"", ""label"": ""DATETIME"", ""score"": 0.995579, ""start"": 27, ""end"": 34}, {""text"": ""bị bệnh"", ""label"": ""DISEASESYMTOM"", ""score"": 0.998315, ""start"": 84, ""end"": 91}]"
86,utt_id_test_000087,VietMed_028,5.0,0.16,thuật tiêu hóa vì vậy chúng ta cần phải chủ động đề phòng bằng các phương pháp dự phòng để phòng trị,3,"[{""text"": ""đề phòng"", ""label"": ""PREVENTIVEMED"", ""score"": 0.917924, ""start"": 49, ""end"": 57}, {""text"": ""dự phòng"", ""label"": ""PREVENTIVEMED"", ""score"": 0.983737, ""start"": 79, ""end"": 87}, {""text"": ""phòng trị"", ""label"": ""PREVENTIVEMED"", ""score"": 0.847815, ""start"": 91, ""end"": 100}]"
87,utt_id_test_000088,VietMed_028,7.0,0.321429,sói sốt khỏe tổng quát được thiết kế theo ba cấp độ tư dưỡng nâng cao và cao cấp với hại gối chính đã lạc khám,7,"[{""text"": ""sốt"", ""label"": ""DISEASESYMTOM"", ""score"": 0.978251, ""start"": 4, ""end"": 7}, {""text"": ""ba cấp"", ""label"": ""UNITCALIBRATOR"", ""score"": 0.622443, ""start"": 42, ""end"": 48}, {""text"": ""tư dưỡng"", ""label"": ""TREATMENT"", ""score"": 0.683391, ""start"": 52, ""end"": 60}, {""text"": ""cao"", ""label"": ""UNITCALIBRATOR"", ""score"": 0.995635, ""start"": 66, ""end"": 69}, {""text"": ""cao"", ""label"": ""UNITCALIBRATOR"", ""score"": 0.994399, ""start"": 73, ""end"": 76}, {""text"": ""gối"", ""label"": ""ORGAN"", ""score"": 0.992553, ""start"": 89, ""end"": 92}, {""text"": ""khám"", ""label"": ""DIAGNOSTICS"", ""score"": 0.988572, ""start"": 106, ""end"": 110}]"
88,utt_id_test_000089,VietMed_028,6.0,0.185185,bệnh viện sẽ được hiển khi ở bên dưới phòng miêu tả quý vị hãy đang ký theo dõi để có thể hiểu hơn những vài,2,"[{""text"": ""bệnh viện"", ""label"": ""LOCATION"", ""score"": 0.977274, ""start"": 0, ""end"": 9}, {""text"": ""phòng"", ""label"": ""LOCATION"", ""score"": 0.498389, ""start"": 38, ""end"": 43}]"
89,utt_id_test_000090,VietMed_028,6.0,0.105263,khóa thẩm mỹ da liễu thẩm mỹ da tạo hình thẩm mỹ phòng khám quốc tế dịch vụ bảo lãnh viện,7,"[{""text"": ""thẩm mỹ"", ""label"": ""PERSONALCARE"", ""score"": 0.479771, ""start"": 5, ""end"": 12}, {""text"": ""da liễu"", ""label"": ""ORGAN"", ""score"": 0.601969, ""start"": 13, ""end"": 20}, {""text"": ""thẩm mỹ"", ""label"": ""PERSONALCARE"", ""score"": 0.478113, ""start"": 21, ""end"": 28}, {""text"": ""da"", ""label"": ""ORGAN"", ""score"": 0.853041, ""start"": 29, ""end"": 31}, {""text"": ""tạo"", ""label"": ""MEDDEVICETECHNIQUE"", ""score"": 0.454409, ""start"": 32, ""end"": 35}, {""text"": ""hình thẩm mỹ"", ""label"": ""PERSONALCARE"", ""score"": 0.440999, ""start"": 36, ""end"": 48}, {""text"": ""phòng khám quốc tế"", ""label"": ""LOCATION"", ""score"": 0.748077, ""start"": 49, ""end"": 67}]"
90,utt_id_test_000091,VietMed_028,5.0,0.266667,về tim máu di chuyển theo một chiều nói về huyết khối tấn mạch thì nó có thể,4,"[{""text"": ""tim"", ""label"": ""ORGAN"", ""score"": 0.998234, ""start"": 3, ""end"": 6}, {""text"": ""máu"", ""label"": ""ORGAN"", ""score"": 0.993756, ""start"": 7, ""end"": 10}, {""text"": ""huyết"", ""label"": ""ORGAN"", ""score"": 0.998285, ""start"": 43, ""end"": 48}, {""text"": ""mạch"", ""label"": ""ORGAN"", ""score"": 0.997381, ""start"": 58, ""end"": 62}]"
91,utt_id_test_000092,VietMed_028,6.0,0.185185,tỉnh mạch hay không làm sao để tôi tự đánh giá được nguy cơ này cho người nhà của tôi để phòng tránh các nguy,4,"[{""text"": ""mạch"", ""label"": ""ORGAN"", ""score"": 0.993533, ""start"": 5, ""end"": 9}, {""text"": ""đánh giá"", ""label"": ""TREATMENT"", ""score"": 0.992129, ""start"": 38, ""end"": 46}, {""text"": ""nhà"", ""label"": ""LOCATION"", ""score"": 0.969731, ""start"": 74, ""end"": 77}, {""text"": ""phòng tránh"", ""label"": ""PREVENTIVEMED"", ""score"": 0.993173, ""start"": 89, ""end"": 100}]"
92,utt_id_test_000093,VietMed_028,6.0,0.28,giải vệ dự phòng thuyết áp khối tỉnh mạch là rất cần thiết và quan trọng trong đó người bệnh phẫu thuật khác bệnh lý,6,"[{""text"": ""dự phòng"", ""label"": ""PREVENTIVEMED"", ""score"": 0.989343, ""start"": 8, ""end"": 16}, {""text"": ""khối"", ""label"": ""ORGAN"", ""score"": 0.535124, ""start"": 27, ""end"": 31}, {""text"": ""tỉnh"", ""label"": ""DISEASESYMTOM"", ""score"": 0.709816, ""start"": 32, ""end"": 36}, {""text"": ""mạch"", ""label"": ""ORGAN"", ""score"": 0.476926, ""start"": 37, ""end"": 41}, {""text"": ""phẫu thuật"", ""label"": ""SURGERY"", ""score"": 0.9964, ""start"": 93, ""end"": 103}, {""text"": ""bệnh lý"", ""label"": ""DISEASESYMTOM"", ""score"": 0.997581, ""start"": 109, ""end"": 116}]"
93,utt_id_test_000094,VietMed_028,7.0,0.115385,tính mạch nhưng không được chẩn đoán và điều trị vì không có triệu chứng làm sàng và dễ nhầm lẫn với các bệnh khác vậy,4,"[{""text"": ""mạch"", ""label"": ""ORGAN"", ""score"": 0.998349, ""start"": 5, ""end"": 9}, {""text"": ""chẩn đoán"", ""label"": ""DIAGNOSTICS"", ""score"": 0.985942, ""start"": 27, ""end"": 36}, {""text"": ""điều trị"", ""label"": ""TREATMENT"", ""score"": 0.99847, ""start"": 40, ""end"": 48}, {""text"": ""triệu chứng"", ""label"": ""DISEASESYMTOM"", ""score"": 0.998811, ""start"": 61, ""end"": 72}]"
94,utt_id_test_000095,VietMed_028,6.0,0.2,công nghệ tiên tiến cho có trình thực hiện phẫu thuật phẫu thuật làm đẹp và điều trị tối ưu các bệnh lý,6,"[{""text"": ""phẫu thuật"", ""label"": ""SURGERY"", ""score"": 0.996201, ""start"": 43, ""end"": 53}, {""text"": ""phẫu thuật"", ""label"": ""SURGERY"", ""score"": 0.98677, ""start"": 54, ""end"": 64}, {""text"": ""làm đẹp"", ""label"": ""TREATMENT"", ""score"": 0.804131, ""start"": 65, ""end"": 72}, {""text"": ""điều trị"", ""label"": ""TREATMENT"", ""score"": 0.998364, ""start"": 76, ""end"": 84}, {""text"": ""tối"", ""label"": ""DATETIME"", ""score"": 0.990415, ""start"": 85, ""end"": 88}, {""text"": ""bệnh lý"", ""label"": ""DISEASESYMTOM"", ""score"": 0.997892, ""start"": 96, ""end"": 103}]"
95,utt_id_test_000096,VietMed_028,6.0,0.166667,hóa nghiên từ lúc nhập viện là rất cùng quan trọng trong việc giúp người bệnh được bảo vệ toàn diện chánh các biến chứng,2,"[{""text"": ""bảo vệ"", ""label"": ""PREVENTIVEMED"", ""score"": 0.440277, ""start"": 83, ""end"": 89}, {""text"": ""biến chứng"", ""label"": ""DISEASESYMTOM"", ""score"": 0.998899, ""start"": 110, ""end"": 120}]"
96,utt_id_test_000097,VietMed_028,6.0,0.25,về tim sau đó nó sẽ đưa lên phối để nó được trao đổi oxy là trở thành máu,5,"[{""text"": ""tim"", ""label"": ""ORGAN"", ""score"": 0.997903, ""start"": 3, ""end"": 6}, {""text"": ""trao đổi"", ""label"": ""DIAGNOSTICS"", ""score"": 0.837135, ""start"": 44, ""end"": 52}, {""text"": """", ""label"": ""DRUGCHEMICAL"", ""score"": 0.922932, ""start"": 53, ""end"": 54}, {""text"": ""oxy"", ""label"": ""DRUGCHEMICAL"", ""score"": 0.607651, ""start"": 53, ""end"": 56}, {""text"": ""máu"", ""label"": ""ORGAN"", ""score"": 0.99798, ""start"": 70, ""end"": 73}]"
97,utt_id_test_000098,VietMed_028,7.0,0.307692,y tế nối vật tại bệnh viện nha đầu tiên có thể kể đến là các gói tầm sóc sức khỏe tại khoa khắc sức khỏe theo yêu cầu và,3,"[{""text"": ""bệnh viện nha"", ""label"": ""LOCATION"", ""score"": 0.940838, ""start"": 17, ""end"": 30}, {""text"": ""sóc"", ""label"": ""PERSONALCARE"", ""score"": 0.790382, ""start"": 69, ""end"": 72}, {""text"": ""khoa"", ""label"": ""LOCATION"", ""score"": 0.934151, ""start"": 86, ""end"": 90}]"
98,utt_id_test_000099,VietMed_028,7.0,0.103448,cái cầu nhất tuy nhiên quý vị và các bạn cũng không nên quá lo lắng bởi chúng ta hoàn toàn có thể chủ động dự phòng để bệnh lý những,2,"[{""text"": ""dự phòng"", ""label"": ""PREVENTIVEMED"", ""score"": 0.990212, ""start"": 107, ""end"": 115}, {""text"": ""bệnh lý"", ""label"": ""DISEASESYMTOM"", ""score"": 0.998257, ""start"": 119, ""end"": 126}]"
99,utt_id_test_000100,VietMed_028,5.0,0.153846,để đánh giá nguy cơ và xây dựng được chiến lược dự phòng hiệu quả cho người bệnh phẫu thuật tiêu hóa,4,"[{""text"": ""đánh giá nguy cơ"", ""label"": ""DIAGNOSTICS"", ""score"": 0.930218, ""start"": 3, ""end"": 19}, {""text"": ""chiến lược"", ""label"": ""PREVENTIVEMED"", ""score"": 0.782529, ""start"": 37, ""end"": 47}, {""text"": ""dự phòng"", ""label"": ""PREVENTIVEMED"", ""score"": 0.961409, ""start"": 48, ""end"": 56}, {""text"": ""phẫu thuật"", ""label"": ""SURGERY"", ""score"": 0.995999, ""start"": 81, ""end"": 91}]"
100,utt_id_test_000101,VietMed_028,5.0,0.434783,như đôi ngủ chuyên gia như kinh nghiệm trai thiết bị hiện đại phòng giam riêng biệt đảm bảo an,3,"[{""text"": ""chuyên gia"", ""label"": ""OCCUPATION"", ""score"": 0.994048, ""start"": 12, ""end"": 22}, {""text"": ""bị hiện đại"", ""label"": ""MEDDEVICETECHNIQUE"", ""score"": 0.683151, ""start"": 50, ""end"": 61}, {""text"": ""phòng"", ""label"": ""MEDDEVICETECHNIQUE"", ""score"": 0.375396, ""start"": 62, ""end"": 67}]"
101,utt_id_test_000102,VietMed_028,6.0,0.285714,y tế trở thành sản phẩm chủ đạo của ngành di lịch thành phố và không là ngoài xơ hướng đó thì tại bệnh viện đại sĩ,4,"[{""text"": ""thành phố"", ""label"": ""LOCATION"", ""score"": 0.921484, ""start"": 50, ""end"": 59}, {""text"": ""xơ"", ""label"": ""DISEASESYMTOM"", ""score"": 0.711099, ""start"": 78, ""end"": 80}, {""text"": ""bệnh viện"", ""label"": ""LOCATION"", ""score"": 0.967853, ""start"": 98, ""end"": 107}, {""text"": ""đại sĩ"", ""label"": ""LOCATION"", ""score"": 0.8044, ""start"": 108, ""end"": 114}]"
102,utt_id_test_000103,VietMed_028,5.0,0.178571,quý vị đang theo dõi chương trình có thể lắng nghe kỹ hơn cũng như là gửi câu trả lời này của bác sĩ nghe sau đây,1,"[{""text"": ""bác sĩ"", ""label"": ""OCCUPATION"", ""score"": 0.997825, ""start"": 94, ""end"": 100}]"
103,utt_id_test_000104,VietMed_028,7.0,0.222222,quan tâm vì sự an toàn và y tính các chuyên gia của khoa tạo hình thẩm mỹ được đào tạo vài bản dâu kinh nghiệm trong,7,"[{""text"": ""chuyên gia"", ""label"": ""OCCUPATION"", ""score"": 0.988813, ""start"": 37, ""end"": 47}, {""text"": ""khoa"", ""label"": ""LOCATION"", ""score"": 0.803351, ""start"": 52, ""end"": 56}, {""text"": ""tạo"", ""label"": ""OCCUPATION"", ""score"": 0.213534, ""start"": 57, ""end"": 60}, {""text"": ""hình"", ""label"": ""TREATMENT"", ""score"": 0.274071, ""start"": 61, ""end"": 65}, {""text"": ""thẩm"", ""label"": ""OCCUPATION"", ""score"": 0.364563, ""start"": 66, ""end"": 70}, {""text"": ""mỹ"", ""label"": ""TREATMENT"", ""score"": 0.329795, ""start"": 71, ""end"": 73}, {""text"": ""đào tạo"", ""label"": ""TREATMENT"", ""score"": 0.822222, ""start"": 79, ""end"": 86}]"
104,utt_id_test_000105,VietMed_028,6.0,0.321429,của bệnh xuất vịn do đó chúng ta cũng cần có những chiến lực dự phòng hợp lý và để hiểu rõ hơn một quý vị sẽ cục,1,"[{""text"": ""dự phòng"", ""label"": ""PREVENTIVEMED"", ""score"": 0.987911, ""start"": 61, ""end"": 69}]"
105,utt_id_test_000106,VietMed_028,6.0,0.333333,động mạch khối làm máu không lên phổi được để ta đối xây được không có máu trở về tìm bên trái để,4,"[{""text"": ""động mạch"", ""label"": ""ORGAN"", ""score"": 0.994999, ""start"": 0, ""end"": 9}, {""text"": ""máu"", ""label"": ""ORGAN"", ""score"": 0.996559, ""start"": 19, ""end"": 22}, {""text"": ""phổi"", ""label"": ""ORGAN"", ""score"": 0.99583, ""start"": 33, ""end"": 37}, {""text"": ""không có máu"", ""label"": ""DISEASESYMTOM"", ""score"": 0.949969, ""start"": 62, ""end"": 74}]"
106,utt_id_test_000107,VietMed_028,6.0,0.28125,rằng là có rất nhiều những trường hợp mà người bệnh mắc huyết áp huyết khối tỉnh mạch nhưng mà không được chẩn ván và điều trị các,6,"[{""text"": ""rất nhiều"", ""label"": ""UNITCALIBRATOR"", ""score"": 0.994482, ""start"": 11, ""end"": 20}, {""text"": ""huyết áp"", ""label"": ""DISEASESYMTOM"", ""score"": 0.996717, ""start"": 56, ""end"": 64}, {""text"": ""huyết khối"", ""label"": ""DISEASESYMTOM"", ""score"": 0.983426, ""start"": 65, ""end"": 75}, {""text"": ""mạch"", ""label"": ""ORGAN"", ""score"": 0.990284, ""start"": 81, ""end"": 85}, {""text"": ""chẩn ván"", ""label"": ""DIAGNOSTICS"", ""score"": 0.824051, ""start"": 106, ""end"": 114}, {""text"": ""điều trị"", ""label"": ""TREATMENT"", ""score"": 0.997993, ""start"": 118, ""end"": 126}]"
107,utt_id_test_000108,VietMed_028,7.0,0.266667,chuyển lượng máu đã trao đổi ở mô và tế bào quay trở lại vòng tân hoàng để tiếp tục quay trở về tim viêm xương,6,"[{""text"": ""máu"", ""label"": ""ORGAN"", ""score"": 0.996308, ""start"": 13, ""end"": 16}, {""text"": ""mô"", ""label"": ""ORGAN"", ""score"": 0.997124, ""start"": 31, ""end"": 33}, {""text"": ""tế bào"", ""label"": ""ORGAN"", ""score"": 0.998009, ""start"": 37, ""end"": 43}, {""text"": ""tim"", ""label"": ""ORGAN"", ""score"": 0.99802, ""start"": 96, ""end"": 99}, {""text"": ""viêm"", ""label"": ""DISEASESYMTOM"", ""score"": 0.998007, ""start"": 100, ""end"": 104}, {""text"": ""xương"", ""label"": ""ORGAN"", ""score"": 0.749874, ""start"": 105, ""end"": 110}]"
108,utt_id_test_000109,VietMed_028,8.0,0.157895,liên quan đến tạo hình thẩm mỹ cho khách hàng thưa quý vị với các lợi thế về phát triển,1,"[{""text"": ""tạo hình thẩm mỹ"", ""label"": ""PERSONALCARE"", ""score"": 0.743357, ""start"": 14, ""end"": 30}]"
109,utt_id_test_000110,VietMed_028,5.0,0.076923,ta trải qua gần hết thời gian của chương trình rồi và bây giờ chỉ còn thời lượng đủ để cho một câu hỏi cuối cùng,2,"[{""text"": ""thời gian"", ""label"": ""DATETIME"", ""score"": 0.99628, ""start"": 20, ""end"": 29}, {""text"": ""bây giờ"", ""label"": ""DATETIME"", ""score"": 0.996433, ""start"": 54, ""end"": 61}]"
110,utt_id_test_000111,VietMed_028,6.0,0.32,thuyên tắc vi khối tỉnh mạch tại việt nam bệnh vi khối tỉnh mạch là bệnh mạch máu thường gặp chỉ sau 2 mươi,6,"[{""text"": ""thuyên tắc vi khối tỉnh"", ""label"": ""DISEASESYMTOM"", ""score"": 0.980796, ""start"": 0, ""end"": 23}, {""text"": ""mạch"", ""label"": ""ORGAN"", ""score"": 0.678886, ""start"": 24, ""end"": 28}, {""text"": ""việt nam"", ""label"": ""LOCATION"", ""score"": 0.982441, ""start"": 33, ""end"": 41}, {""text"": ""bệnh vi khối tỉnh mạch"", ""label"": ""DISEASESYMTOM"", ""score"": 0.864689, ""start"": 42, ""end"": 64}, {""text"": ""bệnh mạch máu"", ""label"": ""DISEASESYMTOM"", ""score"": 0.996612, ""start"": 68, ""end"": 81}, {""text"": ""2 mươi"", ""label"": ""DATETIME"", ""score"": 0.657559, ""start"": 101, ""end"": 107}]"
111,utt_id_test_000112,VietMed_028,7.0,0.28,khi phang ạ khi phang có hỏi là bác sĩ cho tôi hỏi người đã từng điều trị khỏi bệnh thuyên tắc huyết khối tỉnh mạch có khả năng để,8,"[{""text"": ""phang"", ""label"": ""DISEASESYMTOM"", ""score"": 0.697946, ""start"": 4, ""end"": 9}, {""text"": ""p"", ""label"": ""DISEASESYMTOM"", ""score"": 0.614863, ""start"": 16, ""end"": 17}, {""text"": ""bác sĩ"", ""label"": ""OCCUPATION"", ""score"": 0.997748, ""start"": 32, ""end"": 38}, {""text"": ""điều trị"", ""label"": ""TREATMENT"", ""score"": 0.998383, ""start"": 65, ""end"": 73}, {""text"": ""thuyên tắc"", ""label"": ""DISEASESYMTOM"", ""score"": 0.938227, ""start"": 84, ""end"": 94}, {""text"": ""huyết"", ""label"": ""ORGAN"", ""score"": 0.886589, ""start"": 95, ""end"": 100}, {""text"": ""khối"", ""label"": ""DISEASESYMTOM"", ""score"": 0.865428, ""start"": 101, ""end"": 105}, {""text"": ""mạch"", ""label"": ""ORGAN"", ""score"": 0.825543, ""start"": 111, ""end"": 115}]"
112,utt_id_test_000113,VietMed_028,6.0,0.26087,phương pháp nào cảm ơn khoảng chia sẻ của bác sĩ vừa rồi và chúng ta vẫn sẽ tiếp tục chương trình ngay,1,"[{""text"": ""bác sĩ"", ""label"": ""OCCUPATION"", ""score"": 0.99792, ""start"": 42, ""end"": 48}]"
113,utt_id_test_000114,VietMed_028,5.0,0.32,đó thì thuyên tắc khối tỉnh mạch là nguyên nhân ghi tử vong hàng thứ hai ở các bệnh lý,4,"[{""text"": ""yên tắc khối tỉnh mạch"", ""label"": ""DISEASESYMTOM"", ""score"": 0.86805, ""start"": 10, ""end"": 32}, {""text"": ""tử vong"", ""label"": ""DISEASESYMTOM"", ""score"": 0.998491, ""start"": 52, ""end"": 59}, {""text"": ""hàng thứ hai"", ""label"": ""UNITCALIBRATOR"", ""score"": 0.992149, ""start"": 60, ""end"": 72}, {""text"": ""bệnh lý"", ""label"": ""DISEASESYMTOM"", ""score"": 0.998498, ""start"": 79, ""end"": 86}]"
114,utt_id_test_000115,VietMed_028,6.0,0.263158,khám tầm soát các bệnh lý khám tầm soát các loại ung thư và khám tư vấn di truyền các ưu điểm nổi bổ,9,"[{""text"": ""khám"", ""label"": ""DIAGNOSTICS"", ""score"": 0.967691, ""start"": 0, ""end"": 4}, {""text"": ""tầm soát"", ""label"": ""PREVENTIVEMED"", ""score"": 0.846219, ""start"": 5, ""end"": 13}, {""text"": ""bệnh lý"", ""label"": ""DISEASESYMTOM"", ""score"": 0.988617, ""start"": 18, ""end"": 25}, {""text"": ""khám"", ""label"": ""DIAGNOSTICS"", ""score"": 0.980534, ""start"": 26, ""end"": 30}, {""text"": ""tầm soát"", ""label"": ""PREVENTIVEMED"", ""score"": 0.944869, ""start"": 31, ""end"": 39}, {""text"": ""ung thư"", ""label"": ""DISEASESYMTOM"", ""score"": 0.998568, ""start"": 49, ""end"": 56}, {""text"": ""khám"", ""label"": ""DIAGNOSTICS"", ""score"": 0.974329, ""start"": 60, ""end"": 64}, {""text"": ""tư vấn"", ""label"": ""PERSONALCARE"", ""score"": 0.800437, ""start"": 65, ""end"": 71}, {""text"": ""di truyền"", ""label"": ""DISEASESYMTOM"", ""score"": 0.303247, ""start"": 72, ""end"": 81}]"
115,utt_id_test_000116,VietMed_028,7.0,0.266667,mọi thắt mấp của quý khán giả với mục tiêu hàng đầu là trang vị cho mỗi cá nhân những chiến thức để có thể tự bào,3,"[{""text"": ""th"", ""label"": ""ORGAN"", ""score"": 0.980058, ""start"": 4, ""end"": 6}, {""text"": ""ắt mấ"", ""label"": ""ORGAN"", ""score"": 0.795482, ""start"": 6, ""end"": 11}, {""text"": ""khán giả"", ""label"": ""OCCUPATION"", ""score"": 0.989209, ""start"": 21, ""end"": 29}]"
116,utt_id_test_000117,VietMed_028,6.0,0.153846,những nguy hiểm của bệnh lý huyết khối gây ra tuy nhiên nguy cơ thuyên tắc huyết khối tỉnh mạch có thể phẫn còn sấu khi người,4,"[{""text"": ""bệnh lý"", ""label"": ""DISEASESYMTOM"", ""score"": 0.997791, ""start"": 20, ""end"": 27}, {""text"": ""huyết khối"", ""label"": ""ORGAN"", ""score"": 0.948623, ""start"": 28, ""end"": 38}, {""text"": ""huyết khối"", ""label"": ""ORGAN"", ""score"": 0.949059, ""start"": 75, ""end"": 85}, {""text"": ""mạch"", ""label"": ""ORGAN"", ""score"": 0.997313, ""start"": 91, ""end"": 95}]"
117,utt_id_test_000118,VietMed_028,5.0,0.444444,dành cho các yếu cách muốn chảy nghiệm loại hình viên lịch y tế và không chỉ phù hợp là,1,"[{""text"": ""viên lịch y tế"", ""label"": ""MEDDEVICETECHNIQUE"", ""score"": 0.967633, ""start"": 49, ""end"": 63}]"
118,utt_id_test_000119,VietMed_028,6.0,0.259259,chứng thích cơ bản về bệnh lý để chăm sóc đúng cách và khoa hồng có phần hỗ trợ nâng cao hiệu quả trong quá trình điều trị,5,"[{""text"": ""bệnh lý"", ""label"": ""DISEASESYMTOM"", ""score"": 0.996867, ""start"": 22, ""end"": 29}, {""text"": ""chăm sóc"", ""label"": ""PERSONALCARE"", ""score"": 0.983182, ""start"": 33, ""end"": 41}, {""text"": ""hỗ trợ"", ""label"": ""MEDDEVICETECHNIQUE"", ""score"": 0.992593, ""start"": 73, ""end"": 79}, {""text"": ""cao"", ""label"": ""UNITCALIBRATOR"", ""score"": 0.996016, ""start"": 85, ""end"": 88}, {""text"": ""điều trị"", ""label"": ""TREATMENT"", ""score"": 0.998347, ""start"": 114, ""end"": 122}]"
119,utt_id_test_000120,VietMed_028,5.0,0.111111,đặc biệt trên nhóm ung thư tiêu hóa cần lưu ý để nhận biết nguy cơ sớm trở nên,1,"[{""text"": ""ung thư tiêu hóa"", ""label"": ""DISEASESYMTOM"", ""score"": 0.998085, ""start"": 19, ""end"": 35}]"
120,utt_id_test_000121,VietMed_028,5.0,0.105263,hay đỏ da vân vân thì có thể những trường hợp ví dụ như bệnh nhân đau trang,4,"[{""text"": ""đỏ"", ""label"": ""DISEASESYMTOM"", ""score"": 0.73388, ""start"": 4, ""end"": 6}, {""text"": ""da"", ""label"": ""ORGAN"", ""score"": 0.99367, ""start"": 7, ""end"": 9}, {""text"": ""bệnh nhân"", ""label"": ""OCCUPATION"", ""score"": 0.997584, ""start"": 56, ""end"": 65}, {""text"": ""đau"", ""label"": ""DISEASESYMTOM"", ""score"": 0.998229, ""start"": 66, ""end"": 69}]"
121,utt_id_test_000122,VietMed_028,6.0,0.26087,có khả năng mắc thuyên tác huyết khối tỉnh mạch hay không và có phải người bệnh chảy khoa phẫu thuật tiêu hóa,4,"[{""text"": ""huyết"", ""label"": ""ORGAN"", ""score"": 0.991383, ""start"": 27, ""end"": 32}, {""text"": ""mạch"", ""label"": ""ORGAN"", ""score"": 0.983214, ""start"": 43, ""end"": 47}, {""text"": ""chảy khoa"", ""label"": ""DISEASESYMTOM"", ""score"": 0.82688, ""start"": 80, ""end"": 89}, {""text"": ""phẫu thuật"", ""label"": ""SURGERY"", ""score"": 0.996666, ""start"": 90, ""end"": 100}]"
122,utt_id_test_000123,VietMed_028,7.0,0.259259,dạ về thuyên tắc huyết khối tỉnh mạch cũng như nhận biết được nguy cơ và dự phòng bệnh hiệu quả thưa quý vị trước khi bắt đầu,3,"[{""text"": ""thuyên tắc huyết khối"", ""label"": ""DISEASESYMTOM"", ""score"": 0.831961, ""start"": 6, ""end"": 27}, {""text"": ""mạch"", ""label"": ""ORGAN"", ""score"": 0.997141, ""start"": 33, ""end"": 37}, {""text"": ""dự phòng"", ""label"": ""PREVENTIVEMED"", ""score"": 0.98345, ""start"": 73, ""end"": 81}]"
123,utt_id_test_000124,VietMed_028,7.0,0.4,trị kịp thời thuyên tóc với khối tỉnh mạch có thể xảy ra với bất kỳ ai ở bức kỳ đồ tuổi nào trong đó có người bệnh với,3,"[{""text"": ""kịp thời"", ""label"": ""DATETIME"", ""score"": 0.992851, ""start"": 4, ""end"": 12}, {""text"": ""tóc"", ""label"": ""ORGAN"", ""score"": 0.985731, ""start"": 20, ""end"": 23}, {""text"": ""khối tỉnh mạch"", ""label"": ""ORGAN"", ""score"": 0.72935, ""start"": 28, ""end"": 42}]"
124,utt_id_test_000125,VietMed_028,7.0,0.259259,bác sĩ và thưa quý vị chúng ta có thể thấy huyết tắc huyết khối tỉnh mạch là căn bệnh tìm ẩn khá thường gặp và có thể,3,"[{""text"": ""bác sĩ"", ""label"": ""OCCUPATION"", ""score"": 0.997964, ""start"": 0, ""end"": 6}, {""text"": ""huyết tắc huyết khối"", ""label"": ""DISEASESYMTOM"", ""score"": 0.990894, ""start"": 43, ""end"": 63}, {""text"": ""mạch"", ""label"": ""ORGAN"", ""score"": 0.995533, ""start"": 69, ""end"": 73}]"
125,utt_id_test_000126,VietMed_028,7.0,0.24,tiếp theo là các dịch vụ tại khoa phẫu thuật hạ mặt răng hạ mặt khoa đã phát huy thế mạnh phối hợp đa chương khoa trong điều,5,"[{""text"": ""khoa"", ""label"": ""LOCATION"", ""score"": 0.922382, ""start"": 29, ""end"": 33}, {""text"": ""phẫu thuật"", ""label"": ""SURGERY"", ""score"": 0.995802, ""start"": 34, ""end"": 44}, {""text"": ""mặt"", ""label"": ""ORGAN"", ""score"": 0.441333, ""start"": 48, ""end"": 51}, {""text"": ""răng"", ""label"": ""ORGAN"", ""score"": 0.945499, ""start"": 52, ""end"": 56}, {""text"": ""mặt"", ""label"": ""ORGAN"", ""score"": 0.958761, ""start"": 60, ""end"": 63}]"
126,utt_id_test_000127,VietMed_028,7.0,0.178571,cơ cao hay không về thì xin hỏi bác sĩ tôi có thể chủ động đề nghỉ bác sĩ dự phòng thuyên tắc huyết khối tỉnh mạch cho tôi được,8,"[{""text"": ""cơ"", ""label"": ""ORGAN"", ""score"": 0.98566, ""start"": 0, ""end"": 2}, {""text"": ""cao"", ""label"": ""UNITCALIBRATOR"", ""score"": 0.99335, ""start"": 3, ""end"": 6}, {""text"": ""bác sĩ"", ""label"": ""OCCUPATION"", ""score"": 0.997957, ""start"": 32, ""end"": 38}, {""text"": ""bác sĩ"", ""label"": ""OCCUPATION"", ""score"": 0.997903, ""start"": 67, ""end"": 73}, {""text"": ""dự phòng"", ""label"": ""PREVENTIVEMED"", ""score"": 0.988386, ""start"": 74, ""end"": 82}, {""text"": ""yên"", ""label"": ""PREVENTIVEMED"", ""score"": 0.422538, ""start"": 86, ""end"": 89}, {""text"": ""tắc huyết khối"", ""label"": ""DISEASESYMTOM"", ""score"": 0.851239, ""start"": 90, ""end"": 104}, {""text"": ""mạch"", ""label"": ""ORGAN"", ""score"": 0.977061, ""start"": 110, ""end"": 114}]"
127,utt_id_test_000128,VietMed_015,6.0,0.2,như là một cái quen riêng thôi trong người nó cũng rất là là dễ sử dụng một cái,0,[]
128,utt_id_test_000129,VietMed_015,5.0,0.173913,hoạt với hoàn cảnh kinh tế của từng người trong đó thì đặt vòng là một trong những phương pháp tránh khai tạm thời,0,[]
129,utt_id_test_000130,VietMed_015,8.0,0.2,sạc kinh rồi thì mình sẽ đặt vòng sau sạc kinh từ ba đến năm ngày mà chưa quan hệ vâng thế còn,8,"[{""text"": ""s"", ""label"": ""DISEASESYMTOM"", ""score"": 0.323965, ""start"": 0, ""end"": 1}, {""text"": ""ạc"", ""label"": ""DIAGNOSTICS"", ""score"": 0.321345, ""start"": 1, ""end"": 3}, {""text"": ""kinh"", ""label"": ""DISEASESYMTOM"", ""score"": 0.73653, ""start"": 4, ""end"": 8}, {""text"": ""s"", ""label"": ""DIAGNOSTICS"", ""score"": 0.577139, ""start"": 38, ""end"": 39}, {""text"": ""ạc"", ""label"": ""DIAGNOSTICS"", ""score"": 0.427964, ""start"": 39, ""end"": 41}, {""text"": ""kinh"", ""label"": ""DISEASESYMTOM"", ""score"": 0.429512, ""start"": 42, ""end"": 46}, {""text"": ""ba đến năm ngày"", ""label"": ""DATETIME"", ""score"": 0.980249, ""start"": 50, ""end"": 65}, {""text"": ""quan hệ"", ""label"": ""DISEASESYMTOM"", ""score"": 0.980248, ""start"": 74, ""end"": 81}]"
130,utt_id_test_000131,VietMed_015,7.0,0.35,thế còn yêu điểm tiếp theo của cái quay sánh thai là vị trí cấy thì là khín đáo quay,1,"[{""text"": ""cấy"", ""label"": ""SURGERY"", ""score"": 0.867131, ""start"": 60, ""end"": 63}]"
131,utt_id_test_000132,VietMed_015,7.0,0.263158,tìm nếu đạt vòng mà mình đang ở trong tình trạng viêm bộ phận sinh dục thì sẽ không được điều,1,"[{""text"": ""viêm bộ phận sinh dục"", ""label"": ""DISEASESYMTOM"", ""score"": 0.966232, ""start"": 49, ""end"": 70}]"
132,utt_id_test_000133,VietMed_015,7.0,0.064516,các chị em phụ nữ thì chúng ta hoàn toàn có thể yên tâm nếu khi mà chúng ta biết lựa chọn được một cái cơ sở y tế,5,"[{""text"": ""chị"", ""label"": ""GENDER"", ""score"": 0.867711, ""start"": 4, ""end"": 7}, {""text"": ""em"", ""label"": ""GENDER"", ""score"": 0.235919, ""start"": 8, ""end"": 10}, {""text"": ""phụ"", ""label"": ""GENDER"", ""score"": 0.810756, ""start"": 11, ""end"": 14}, {""text"": ""nữ"", ""label"": ""OCCUPATION"", ""score"": 0.244701, ""start"": 15, ""end"": 17}, {""text"": ""cơ sở y tế"", ""label"": ""MEDDEVICETECHNIQUE"", ""score"": 0.582403, ""start"": 103, ""end"": 113}]"
133,utt_id_test_000134,VietMed_015,9.0,0.096774,được đảm bảo cũng như là cái trình độ kỹ thuật của các bác sĩ để mình thực hiện bởi vì vòng của chị đặt cũng khá lâu so mới lại,2,"[{""text"": ""bác sĩ"", ""label"": ""OCCUPATION"", ""score"": 0.997825, ""start"": 55, ""end"": 61}, {""text"": ""chị"", ""label"": ""GENDER"", ""score"": 0.95868, ""start"": 96, ""end"": 99}]"
134,utt_id_test_000135,VietMed_015,6.0,0.133333,khuyên bạn đến đến cơ sở y tế để được bác sĩ khám tư vấn và,4,"[{""text"": ""cơ sở y tế"", ""label"": ""LOCATION"", ""score"": 0.568657, ""start"": 19, ""end"": 29}, {""text"": ""bác sĩ"", ""label"": ""OCCUPATION"", ""score"": 0.997863, ""start"": 38, ""end"": 44}, {""text"": ""khám"", ""label"": ""DIAGNOSTICS"", ""score"": 0.805475, ""start"": 45, ""end"": 49}, {""text"": ""tư vấn"", ""label"": ""PERSONALCARE"", ""score"": 0.981638, ""start"": 50, ""end"": 56}]"
135,utt_id_test_000136,VietMed_015,7.0,0.117647,cho tự hiệu quả và an toàn thì chúng ta phải được bác sĩ chuyên khoa khám tư vấn,2,"[{""text"": ""bác sĩ chuyên khoa khám"", ""label"": ""OCCUPATION"", ""score"": 0.995329, ""start"": 50, ""end"": 73}, {""text"": ""tư vấn"", ""label"": ""PERSONALCARE"", ""score"": 0.99233, ""start"": 74, ""end"": 80}]"
136,utt_id_test_000137,VietMed_015,7.0,0.333333,chưa sinh con và cũng không áp dụng hiện pháp này vâng đấy là về cái chế độ,1,"[{""text"": ""sinh con"", ""label"": ""DISEASESYMTOM"", ""score"": 0.348668, ""start"": 5, ""end"": 13}]"
137,utt_id_test_000138,VietMed_015,8.0,0.241379,đòng chánh thai thì cũng khá hợp lý và phù hợp với đại đa số các chị em đấy là về cái ưu điểm của đoạn chánh thai còn với đại,5,"[{""text"": ""chánh thai"", ""label"": ""ORGAN"", ""score"": 0.894469, ""start"": 5, ""end"": 15}, {""text"": ""chị"", ""label"": ""GENDER"", ""score"": 0.912767, ""start"": 65, ""end"": 68}, {""text"": ""em"", ""label"": ""GENDER"", ""score"": 0.392945, ""start"": 69, ""end"": 71}, {""text"": ""chán"", ""label"": ""ORGAN"", ""score"": 0.875648, ""start"": 103, ""end"": 107}, {""text"": ""thai"", ""label"": ""ORGAN"", ""score"": 0.896185, ""start"": 109, ""end"": 113}]"
138,utt_id_test_000139,VietMed_015,5.0,0.074074,chính thì chắc chắn là chị em cũng cho mình được rất là nhiều những cái kiến thức và đặc biệt là biết được là mình đã,2,"[{""text"": ""chị"", ""label"": ""GENDER"", ""score"": 0.932919, ""start"": 23, ""end"": 26}, {""text"": ""em"", ""label"": ""GENDER"", ""score"": 0.366866, ""start"": 27, ""end"": 29}]"
139,utt_id_test_000140,VietMed_015,6.0,0.294118,đưa dụng cụ tránh thai vào trong buồng từ cung có tác dụng là ngân cho tinh trùng,3,"[{""text"": ""dụng cụ tránh thai"", ""label"": ""MEDDEVICETECHNIQUE"", ""score"": 0.931871, ""start"": 4, ""end"": 22}, {""text"": ""buồng từ cung"", ""label"": ""ORGAN"", ""score"": 0.903538, ""start"": 33, ""end"": 46}, {""text"": ""tinh trùng"", ""label"": ""ORGAN"", ""score"": 0.623222, ""start"": 71, ""end"": 81}]"
140,utt_id_test_000141,VietMed_015,5.0,0.16,sua hay thuốc chấn thai vậy thì lúc này thì đặt vòng có phải là một cái phương pháp thích hợp không ạ,2,"[{""text"": ""thuốc"", ""label"": ""DRUGCHEMICAL"", ""score"": 0.996315, ""start"": 8, ""end"": 13}, {""text"": ""chấn thai"", ""label"": ""DISEASESYMTOM"", ""score"": 0.691153, ""start"": 14, ""end"": 23}]"
141,utt_id_test_000142,VietMed_015,7.0,0.346154,khoa ví dụ như uv nang một chứng u xơ thực công hoặc là da máu bất thường đường sinh dục còn với những cái,4,"[{""text"": ""uv nang"", ""label"": ""DISEASESYMTOM"", ""score"": 0.881139, ""start"": 15, ""end"": 22}, {""text"": ""u xơ thực công"", ""label"": ""DISEASESYMTOM"", ""score"": 0.966208, ""start"": 33, ""end"": 47}, {""text"": ""da máu"", ""label"": ""ORGAN"", ""score"": 0.993453, ""start"": 56, ""end"": 62}, {""text"": ""đường sinh dục"", ""label"": ""ORGAN"", ""score"": 0.989879, ""start"": 74, ""end"": 88}]"
142,utt_id_test_000143,VietMed_015,7.0,0.5,chuy định của đạt vòng còn với trường hợp mà quý quê thì cũng giống như là đạt vòng và,0,[]
143,utt_id_test_000144,VietMed_015,6.0,0.473684,nói nè khi mà mặt vòng với thì sẽ đau mụn rồi là ngày trinh cháo dài trong,3,"[{""text"": ""mặt"", ""label"": ""ORGAN"", ""score"": 0.981336, ""start"": 14, ""end"": 17}, {""text"": ""đau"", ""label"": ""DISEASESYMTOM"", ""score"": 0.998502, ""start"": 34, ""end"": 37}, {""text"": ""mụn"", ""label"": ""DISEASESYMTOM"", ""score"": 0.992638, ""start"": 38, ""end"": 41}]"
144,utt_id_test_000145,VietMed_015,8.0,0.15,lần là bao nhiêu lâu và mỗi một chu kỳ thì có bao nhiêu ngày và kéo dài một,0,[]
145,utt_id_test_000146,VietMed_015,5.0,0.736842,là tôi coi sáng hay con người uống cho em không không được sinh hoạt em vẫn quên có vấn đề,0,[]
146,utt_id_test_000147,VietMed_015,7.0,0.185185,hợp thì có thể gây rất là nhiều vấn đề bên trong của mình và vác sĩ thư vấn giúp trường hợp này ạ vâng xin,1,"[{""text"": ""ác sĩ"", ""label"": ""OCCUPATION"", ""score"": 0.986156, ""start"": 62, ""end"": 67}]"
147,utt_id_test_000148,VietMed_015,6.0,0.142857,có gây ra các cái tuốc tác dụng phụ gì hay không và ảnh hưởng tới sức khỏe như thế nào cũng như là rất nhiều các,2,"[{""text"": ""tác dụng phụ"", ""label"": ""DISEASESYMTOM"", ""score"": 0.998792, ""start"": 23, ""end"": 35}, {""text"": ""rất nhiều"", ""label"": ""UNITCALIBRATOR"", ""score"": 0.994643, ""start"": 99, ""end"": 108}]"
148,utt_id_test_000149,VietMed_015,6.0,0.538462,những cái khu vực ngoài từ cung vượt như là bằng quốc gia,0,[]
149,utt_id_test_000150,VietMed_015,8.0,0.185185,dây vòng thì có tác dụng là sau khi chị em thực hiện cái biện xác đặt vòng trong bường từ cung thì có tác dụng thứ nhất là,5,"[{""text"": ""dây vòng"", ""label"": ""ORGAN"", ""score"": 0.875966, ""start"": 0, ""end"": 8}, {""text"": ""chị"", ""label"": ""GENDER"", ""score"": 0.901975, ""start"": 36, ""end"": 39}, {""text"": ""em"", ""label"": ""GENDER"", ""score"": 0.416046, ""start"": 40, ""end"": 42}, {""text"": ""cung"", ""label"": ""ORGAN"", ""score"": 0.993174, ""start"": 90, ""end"": 94}, {""text"": ""thứ nhất"", ""label"": ""UNITCALIBRATOR"", ""score"": 0.996149, ""start"": 111, ""end"": 119}]"
150,utt_id_test_000151,VietMed_015,7.0,0.176471,em sinh mổ được hai tháng thì đi cái quen tránh thai nhưng giờ em vẫn có thể,4,"[{""text"": ""mổ"", ""label"": ""SURGERY"", ""score"": 0.910627, ""start"": 8, ""end"": 10}, {""text"": ""hai tháng"", ""label"": ""DATETIME"", ""score"": 0.988495, ""start"": 16, ""end"": 25}, {""text"": ""tránh"", ""label"": ""DIAGNOSTICS"", ""score"": 0.314958, ""start"": 42, ""end"": 47}, {""text"": ""thai"", ""label"": ""DISEASESYMTOM"", ""score"": 0.367892, ""start"": 48, ""end"": 52}]"
151,utt_id_test_000152,VietMed_015,10.0,0.107143,thì khi anh sử dụng cái biện pháp này thì gần như anh không phải nhớ anh chỉ nhớ là đến ba năm mình phải đến để coi,4,"[{""text"": ""anh"", ""label"": ""GENDER"", ""score"": 0.977689, ""start"": 8, ""end"": 11}, {""text"": ""anh"", ""label"": ""GENDER"", ""score"": 0.978114, ""start"": 50, ""end"": 53}, {""text"": ""anh"", ""label"": ""GENDER"", ""score"": 0.97834, ""start"": 69, ""end"": 72}, {""text"": ""ba năm"", ""label"": ""DATETIME"", ""score"": 0.995061, ""start"": 88, ""end"": 94}]"
152,utt_id_test_000153,VietMed_015,7.0,0.1,cảm ơn câu hỏi của bạn thứ nhất là bạn sinh em bé bây giờ được sáu tháng mỗi,4,"[{""text"": ""thứ nhất"", ""label"": ""UNITCALIBRATOR"", ""score"": 0.996098, ""start"": 23, ""end"": 31}, {""text"": ""em bé"", ""label"": ""AGE"", ""score"": 0.667772, ""start"": 44, ""end"": 49}, {""text"": ""bây giờ"", ""label"": ""DATETIME"", ""score"": 0.994445, ""start"": 50, ""end"": 57}, {""text"": ""sáu tháng"", ""label"": ""DATETIME"", ""score"": 0.983028, ""start"": 63, ""end"": 72}]"
153,utt_id_test_000154,VietMed_015,5.0,0.5,cái quay cái chặt tóm thì hiện tại em đang sử dụng cái,0,[]
154,utt_id_test_000155,VietMed_015,9.0,0.272727,bạn muốn sử dụng thì khuyên bạn nên đến cơ sở y tế có y tín có bác sĩ chuyên khoa,3,"[{""text"": ""cơ sở"", ""label"": ""LOCATION"", ""score"": 0.507801, ""start"": 40, ""end"": 45}, {""text"": ""y tế"", ""label"": ""ORGANIZATION"", ""score"": 0.419709, ""start"": 46, ""end"": 50}, {""text"": ""bác sĩ chuyên khoa"", ""label"": ""OCCUPATION"", ""score"": 0.99698, ""start"": 63, ""end"": 81}]"
155,utt_id_test_000156,VietMed_015,6.0,0.238095,vâng ạ và bạn đã có hành kinh trở lại từ hồi mấy ba tháng vâng kinh ngực của bạn đều,3,"[{""text"": ""hành kinh"", ""label"": ""DISEASESYMTOM"", ""score"": 0.998131, ""start"": 20, ""end"": 29}, {""text"": ""ba tháng"", ""label"": ""DATETIME"", ""score"": 0.993779, ""start"": 49, ""end"": 57}, {""text"": ""ngực"", ""label"": ""ORGAN"", ""score"": 0.997078, ""start"": 68, ""end"": 72}]"
156,utt_id_test_000157,VietMed_015,5.0,0.117647,người ta một pha nó sẽ không ảnh hưởng đến lượng sữa cũng như là ảnh hưởng đến,1,"[{""text"": ""sữa"", ""label"": ""FOODDRINK"", ""score"": 0.987174, ""start"": 49, ""end"": 52}]"
157,utt_id_test_000158,VietMed_015,7.0,0.15,ngay để bác sĩ khám và tư vấn có tiếp tục dùng miệng sáp này nữa hay không thế có,6,"[{""text"": ""bác sĩ"", ""label"": ""OCCUPATION"", ""score"": 0.997996, ""start"": 8, ""end"": 14}, {""text"": ""khám"", ""label"": ""DIAGNOSTICS"", ""score"": 0.932518, ""start"": 15, ""end"": 19}, {""text"": ""tư vấn"", ""label"": ""PERSONALCARE"", ""score"": 0.991717, ""start"": 23, ""end"": 29}, {""text"": ""miệng"", ""label"": ""ORGAN"", ""score"": 0.996804, ""start"": 47, ""end"": 52}, {""text"": ""s"", ""label"": ""FOODDRINK"", ""score"": 0.381844, ""start"": 53, ""end"": 54}, {""text"": ""áp"", ""label"": ""MEDDEVICETECHNIQUE"", ""score"": 0.286928, ""start"": 54, ""end"": 56}]"
158,utt_id_test_000159,VietMed_015,7.0,0.055556,với trường hợp của bạn thì tốt nhất là bạn nên đến cơ sở y tế để được khám,3,"[{""text"": ""cơ"", ""label"": ""LOCATION"", ""score"": 0.464277, ""start"": 51, ""end"": 53}, {""text"": ""sở y tế"", ""label"": ""ORGANIZATION"", ""score"": 0.44806, ""start"": 54, ""end"": 61}, {""text"": ""khám"", ""label"": ""DIAGNOSTICS"", ""score"": 0.988439, ""start"": 70, ""end"": 74}]"
159,utt_id_test_000160,VietMed_015,7.0,0.125,dưỡng phụ nữ chưa từng kết hôn chưa sinh con thế do đó nếu mà bạn muốn thì,4,"[{""text"": ""phụ"", ""label"": ""GENDER"", ""score"": 0.468937, ""start"": 6, ""end"": 9}, {""text"": ""nữ"", ""label"": ""OCCUPATION"", ""score"": 0.359203, ""start"": 10, ""end"": 12}, {""text"": ""kết hôn"", ""label"": ""DISEASESYMTOM"", ""score"": 0.716926, ""start"": 23, ""end"": 30}, {""text"": ""sinh con"", ""label"": ""DISEASESYMTOM"", ""score"": 0.699346, ""start"": 36, ""end"": 44}]"
160,utt_id_test_000161,VietMed_015,5.0,0.235294,tất cả các dấu hiệu trong giới hạn bình thường nghĩa là bạn không có những cái,0,[]
161,utt_id_test_000162,VietMed_015,6.0,0.357143,phương pháp này tiếp theo là mình đang ra máu cái này,1,"[{""text"": ""ra máu"", ""label"": ""DISEASESYMTOM"", ""score"": 0.996419, ""start"": 39, ""end"": 45}]"
162,utt_id_test_000163,VietMed_015,5.0,0.473684,và các biện pháp khác như là đặt vòng để dùng bao có xu và bệnh,0,[]
163,utt_id_test_000164,VietMed_015,8.0,0.238095,phương pháp suyễn thai thì không phải đảm bảo một trăm phần trăm là tuyệt đối theo như mong muốn thế còn thì cũng có tình,2,"[{""text"": ""suyễn thai"", ""label"": ""DISEASESYMTOM"", ""score"": 0.948476, ""start"": 12, ""end"": 22}, {""text"": ""một trăm phần trăm"", ""label"": ""UNITCALIBRATOR"", ""score"": 0.994789, ""start"": 46, ""end"": 64}]"
164,utt_id_test_000165,VietMed_015,7.0,0.238095,thưa bác sĩ là rất nhiều người quan tâm vấn đề là vụ nữ mà chưa sinh con ấy có,4,"[{""text"": ""bác sĩ"", ""label"": ""OCCUPATION"", ""score"": 0.997869, ""start"": 5, ""end"": 11}, {""text"": ""rất nhiều"", ""label"": ""UNITCALIBRATOR"", ""score"": 0.99433, ""start"": 15, ""end"": 24}, {""text"": ""nữ"", ""label"": ""GENDER"", ""score"": 0.809855, ""start"": 53, ""end"": 55}, {""text"": ""sinh con"", ""label"": ""AGE"", ""score"": 0.470926, ""start"": 64, ""end"": 72}]"
165,utt_id_test_000166,VietMed_015,6.0,0.259259,cái hormone của chị em thế còn với trường hợp của bạn thì cũng không biết là mà đang dùng với loại thuốc chánh thai tên,4,"[{""text"": ""hormone"", ""label"": ""DRUGCHEMICAL"", ""score"": 0.99555, ""start"": 4, ""end"": 11}, {""text"": ""chị"", ""label"": ""GENDER"", ""score"": 0.901301, ""start"": 16, ""end"": 19}, {""text"": ""em"", ""label"": ""GENDER"", ""score"": 0.273896, ""start"": 20, ""end"": 22}, {""text"": ""thuốc chánh thai"", ""label"": ""DRUGCHEMICAL"", ""score"": 0.992055, ""start"": 99, ""end"": 115}]"
166,utt_id_test_000167,VietMed_015,8.0,0.3,hình trị t thì có cấu tạo là hình trị t và có cuốn di đồng ở vâng,2,"[{""text"": ""hình trị t"", ""label"": ""TREATMENT"", ""score"": 0.996346, ""start"": 0, ""end"": 10}, {""text"": ""hình trị t"", ""label"": ""TREATMENT"", ""score"": 0.996376, ""start"": 29, ""end"": 39}]"
167,utt_id_test_000168,VietMed_015,6.0,0.421053,nên không thưa bác sĩ vâng xin cảm ơn câu hỏi của bạn đặc biệt là chính thái rồi,1,"[{""text"": ""bác sĩ"", ""label"": ""OCCUPATION"", ""score"": 0.997938, ""start"": 15, ""end"": 21}]"
168,utt_id_test_000169,VietMed_015,6.0,0.115385,để có thể chọn được phương pháp củ hợp và để chọn được một cái phương pháp tránh thai sau sinh thích hợp nhất chọn,2,"[{""text"": ""tránh thai"", ""label"": ""TREATMENT"", ""score"": 0.478576, ""start"": 75, ""end"": 85}, {""text"": ""sau sinh"", ""label"": ""DISEASESYMTOM"", ""score"": 0.836154, ""start"": 86, ""end"": 94}]"
169,utt_id_test_000170,VietMed_015,7.0,0.142857,được cho đa số chị em phụ nữ thế nhưng mà trong cái tuổi mà chị em đang nuôi con bú thì mình sẽ dùng cái loại thuốc chính thái,8,"[{""text"": ""chị"", ""label"": ""GENDER"", ""score"": 0.914218, ""start"": 15, ""end"": 18}, {""text"": ""em"", ""label"": ""GENDER"", ""score"": 0.283648, ""start"": 19, ""end"": 21}, {""text"": ""phụ"", ""label"": ""GENDER"", ""score"": 0.879962, ""start"": 22, ""end"": 25}, {""text"": ""nữ"", ""label"": ""GENDER"", ""score"": 0.231442, ""start"": 26, ""end"": 28}, {""text"": ""chị"", ""label"": ""GENDER"", ""score"": 0.909309, ""start"": 60, ""end"": 63}, {""text"": ""em"", ""label"": ""GENDER"", ""score"": 0.337886, ""start"": 64, ""end"": 66}, {""text"": ""con"", ""label"": ""AGE"", ""score"": 0.357834, ""start"": 77, ""end"": 80}, {""text"": ""thuốc"", ""label"": ""DRUGCHEMICAL"", ""score"": 0.996824, ""start"": 110, ""end"": 115}]"
170,utt_id_test_000171,VietMed_015,8.0,0.315789,trường hợp mà thông thường thì cũng thình thoảng và cũng bất gặp những chị em có những triệu chứng như,3,"[{""text"": ""chị"", ""label"": ""GENDER"", ""score"": 0.931469, ""start"": 71, ""end"": 74}, {""text"": ""em"", ""label"": ""GENDER"", ""score"": 0.445676, ""start"": 75, ""end"": 77}, {""text"": ""triệu chứng"", ""label"": ""DISEASESYMTOM"", ""score"": 0.998838, ""start"": 87, ""end"": 98}]"
171,utt_id_test_000172,VietMed_015,6.0,0.388889,bạn ấy đã đi cái hí quen tránh thay được cần hai tháng dưỡng rồi tháng đầu tiên,2,"[{""text"": ""hai tháng"", ""label"": ""DATETIME"", ""score"": 0.996914, ""start"": 45, ""end"": 54}, {""text"": ""tháng đầu tiên"", ""label"": ""DATETIME"", ""score"": 0.991026, ""start"": 65, ""end"": 79}]"
172,utt_id_test_000173,VietMed_015,7.0,0.263158,thì đấy là lời khuyên hiệu ích cho chị cảm ơn câu hỏi của chị ạ cảm ơn cái,2,"[{""text"": ""chị"", ""label"": ""GENDER"", ""score"": 0.955609, ""start"": 35, ""end"": 38}, {""text"": ""chị"", ""label"": ""GENDER"", ""score"": 0.947528, ""start"": 58, ""end"": 61}]"
173,utt_id_test_000174,VietMed_015,6.0,0.4,thay và làm một người phụ nữ mà,1,"[{""text"": ""một người phụ nữ"", ""label"": ""UNITCALIBRATOR"", ""score"": 0.989329, ""start"": 12, ""end"": 28}]"
174,utt_id_test_000175,VietMed_015,7.0,0.15,và ở tuổi trung niên đấy ạ thì tôi cũng rất là quan tâm đến vấn đề này và qua theo dõi,1,"[{""text"": ""tuổi trung niên"", ""label"": ""AGE"", ""score"": 0.913095, ""start"": 5, ""end"": 20}]"
175,utt_id_test_000176,VietMed_015,7.0,0.25,thì cấu tạo của bằng chứng thai là một cái ống nhỏ bằng,0,[]
176,utt_id_test_000177,VietMed_015,6.0,0.058824,tránh thai cũng là một biện pháp sử dụng hormone và lại kéo dài như vậy thì,2,"[{""text"": ""tránh thai"", ""label"": ""TREATMENT"", ""score"": 0.768946, ""start"": 0, ""end"": 10}, {""text"": ""hormone"", ""label"": ""DRUGCHEMICAL"", ""score"": 0.995262, ""start"": 41, ""end"": 48}]"
177,utt_id_test_000178,VietMed_015,6.0,0.315789,thể rất là hay bởi vì là khi mà muốn dùng một viện tháp ngừa thay nào mà đặt,2,"[{""text"": ""viện tháp"", ""label"": ""MEDDEVICETECHNIQUE"", ""score"": 0.807169, ""start"": 46, ""end"": 55}, {""text"": ""ngừa"", ""label"": ""PREVENTIVEMED"", ""score"": 0.569467, ""start"": 56, ""end"": 60}]"
178,utt_id_test_000179,VietMed_015,8.0,0.47619,quan đến giày niêm mạc này hoặc là những trường hợp mà bị ú vú đấy thì nó cũng là,2,"[{""text"": ""niêm mạc"", ""label"": ""ORGAN"", ""score"": 0.990846, ""start"": 14, ""end"": 22}, {""text"": ""ú vú"", ""label"": ""DISEASESYMTOM"", ""score"": 0.998279, ""start"": 58, ""end"": 62}]"
179,utt_id_test_000180,VietMed_015,5.0,0.263158,phương pháp này tại cơ sở y tế mà không đảm bảo công tháp vô khuẩn cũng như là,1,"[{""text"": ""cơ sở y tế"", ""label"": ""LOCATION"", ""score"": 0.541277, ""start"": 20, ""end"": 30}]"
180,utt_id_test_000181,VietMed_015,8.0,0.142857,loại vòng có tác dụng chánh thai từ năm đến mười năm nếu mà bạn để đến mười hai năm thì,4,"[{""text"": ""thai"", ""label"": ""DISEASESYMTOM"", ""score"": 0.689052, ""start"": 28, ""end"": 32}, {""text"": ""từ năm đến mười"", ""label"": ""UNITCALIBRATOR"", ""score"": 0.89612, ""start"": 33, ""end"": 48}, {""text"": ""năm"", ""label"": ""DATETIME"", ""score"": 0.893501, ""start"": 49, ""end"": 52}, {""text"": ""mười hai năm"", ""label"": ""DATETIME"", ""score"": 0.980161, ""start"": 71, ""end"": 83}]"
181,utt_id_test_000182,VietMed_015,6.0,0.307692,prokétarone cái hormone này thì không ảnh hưởng gì đến người ta,2,"[{""text"": ""prokétarone"", ""label"": ""DRUGCHEMICAL"", ""score"": 0.941521, ""start"": 0, ""end"": 11}, {""text"": ""hormone"", ""label"": ""DRUGCHEMICAL"", ""score"": 0.996016, ""start"": 16, ""end"": 23}]"
182,utt_id_test_000183,VietMed_015,6.0,0.3,và không có biểu hiện diễn chung không có với,0,[]
183,utt_id_test_000184,VietMed_015,8.0,0.24,và đưa ra phương pháp điều trị kết hợp chúng tôi thình thoảng cũng có gặp những bạn sau cái quen tránh thai tôi đã,2,"[{""text"": ""điều trị"", ""label"": ""TREATMENT"", ""score"": 0.99815, ""start"": 22, ""end"": 30}, {""text"": ""thai"", ""label"": ""DISEASESYMTOM"", ""score"": 0.396421, ""start"": 103, ""end"": 107}]"
184,utt_id_test_000185,VietMed_015,7.0,0.148148,thì bạn muốn hỏi bác sĩ là cái trường hợp như vậy thì có có ảnh hưởng gì nhiều đến sức khỏe không ạ,1,"[{""text"": ""bác sĩ"", ""label"": ""OCCUPATION"", ""score"": 0.99796, ""start"": 17, ""end"": 23}]"
185,utt_id_test_000186,VietMed_015,6.0,0.4375,cái cơ chế tất dụng của cái cái chính thai và cái,0,[]
186,utt_id_test_000187,VietMed_015,7.0,0.25,lên tới chín mươi chín chín chín trăm hiện trên thì trên,0,[]
187,utt_id_test_000188,VietMed_015,8.0,0.263158,cấu tạo nó đặc trùng cho cái trên ngành y tế mềm rẻo và trong thì có chứa nội,0,[]
188,utt_id_test_000189,VietMed_015,6.0,0.157895,là tránh được những cái rủi ro có thể xảy ra khi mình sử dụng những cái,0,[]
189,utt_id_test_000190,VietMed_015,8.0,0.117647,giòn kinh rong kinh rong huyết hoặc là những trường hợp đặt phòng như ban đầu tôi,4,"[{""text"": ""gi"", ""label"": ""DISEASESYMTOM"", ""score"": 0.975781, ""start"": 0, ""end"": 2}, {""text"": ""òn kinh"", ""label"": ""DISEASESYMTOM"", ""score"": 0.779405, ""start"": 2, ""end"": 9}, {""text"": ""rong kinh"", ""label"": ""DISEASESYMTOM"", ""score"": 0.998538, ""start"": 10, ""end"": 19}, {""text"": ""rong huyết"", ""label"": ""DISEASESYMTOM"", ""score"": 0.998404, ""start"": 20, ""end"": 30}]"
190,utt_id_test_000191,VietMed_015,6.0,0.12,là khi mà chúng ta sử dụng những cái phương pháp tránh thai mà thấy có những cái biểu hiện của các cái tác dụng phẫu,1,"[{""text"": ""tránh thai"", ""label"": ""TREATMENT"", ""score"": 0.779081, ""start"": 49, ""end"": 59}]"
191,utt_id_test_000192,VietMed_015,7.0,0.521739,vâng cảm ơn bác sĩ cảm ơn cảm ơn chị nhé một vấn đề mà rất là,2,"[{""text"": ""bác sĩ"", ""label"": ""OCCUPATION"", ""score"": 0.997811, ""start"": 12, ""end"": 18}, {""text"": ""chị"", ""label"": ""GENDER"", ""score"": 0.928798, ""start"": 33, ""end"": 36}]"
192,utt_id_test_000193,VietMed_015,7.0,0.190476,an toàn và hiệu quả mà khi mà chị em mà muốn sinh nghiệm bé thì tháo quê ra,3,"[{""text"": ""chị"", ""label"": ""GENDER"", ""score"": 0.91276, ""start"": 30, ""end"": 33}, {""text"": ""em"", ""label"": ""GENDER"", ""score"": 0.41513, ""start"": 34, ""end"": 36}, {""text"": ""bé"", ""label"": ""AGE"", ""score"": 0.619272, ""start"": 57, ""end"": 59}]"
193,utt_id_test_000194,VietMed_015,8.0,0.2,cái tránh thai thì cũng rất là đơn giản hiện lợi bác sĩ sẽ,2,"[{""text"": ""tránh thai"", ""label"": ""TREATMENT"", ""score"": 0.692203, ""start"": 4, ""end"": 14}, {""text"": ""bác sĩ"", ""label"": ""OCCUPATION"", ""score"": 0.997883, ""start"": 49, ""end"": 55}]"
194,utt_id_test_000195,VietMed_015,5.0,0.363636,và prokétarone cái thuốc sinh thai thì áp dụng quá,2,"[{""text"": ""prokétarone"", ""label"": ""DRUGCHEMICAL"", ""score"": 0.975024, ""start"": 3, ""end"": 14}, {""text"": ""thuốc sinh"", ""label"": ""DRUGCHEMICAL"", ""score"": 0.989615, ""start"": 19, ""end"": 29}]"
195,utt_id_test_000196,VietMed_015,5.0,0.157895,chúng ta thấy dấu hiệu bất thường ví dụ xưng đau tại chỗ này hoặc chúng ta sờ mà không thể,1,"[{""text"": ""đau tại chỗ"", ""label"": ""DISEASESYMTOM"", ""score"": 0.997053, ""start"": 45, ""end"": 56}]"
196,utt_id_test_000197,VietMed_015,6.0,0.416667,đặt vòng thì cũng được hơi một lăm thôi ạ,0,[]
197,utt_id_test_000198,VietMed_015,6.0,0.083333,cũng không áp dụng thế và tiếp theo là những trường hợp mà,0,[]
198,utt_id_test_000199,VietMed_015,7.0,0.294118,cục dùng biện pháp uống thuốc hay không còn với cái protein thai thì cũng là các,2,"[{""text"": ""uống thuốc"", ""label"": ""TREATMENT"", ""score"": 0.996557, ""start"": 19, ""end"": 29}, {""text"": ""protein thai"", ""label"": ""DRUGCHEMICAL"", ""score"": 0.982818, ""start"": 52, ""end"": 64}]"
199,utt_id_test_000200,VietMed_015,6.0,0.2,chúng ta mới thực hiện còn chống chỉ định tiếp theo là,1,"[{""text"": ""chỉ định"", ""label"": ""PREVENTIVEMED"", ""score"": 0.990753, ""start"": 33, ""end"": 41}]"
200,utt_id_test_000201,VietMed_015,6.0,0.166667,thường mà thấy bất thường thì bạn phải đến khám ngay hoặc liên lạc ngay với bác sĩ để bác sĩ tư vấn,4,"[{""text"": ""khám"", ""label"": ""DIAGNOSTICS"", ""score"": 0.993505, ""start"": 43, ""end"": 47}, {""text"": ""bác sĩ"", ""label"": ""OCCUPATION"", ""score"": 0.997863, ""start"": 76, ""end"": 82}, {""text"": ""bác sĩ"", ""label"": ""OCCUPATION"", ""score"": 0.997901, ""start"": 86, ""end"": 92}, {""text"": ""tư vấn"", ""label"": ""PERSONALCARE"", ""score"": 0.99157, ""start"": 93, ""end"": 99}]"
201,utt_id_test_000202,VietMed_015,6.0,0.277778,tháo quê thế còn định chỉ hàng năm mình vẫn phải đến khám để xem quê còn tác,2,"[{""text"": ""hàng năm"", ""label"": ""DATETIME"", ""score"": 0.99599, ""start"": 26, ""end"": 34}, {""text"": ""khám"", ""label"": ""DIAGNOSTICS"", ""score"": 0.988646, ""start"": 53, ""end"": 57}]"
202,utt_id_test_000203,VietMed_015,7.0,0.16,cũng như ban đầu trao đổi là các bạn trước khi đặt vòng bạn xuyên đến khám với bác sĩ trên khoa để được tư vấn và,4,"[{""text"": ""khám"", ""label"": ""DIAGNOSTICS"", ""score"": 0.992771, ""start"": 70, ""end"": 74}, {""text"": ""bác sĩ"", ""label"": ""OCCUPATION"", ""score"": 0.997945, ""start"": 79, ""end"": 85}, {""text"": ""khoa"", ""label"": ""OCCUPATION"", ""score"": 0.671989, ""start"": 91, ""end"": 95}, {""text"": ""tư vấn"", ""label"": ""PERSONALCARE"", ""score"": 0.992955, ""start"": 104, ""end"": 110}]"
203,utt_id_test_000204,VietMed_015,6.0,0.304348,rối đoạn kinh rung kinh rau huyết đặc biệt là ra nhiều kinh thì ta gọi là bang kinh hoặc là bang huyết bởi,6,"[{""text"": ""rối đoạn kinh"", ""label"": ""DISEASESYMTOM"", ""score"": 0.998806, ""start"": 0, ""end"": 13}, {""text"": ""rung kinh"", ""label"": ""DISEASESYMTOM"", ""score"": 0.998873, ""start"": 14, ""end"": 23}, {""text"": ""huyết"", ""label"": ""ORGAN"", ""score"": 0.716693, ""start"": 28, ""end"": 33}, {""text"": ""ra nhiều kinh"", ""label"": ""DISEASESYMTOM"", ""score"": 0.99589, ""start"": 46, ""end"": 59}, {""text"": ""bang kinh"", ""label"": ""DISEASESYMTOM"", ""score"": 0.998146, ""start"": 74, ""end"": 83}, {""text"": ""bang huyết"", ""label"": ""DISEASESYMTOM"", ""score"": 0.994016, ""start"": 92, ""end"": 102}]"
204,utt_id_test_000205,VietMed_015,6.0,0.166667,chức thì nếu trước khi đặt vòng sinh thai mà kinh của bạn đều sau khi đặt vòng sinh,0,[]
205,utt_id_test_000206,VietMed_015,6.0,0.368421,hiện tại là bạn dùng được bao nhiêu năm nhở dạ em dùng hai năm rồi ạ hai năm trong những năm,3,"[{""text"": ""hai năm"", ""label"": ""DATETIME"", ""score"": 0.996773, ""start"": 55, ""end"": 62}, {""text"": ""hai năm"", ""label"": ""DATETIME"", ""score"": 0.996828, ""start"": 69, ""end"": 76}, {""text"": ""những năm"", ""label"": ""DATETIME"", ""score"": 0.992908, ""start"": 83, ""end"": 92}]"
206,utt_id_test_000207,VietMed_015,6.0,0.368421,các chọn viện pháp sánh thai khác bởi vì khi mà mình uống thuốc sánh thai hoặc là dùng thuốc,2,"[{""text"": ""uống thuốc"", ""label"": ""TREATMENT"", ""score"": 0.996241, ""start"": 53, ""end"": 63}, {""text"": ""thuốc"", ""label"": ""DRUGCHEMICAL"", ""score"": 0.994871, ""start"": 87, ""end"": 92}]"
207,utt_id_test_000208,VietMed_015,6.0,0.217391,bào hạnh phúc cho gia đình trên trang fanpage của chương trình thì chúng tôi cũng nhận động vụ câu hỏi của bộm đại,1,"[{""text"": ""fan"", ""label"": ""MEDDEVICETECHNIQUE"", ""score"": 0.34661, ""start"": 38, ""end"": 41}]"
208,utt_id_test_000209,VietMed_015,6.0,0.192308,đến thức hữu ích cho chị em trong cái việc là làm thế nào để lựa chọn được một cái phương pháp tránh thai an toàn nhất và nghe dinh,4,"[{""text"": ""chị"", ""label"": ""GENDER"", ""score"": 0.916781, ""start"": 21, ""end"": 24}, {""text"": ""em"", ""label"": ""GENDER"", ""score"": 0.335708, ""start"": 25, ""end"": 27}, {""text"": ""tránh"", ""label"": ""PREVENTIVEMED"", ""score"": 0.447775, ""start"": 95, ""end"": 100}, {""text"": ""thai"", ""label"": ""TREATMENT"", ""score"": 0.822403, ""start"": 101, ""end"": 105}]"
209,utt_id_test_000210,VietMed_015,6.0,0.210526,với cái thể khạng như tôi thì tôi có thể sử dụng điện pháp nào trong hai cái điện pháp,2,"[{""text"": ""điện pháp"", ""label"": ""MEDDEVICETECHNIQUE"", ""score"": 0.8969, ""start"": 49, ""end"": 58}, {""text"": ""điện pháp"", ""label"": ""MEDDEVICETECHNIQUE"", ""score"": 0.910094, ""start"": 77, ""end"": 86}]"
210,utt_id_test_000211,VietMed_015,6.0,0.111111,hoặc là có thể gây viêm nhiễm bộ phận sinh dục do đó thì khuyên bạn đến đến cực,2,"[{""text"": ""viêm nhiễm"", ""label"": ""DISEASESYMTOM"", ""score"": 0.997692, ""start"": 19, ""end"": 29}, {""text"": ""bộ phận sinh dục"", ""label"": ""ORGAN"", ""score"": 0.978254, ""start"": 30, ""end"": 46}]"
211,utt_id_test_000212,VietMed_015,6.0,0.157895,chú kỳ kinh nguyệt không đều nhưng mà vẫn ra ít và bạn ấy có tái khám theo,3,"[{""text"": ""chú"", ""label"": ""GENDER"", ""score"": 0.966875, ""start"": 0, ""end"": 3}, {""text"": ""kinh nguyệt không đều"", ""label"": ""DISEASESYMTOM"", ""score"": 0.965912, ""start"": 7, ""end"": 28}, {""text"": ""khám"", ""label"": ""DIAGNOSTICS"", ""score"": 0.992465, ""start"": 65, ""end"": 69}]"
212,utt_id_test_000213,VietMed_015,7.0,0.148148,còn với những trường hợp chị em sau sinh thường mà chưa có hành kinh và chúng ta ngoài ba tháng chúng ta vẫn,5,"[{""text"": ""chị"", ""label"": ""GENDER"", ""score"": 0.894226, ""start"": 25, ""end"": 28}, {""text"": ""em"", ""label"": ""AGE"", ""score"": 0.438826, ""start"": 29, ""end"": 31}, {""text"": ""sau sinh"", ""label"": ""DISEASESYMTOM"", ""score"": 0.992135, ""start"": 32, ""end"": 40}, {""text"": ""hành kinh"", ""label"": ""DISEASESYMTOM"", ""score"": 0.996847, ""start"": 59, ""end"": 68}, {""text"": ""ba tháng"", ""label"": ""DATETIME"", ""score"": 0.995011, ""start"": 87, ""end"": 95}]"
213,utt_id_test_000214,VietMed_015,5.0,0.230769,đặt vòng sánh thai nhưng mà tôi cũng nghe nhiều trường hợp nói rằng là vòng sánh thai có thể tuột khỏi vị,0,[]
214,utt_id_test_000215,VietMed_015,7.0,0.529412,vâng ạ xin cảm ơn câu hỏi của bạn về cái đặc biệt chính thái thì cũng chính,0,[]
215,utt_id_test_000216,VietMed_015,6.0,0.235294,làm năm cũng tùm theo lại quê nhưng tại việt nam thì mình và trên thế giới thì,2,"[{""text"": ""việt nam"", ""label"": ""LOCATION"", ""score"": 0.982635, ""start"": 40, ""end"": 48}, {""text"": ""thế giới"", ""label"": ""LOCATION"", ""score"": 0.97886, ""start"": 66, ""end"": 74}]"
216,utt_id_test_000217,VietMed_015,7.0,0.352941,đưa ra một xương hướng điều trị cụ thể nhưng bất cứ một cái biện pháp nào,2,"[{""text"": ""xương"", ""label"": ""ORGAN"", ""score"": 0.99369, ""start"": 11, ""end"": 16}, {""text"": ""điều trị"", ""label"": ""TREATMENT"", ""score"": 0.998381, ""start"": 23, ""end"": 31}]"
217,utt_id_test_000218,VietMed_015,7.0,0.1,cơ sở y tế để được thực hiện thì không biết là ở chỗ tôi thì là một,2,"[{""text"": ""cơ"", ""label"": ""LOCATION"", ""score"": 0.308255, ""start"": 0, ""end"": 2}, {""text"": ""sở y tế"", ""label"": ""ORGANIZATION"", ""score"": 0.353409, ""start"": 3, ""end"": 10}]"
218,utt_id_test_000219,VietMed_015,7.0,0.25,biểm và tác dụng phụ thường gặp của hai phức pháp này là gì thưa bác sĩ vâng cảm ơn câu hỏi của bên cạnh,2,"[{""text"": ""tác dụng phụ"", ""label"": ""DISEASESYMTOM"", ""score"": 0.998764, ""start"": 8, ""end"": 20}, {""text"": ""bác sĩ"", ""label"": ""OCCUPATION"", ""score"": 0.997827, ""start"": 65, ""end"": 71}]"
219,utt_id_test_000220,VietMed_015,7.0,0.357143,đau đớn gần như là không để lại một cái di chứng gì xẹo ở trên vùng quay quê và chị em có thể tự kiểm,4,"[{""text"": ""đau"", ""label"": ""DISEASESYMTOM"", ""score"": 0.998437, ""start"": 0, ""end"": 3}, {""text"": ""di chứng"", ""label"": ""DISEASESYMTOM"", ""score"": 0.998881, ""start"": 40, ""end"": 48}, {""text"": ""chị"", ""label"": ""GENDER"", ""score"": 0.897808, ""start"": 80, ""end"": 83}, {""text"": ""em"", ""label"": ""GENDER"", ""score"": 0.321053, ""start"": 84, ""end"": 86}]"
220,utt_id_test_000221,VietMed_015,7.0,0.269231,cái tuổi có bạn bây giờ dùng thuốc sinh thai có ảnh hưởng gì không thì xin thưa thuốc sinh thai thì,4,"[{""text"": ""cái"", ""label"": ""UNITCALIBRATOR"", ""score"": 0.322369, ""start"": 0, ""end"": 3}, {""text"": ""bây giờ"", ""label"": ""DATETIME"", ""score"": 0.996674, ""start"": 16, ""end"": 23}, {""text"": ""thuốc sinh"", ""label"": ""DRUGCHEMICAL"", ""score"": 0.981918, ""start"": 29, ""end"": 39}, {""text"": ""thuốc sinh thai"", ""label"": ""DRUGCHEMICAL"", ""score"": 0.989657, ""start"": 80, ""end"": 95}]"
221,utt_id_test_000222,VietMed_015,5.0,0.125,thì tôi không biết là tôi cũng có sử dụng được biện pháp này hay không và tôi,0,[]
222,utt_id_test_000223,VietMed_015,8.0,0.185185,khi anh sử dụng một biện pháp nào thì anh sẽ phải tuân thủ theo đúng cái hướng dẫn của bên trên nhà nhí tế thì,4,"[{""text"": ""anh"", ""label"": ""GENDER"", ""score"": 0.977888, ""start"": 4, ""end"": 7}, {""text"": ""anh"", ""label"": ""GENDER"", ""score"": 0.978845, ""start"": 38, ""end"": 41}, {""text"": ""tuân thủ"", ""label"": ""PREVENTIVEMED"", ""score"": 0.97809, ""start"": 50, ""end"": 58}, {""text"": ""nhà"", ""label"": ""LOCATION"", ""score"": 0.976837, ""start"": 96, ""end"": 99}]"
223,utt_id_test_000224,VietMed_015,8.0,0.105263,tôi cũng đang rất là quan tâm và muốn sử dụng nhưng mà tôi gặp phải một số những cái vấn,0,[]
224,utt_id_test_000225,VietMed_015,6.0,0.25,thì tôi khuyên chị nên đến cái cơ sở y tế có y tín và cái khâu mà,2,"[{""text"": ""chị"", ""label"": ""GENDER"", ""score"": 0.924436, ""start"": 15, ""end"": 18}, {""text"": ""cơ sở y tế"", ""label"": ""MEDDEVICETECHNIQUE"", ""score"": 0.398097, ""start"": 31, ""end"": 41}]"
225,utt_id_test_000226,VietMed_015,5.0,0.588235,tôi cũng hay coi chậm chậm y tế thì là để tháo mòng thay vòng đi,2,"[{""text"": ""chậm chậm"", ""label"": ""DISEASESYMTOM"", ""score"": 0.90891, ""start"": 17, ""end"": 26}, {""text"": ""tháo m"", ""label"": ""MEDDEVICETECHNIQUE"", ""score"": 0.652057, ""start"": 42, ""end"": 48}]"
226,utt_id_test_000227,VietMed_015,7.0,0.5,căm khám và tiến hành đặt vòng hay là cái việc,1,"[{""text"": ""khám"", ""label"": ""DIAGNOSTICS"", ""score"": 0.9902, ""start"": 4, ""end"": 8}]"
227,utt_id_test_000228,VietMed_015,8.0,0.55,và sau đó thì tôi đảm nhuôi thuốc tánh thai gọi thì với cái niện kháp như thế,2,"[{""text"": ""nhu"", ""label"": ""MEDDEVICETECHNIQUE"", ""score"": 0.78048, ""start"": 22, ""end"": 25}, {""text"": ""thuốc"", ""label"": ""MEDDEVICETECHNIQUE"", ""score"": 0.581104, ""start"": 28, ""end"": 33}]"
228,utt_id_test_000229,VietMed_015,5.0,0.166667,điểm là có tác dụng tránh thai và có những tác dụng phụ như đã xào đột,2,"[{""text"": ""tránh thai"", ""label"": ""TREATMENT"", ""score"": 0.443196, ""start"": 20, ""end"": 30}, {""text"": ""tác dụng phụ"", ""label"": ""DISEASESYMTOM"", ""score"": 0.998563, ""start"": 43, ""end"": 55}]"
229,utt_id_test_000230,VietMed_015,5.0,0.333333,phép là phù hợp thích với bác cảm ơn bác sĩ ạ quý vị đang nghe cái,2,"[{""text"": ""bác"", ""label"": ""AGE"", ""score"": 0.994244, ""start"": 26, ""end"": 29}, {""text"": ""bác sĩ"", ""label"": ""OCCUPATION"", ""score"": 0.997766, ""start"": 37, ""end"": 43}]"
230,utt_id_test_000231,VietMed_015,6.0,0.210526,tôi ban đầu là chúng ta vẫn phải đến gặp bác sĩ chuyên khoa để được khám ba tư,2,"[{""text"": ""bác sĩ chuyên khoa"", ""label"": ""OCCUPATION"", ""score"": 0.996963, ""start"": 41, ""end"": 59}, {""text"": ""khám"", ""label"": ""DIAGNOSTICS"", ""score"": 0.993727, ""start"": 68, ""end"": 72}]"
231,utt_id_test_000232,VietMed_015,8.0,0.5,dưới thì có một trường hợp là quê sánh thai để lạc lên sinh hút đá,0,[]
232,utt_id_test_000233,VietMed_015,6.0,0.277778,thính giả dạ vâng chào xương trình vâng chào chị mời chị sẽ cùng cho chuyện của bác sĩ ạ,5,"[{""text"": ""thính giả"", ""label"": ""OCCUPATION"", ""score"": 0.888929, ""start"": 0, ""end"": 9}, {""text"": ""xương"", ""label"": ""ORGAN"", ""score"": 0.994262, ""start"": 23, ""end"": 28}, {""text"": ""chị"", ""label"": ""GENDER"", ""score"": 0.925178, ""start"": 45, ""end"": 48}, {""text"": ""chị"", ""label"": ""GENDER"", ""score"": 0.921932, ""start"": 53, ""end"": 56}, {""text"": ""bác sĩ"", ""label"": ""OCCUPATION"", ""score"": 0.997846, ""start"": 80, ""end"": 86}]"
233,utt_id_test_000234,VietMed_015,8.0,0.230769,cũng có tác dụng là làm mỏng với niêm mạc từ cung nên là khi mà chứng đã được thụ thai nhưng mà không làm tổ được nói là mỏng,3,"[{""text"": ""niêm mạc"", ""label"": ""ORGAN"", ""score"": 0.996396, ""start"": 33, ""end"": 41}, {""text"": ""cung"", ""label"": ""ORGAN"", ""score"": 0.654477, ""start"": 45, ""end"": 49}, {""text"": ""thụ thai"", ""label"": ""DISEASESYMTOM"", ""score"": 0.449141, ""start"": 78, ""end"": 86}]"
234,utt_id_test_000235,VietMed_015,5.0,0.529412,tới quay sánh thai thì tôi nói thêm lại về cái quy trình thấy quay sánh thai nhưng mà,0,[]
235,utt_id_test_000236,VietMed_015,5.0,0.642857,thường áp dụng cho những người dinh huyết đều chẳng hạn,0,[]
236,utt_id_test_000237,VietMed_015,8.0,0.0,ngừa thai và chưa muốn có con trong thời điểm hiện tại thì bạn có thể,2,"[{""text"": ""ngừa thai"", ""label"": ""TREATMENT"", ""score"": 0.708881, ""start"": 0, ""end"": 9}, {""text"": ""thời điểm"", ""label"": ""DATETIME"", ""score"": 0.690256, ""start"": 36, ""end"": 45}]"
237,utt_id_test_000238,VietMed_015,7.0,0.214286,học cần ngày càng phát triển càng hiện đại trước thì có tình trạng sinh đẻ tại cơ sở ví dụ như là trạng,0,[]
238,utt_id_test_000239,VietMed_015,7.0,0.263158,có thể đến với cơ sở y tế như tôi vừa cho đổi là có y tín nhưng,2,"[{""text"": ""cơ"", ""label"": ""LOCATION"", ""score"": 0.350716, ""start"": 15, ""end"": 17}, {""text"": ""sở y tế"", ""label"": ""ORGANIZATION"", ""score"": 0.44315, ""start"": 18, ""end"": 25}]"
239,utt_id_test_000240,VietMed_015,6.0,0.2,đư vấn và điều trị kết hợp thì các triệu chứng đấy dần dần là không còn nữa và,2,"[{""text"": ""điều trị"", ""label"": ""TREATMENT"", ""score"": 0.998155, ""start"": 10, ""end"": 18}, {""text"": ""triệu chứng"", ""label"": ""DISEASESYMTOM"", ""score"": 0.998821, ""start"": 35, ""end"": 46}]"
240,utt_id_test_000241,VietMed_015,6.0,0.1,vấn đề thứ hai là khi mà mình muốn sinh con thì tháo dụng cụ ra nó cũng rất là tiện lợi,1,"[{""text"": ""dụng cụ"", ""label"": ""MEDDEVICETECHNIQUE"", ""score"": 0.814925, ""start"": 53, ""end"": 60}]"
241,utt_id_test_000242,VietMed_015,6.0,0.368421,thì thứ nhất là vòng không có táo dụng để sánh thay lúc đó thì có thể khắc phục,1,"[{""text"": ""thứ nhất"", ""label"": ""UNITCALIBRATOR"", ""score"": 0.996108, ""start"": 4, ""end"": 12}]"
242,utt_id_test_000243,VietMed_015,7.0,0.259259,thế nào rồi vậy thưa bác sĩ là trong trường hợp nào ấy thì không nên dùng quê cái chánh thai hoặc là đặt vòng ạ khi,2,"[{""text"": ""bác sĩ"", ""label"": ""OCCUPATION"", ""score"": 0.997923, ""start"": 21, ""end"": 27}, {""text"": ""thai"", ""label"": ""DISEASESYMTOM"", ""score"": 0.416865, ""start"": 88, ""end"": 92}]"
243,utt_id_test_000244,VietMed_015,5.0,0.263158,khám với bác sĩ trên khoa để chẩn đoán là bạn có thai không có thai khi mà bạn có thay,6,"[{""text"": ""khám"", ""label"": ""DIAGNOSTICS"", ""score"": 0.989802, ""start"": 0, ""end"": 4}, {""text"": ""bác sĩ"", ""label"": ""OCCUPATION"", ""score"": 0.997831, ""start"": 9, ""end"": 15}, {""text"": ""khoa"", ""label"": ""LOCATION"", ""score"": 0.844917, ""start"": 21, ""end"": 25}, {""text"": ""chẩn đoán"", ""label"": ""DIAGNOSTICS"", ""score"": 0.986664, ""start"": 29, ""end"": 38}, {""text"": ""có thai"", ""label"": ""DISEASESYMTOM"", ""score"": 0.986979, ""start"": 46, ""end"": 53}, {""text"": ""có thai"", ""label"": ""DISEASESYMTOM"", ""score"": 0.987729, ""start"": 60, ""end"": 67}]"
244,utt_id_test_000245,VietMed_015,7.0,0.388889,là thủ thuật này thực hiện là cái phòng vô khuẩn thứ hai nữa là phòng biến chứng,3,"[{""text"": ""thủ"", ""label"": ""MEDDEVICETECHNIQUE"", ""score"": 0.565056, ""start"": 3, ""end"": 6}, {""text"": ""thuật"", ""label"": ""PREVENTIVEMED"", ""score"": 0.437438, ""start"": 7, ""end"": 12}, {""text"": ""biến chứng"", ""label"": ""DISEASESYMTOM"", ""score"": 0.998945, ""start"": 70, ""end"": 80}]"
245,utt_id_test_000246,VietMed_015,5.0,0.263158,khi anh để vòng lâu có thể là đây dính vòng này đây vòng lạc chỗ này đây,1,"[{""text"": ""anh"", ""label"": ""GENDER"", ""score"": 0.97963, ""start"": 4, ""end"": 7}]"
246,utt_id_test_000247,VietMed_015,7.0,0.157895,tránh thai thì cũng như đặt vòng thì có những cái tóc dụng phụ ví dụ như là gây,3,"[{""text"": ""tránh thai"", ""label"": ""TREATMENT"", ""score"": 0.658686, ""start"": 0, ""end"": 10}, {""text"": ""tóc"", ""label"": ""ORGAN"", ""score"": 0.461351, ""start"": 50, ""end"": 53}, {""text"": ""dụng phụ"", ""label"": ""DISEASESYMTOM"", ""score"": 0.931143, ""start"": 54, ""end"": 62}]"
247,utt_id_test_000248,VietMed_015,8.0,0.5,môn để cho làm đặt cái chất nhảy của thường cung ngăn cho tin trùng không gặp,0,[]
248,utt_id_test_000249,VietMed_015,6.0,0.363636,có thể gẫy khi mà tôi cũng là người mà thường xuyên đi tìm,1,"[{""text"": ""thường xuyên"", ""label"": ""DATETIME"", ""score"": 0.99527, ""start"": 39, ""end"": 51}]"
249,utt_id_test_000250,VietMed_015,8.0,0.266667,phương pháp là đặt vòng với cái quen tránh thai này là gì ạ và cái phương pháp nào thì sẽ tốt cho phụ chị phụ đữ hơn ạ về cái,2,"[{""text"": ""thai"", ""label"": ""TREATMENT"", ""score"": 0.242852, ""start"": 43, ""end"": 47}, {""text"": ""chị"", ""label"": ""GENDER"", ""score"": 0.967143, ""start"": 102, ""end"": 105}]"
250,utt_id_test_000251,VietMed_015,7.0,0.444444,tôi muốn hỏi là thêm nữa là không hai,0,[]
251,utt_id_test_000252,VietMed_015,5.0,0.352941,lại phải dùng phương pháp chính thái khác chứ bạn không nên tự bỏ thuốc lên người,1,"[{""text"": ""thuốc"", ""label"": ""DRUGCHEMICAL"", ""score"": 0.989442, ""start"": 66, ""end"": 71}]"
252,utt_id_test_000253,VietMed_015,6.0,0.181818,với hai mươi lăm ngày là kinh ngắn và trên ba lăm ngày ta gọi là kinh thưa với trường hợp nó,3,"[{""text"": ""hai mươi lăm ngày"", ""label"": ""DATETIME"", ""score"": 0.995603, ""start"": 4, ""end"": 21}, {""text"": ""ba lăm ngày"", ""label"": ""DATETIME"", ""score"": 0.990733, ""start"": 43, ""end"": 54}, {""text"": ""kinh"", ""label"": ""DISEASESYMTOM"", ""score"": 0.772981, ""start"": 65, ""end"": 69}]"
253,utt_id_test_000254,VietMed_015,7.0,0.277778,cái quê tránh thai này có tác dụng là ngăn không cho dụng chứng và thứ ba đó,3,"[{""text"": ""tránh"", ""label"": ""TREATMENT"", ""score"": 0.539559, ""start"": 8, ""end"": 13}, {""text"": ""thai"", ""label"": ""DISEASESYMTOM"", ""score"": 0.492912, ""start"": 14, ""end"": 18}, {""text"": ""dụng chứng"", ""label"": ""DISEASESYMTOM"", ""score"": 0.998489, ""start"": 53, ""end"": 63}]"
254,utt_id_test_000255,VietMed_015,6.0,0.277778,rất là nhiều loại trong đó phụ biến bây giờ là vòng tránh thay chữ tê bệnh,2,"[{""text"": ""bây giờ"", ""label"": ""DATETIME"", ""score"": 0.99619, ""start"": 36, ""end"": 43}, {""text"": ""tê bệnh"", ""label"": ""DISEASESYMTOM"", ""score"": 0.997255, ""start"": 67, ""end"": 74}]"
255,utt_id_test_000256,VietMed_015,5.0,0.222222,trên thế giới cũng như việt nam thì thường sử dụng cái loại quê tránh thai một nang,3,"[{""text"": ""thế giới"", ""label"": ""LOCATION"", ""score"": 0.9802, ""start"": 5, ""end"": 13}, {""text"": ""việt nam"", ""label"": ""LOCATION"", ""score"": 0.982062, ""start"": 23, ""end"": 31}, {""text"": ""tránh thai"", ""label"": ""TREATMENT"", ""score"": 0.686972, ""start"": 64, ""end"": 74}]"
256,utt_id_test_000257,VietMed_015,6.0,0.352941,cây sánh thai thì như sau đổi đây là phương pháp sánh thai hiện đại hiệu quả an toàn,2,"[{""text"": ""sánh"", ""label"": ""DIAGNOSTICS"", ""score"": 0.478132, ""start"": 49, ""end"": 53}, {""text"": ""thai"", ""label"": ""TREATMENT"", ""score"": 0.405362, ""start"": 54, ""end"": 58}]"
257,utt_id_test_000258,VietMed_015,8.0,0.185185,hai phương pháp này hay không một trong hai phương pháp này hay không thì mình tiến hành thế còn thì ở trên chỗ chúng tôi là bệnh viện,1,"[{""text"": ""bệnh viện"", ""label"": ""LOCATION"", ""score"": 0.974513, ""start"": 125, ""end"": 134}]"
258,utt_id_test_000259,VietMed_015,6.0,0.55,xin thông một chút là nếu bây giờ mà em cũng cần uống thuốc và em uống chỉ trình,2,"[{""text"": ""bây giờ"", ""label"": ""DATETIME"", ""score"": 0.996812, ""start"": 26, ""end"": 33}, {""text"": ""uống thuốc"", ""label"": ""TREATMENT"", ""score"": 0.995859, ""start"": 49, ""end"": 59}]"
259,utt_id_test_000260,VietMed_015,5.0,0.470588,dõi cái tuột vòng và nhiều chị em là không không không để chị em là,4,"[{""text"": ""chị"", ""label"": ""GENDER"", ""score"": 0.889822, ""start"": 27, ""end"": 30}, {""text"": ""em"", ""label"": ""GENDER"", ""score"": 0.303168, ""start"": 31, ""end"": 33}, {""text"": ""chị"", ""label"": ""GENDER"", ""score"": 0.903944, ""start"": 58, ""end"": 61}, {""text"": ""em"", ""label"": ""GENDER"", ""score"": 0.325828, ""start"": 62, ""end"": 64}]"
260,utt_id_test_000261,VietMed_015,7.0,0.090909,thì cũng rất là hay và chúng tôi cũng đã được nhiều bạn cũng gọi điện hoặc là đến khám đã,1,"[{""text"": ""khám"", ""label"": ""DIAGNOSTICS"", ""score"": 0.980744, ""start"": 82, ""end"": 86}]"
261,utt_id_test_000262,VietMed_015,6.0,0.285714,tiết ví dụ như là nám ra mặc mụn thế còn về chi phí của cái đặt máu,3,"[{""text"": ""nám"", ""label"": ""DISEASESYMTOM"", ""score"": 0.997983, ""start"": 18, ""end"": 21}, {""text"": ""mụn"", ""label"": ""DISEASESYMTOM"", ""score"": 0.996555, ""start"": 29, ""end"": 32}, {""text"": ""máu"", ""label"": ""ORGAN"", ""score"": 0.997524, ""start"": 64, ""end"": 67}]"
262,utt_id_test_000263,VietMed_015,6.0,0.411765,đúng vị trí hàng ngày hay không thế còn khi mà thế có và,1,"[{""text"": ""hàng ngày"", ""label"": ""DATETIME"", ""score"": 0.996573, ""start"": 12, ""end"": 21}]"
263,utt_id_test_000264,VietMed_015,6.0,0.178571,cái kiến thức những cái vấn đề mà bây lâu nay chị em chúng ta thì có lẽ là cũng không phải là ai cũng biết là,3,"[{""text"": ""bây lâu"", ""label"": ""DATETIME"", ""score"": 0.996383, ""start"": 34, ""end"": 41}, {""text"": ""chị"", ""label"": ""GENDER"", ""score"": 0.924776, ""start"": 46, ""end"": 49}, {""text"": ""em"", ""label"": ""GENDER"", ""score"": 0.34883, ""start"": 50, ""end"": 52}]"
264,utt_id_test_000265,VietMed_015,8.0,0.235294,cấy quê sánh thai vào mặt trong dưới da của cánh tay không thuận nữa do đó chị em,5,"[{""text"": ""cấy quê"", ""label"": ""SURGERY"", ""score"": 0.673473, ""start"": 0, ""end"": 7}, {""text"": ""da"", ""label"": ""ORGAN"", ""score"": 0.996541, ""start"": 37, ""end"": 39}, {""text"": ""cánh tay"", ""label"": ""ORGAN"", ""score"": 0.997383, ""start"": 44, ""end"": 52}, {""text"": ""chị"", ""label"": ""GENDER"", ""score"": 0.900579, ""start"": 75, ""end"": 78}, {""text"": ""em"", ""label"": ""GENDER"", ""score"": 0.432219, ""start"": 79, ""end"": 81}]"
265,utt_id_test_000266,VietMed_015,6.0,0.294118,có thể tháo vong cho bạn thế còn thì với cái phương pháp gọi là,1,"[{""text"": ""tháo vong"", ""label"": ""DISEASESYMTOM"", ""score"": 0.967647, ""start"": 7, ""end"": 16}]"
266,utt_id_test_000267,VietMed_015,6.0,0.35,cái quen chảy thai hết thời gian sử dụng vâng xin cảm ơn câu hỏi của mọi người bệnh nhân,3,"[{""text"": ""chảy thai"", ""label"": ""DISEASESYMTOM"", ""score"": 0.997236, ""start"": 9, ""end"": 18}, {""text"": ""thời gian"", ""label"": ""DATETIME"", ""score"": 0.996109, ""start"": 23, ""end"": 32}, {""text"": ""bệnh nhân"", ""label"": ""OCCUPATION"", ""score"": 0.997795, ""start"": 79, ""end"": 88}]"
267,utt_id_test_000268,VietMed_015,7.0,0.444444,cũng có tác dụng làm giảm bớt những cái triệu chứng như tôi vừa kể trên cảm ơn,1,"[{""text"": ""triệu chứng"", ""label"": ""DISEASESYMTOM"", ""score"": 0.998906, ""start"": 40, ""end"": 51}]"
268,utt_id_test_000269,VietMed_015,7.0,0.166667,thì các bạn vẫn cứ sử dụng cái phương pháp cấy quê tránh thai được an toàn và hiệu quả,2,"[{""text"": ""cấy"", ""label"": ""SURGERY"", ""score"": 0.902279, ""start"": 43, ""end"": 46}, {""text"": ""quê tránh thai"", ""label"": ""TREATMENT"", ""score"": 0.548697, ""start"": 47, ""end"": 61}]"
269,utt_id_test_000270,VietMed_015,8.0,0.08,được an toàn và quay tránh thai hai nang thì có tác dụng tránh thai được trong bốn năm thế nhưng mà hiện nay cái,5,"[{""text"": ""tránh"", ""label"": ""DIAGNOSTICS"", ""score"": 0.379761, ""start"": 21, ""end"": 26}, {""text"": ""thai"", ""label"": ""TREATMENT"", ""score"": 0.816015, ""start"": 27, ""end"": 31}, {""text"": ""tránh thai"", ""label"": ""TREATMENT"", ""score"": 0.643402, ""start"": 57, ""end"": 67}, {""text"": ""bốn năm"", ""label"": ""DATETIME"", ""score"": 0.994979, ""start"": 79, ""end"": 86}, {""text"": ""hiện nay"", ""label"": ""DATETIME"", ""score"": 0.995677, ""start"": 100, ""end"": 108}]"
270,utt_id_test_000271,VietMed_015,6.0,0.222222,có rất là nhiều trong đó đặt vòng và cấy quê sánh thai là hai điện pháp ngừa tham,4,"[{""text"": ""cấy"", ""label"": ""SURGERY"", ""score"": 0.697767, ""start"": 37, ""end"": 40}, {""text"": ""quê sánh"", ""label"": ""MEDDEVICETECHNIQUE"", ""score"": 0.349735, ""start"": 41, ""end"": 49}, {""text"": ""điện pháp"", ""label"": ""MEDDEVICETECHNIQUE"", ""score"": 0.872548, ""start"": 62, ""end"": 71}, {""text"": ""ngừa"", ""label"": ""PREVENTIVEMED"", ""score"": 0.541311, ""start"": 72, ""end"": 76}]"
271,utt_id_test_000272,VietMed_015,6.0,0.315789,vâng cảm ơn câu hỏi của bạn thứ nhất là khi mà bất kỳ một bệnh pháp chánh thay nào đối với,2,"[{""text"": ""thứ nhất"", ""label"": ""UNITCALIBRATOR"", ""score"": 0.99651, ""start"": 28, ""end"": 36}, {""text"": ""bệnh pháp chán"", ""label"": ""DISEASESYMTOM"", ""score"": 0.841941, ""start"": 58, ""end"": 72}]"
272,utt_id_test_000273,VietMed_015,5.0,0.3125,thuật thì cái hộp quay tránh thai là phải được kiểm tra bởi vì,2,"[{""text"": ""thai"", ""label"": ""DIAGNOSTICS"", ""score"": 0.668114, ""start"": 29, ""end"": 33}, {""text"": ""kiểm tra"", ""label"": ""DIAGNOSTICS"", ""score"": 0.989046, ""start"": 47, ""end"": 55}]"
273,utt_id_test_000274,VietMed_015,7.0,0.363636,về thế chứng chỉ định của đặt vòng và cái,1,"[{""text"": ""chỉ định"", ""label"": ""PREVENTIVEMED"", ""score"": 0.989776, ""start"": 13, ""end"": 21}]"
274,utt_id_test_000275,VietMed_015,5.0,0.15,có tác dụng chính là ngừa thai nhưng cũng có tác dụng phụ và ví dụ như là tác dụng,3,"[{""text"": ""ngừa"", ""label"": ""DISEASESYMTOM"", ""score"": 0.396581, ""start"": 21, ""end"": 25}, {""text"": ""thai"", ""label"": ""TREATMENT"", ""score"": 0.735452, ""start"": 26, ""end"": 30}, {""text"": ""tác dụng phụ"", ""label"": ""DISEASESYMTOM"", ""score"": 0.998564, ""start"": 45, ""end"": 57}]"
275,utt_id_test_000276,VietMed_015,9.0,0.190476,có chỉ định thì chúng ta sẽ tuyến hành thực hiện đặt vòng và như câu hỏi có bạn khi,1,"[{""text"": ""chỉ định"", ""label"": ""PREVENTIVEMED"", ""score"": 0.99066, ""start"": 3, ""end"": 11}]"
276,utt_id_test_000277,VietMed_015,6.0,0.142857,hành kinh gần đến thời điểm hành kinh cái nội tiết của mình nó thay đổi đặc biệt nội tiết tố nữ tăng lên gần,5,"[{""text"": ""hành kinh"", ""label"": ""DISEASESYMTOM"", ""score"": 0.998221, ""start"": 0, ""end"": 9}, {""text"": ""hành kinh"", ""label"": ""DISEASESYMTOM"", ""score"": 0.9984, ""start"": 28, ""end"": 37}, {""text"": ""nội tiết"", ""label"": ""ORGAN"", ""score"": 0.983497, ""start"": 42, ""end"": 50}, {""text"": ""nội tiết tố"", ""label"": ""ORGAN"", ""score"": 0.986986, ""start"": 81, ""end"": 92}, {""text"": ""nữ"", ""label"": ""GENDER"", ""score"": 0.554235, ""start"": 93, ""end"": 95}]"
277,utt_id_test_000278,VietMed_015,7.0,0.222222,hợp mà đã cái quê tránh thai mà có thai thì là trường hợp hi hiệu nhưng mà trên thế giới cũng như việt nam thì,4,"[{""text"": ""tránh thai"", ""label"": ""TREATMENT"", ""score"": 0.572228, ""start"": 18, ""end"": 28}, {""text"": ""có thai"", ""label"": ""DISEASESYMTOM"", ""score"": 0.990806, ""start"": 32, ""end"": 39}, {""text"": ""thế giới"", ""label"": ""LOCATION"", ""score"": 0.979057, ""start"": 80, ""end"": 88}, {""text"": ""việt nam"", ""label"": ""LOCATION"", ""score"": 0.982735, ""start"": 98, ""end"": 106}]"
278,utt_id_test_000279,VietMed_015,7.0,0.285714,nghệt giai đoạn đầu dưỡng đều cũng có trường hợp thì bị rối loạn tinh hay từ sau khi cái quê nhưng mà khi được bác sĩ,2,"[{""text"": ""rối loạn"", ""label"": ""DISEASESYMTOM"", ""score"": 0.998321, ""start"": 56, ""end"": 64}, {""text"": ""bác sĩ"", ""label"": ""OCCUPATION"", ""score"": 0.997952, ""start"": 111, ""end"": 117}]"
279,utt_id_test_000280,VietMed_015,6.0,0.555556,đến tình trạng viêm nhiễm do đó thì với cái đặt tòng chánh thai cũng như cái cái cái,1,"[{""text"": ""viêm nhiễm"", ""label"": ""DISEASESYMTOM"", ""score"": 0.998211, ""start"": 15, ""end"": 25}]"
280,utt_id_test_000281,VietMed_015,5.0,0.157895,đặt vòng tránh thai mình sử dụng một lần nhưng có hiệu quả tránh thai từ các,4,"[{""text"": ""vòng"", ""label"": ""MEDDEVICETECHNIQUE"", ""score"": 0.318339, ""start"": 4, ""end"": 8}, {""text"": ""tránh thai"", ""label"": ""TREATMENT"", ""score"": 0.650558, ""start"": 9, ""end"": 19}, {""text"": ""tránh"", ""label"": ""DIAGNOSTICS"", ""score"": 0.620527, ""start"": 59, ""end"": 64}, {""text"": ""thai"", ""label"": ""TREATMENT"", ""score"": 0.67974, ""start"": 65, ""end"": 69}]"
281,utt_id_test_000282,VietMed_015,5.0,0.357143,tôi sẽ nhanh chóng liên lạc lại với tính giả để bạn có thể đặt câu hỏi với bác sĩ nhé đây là,2,"[{""text"": ""nhanh chóng"", ""label"": ""DATETIME"", ""score"": 0.955484, ""start"": 7, ""end"": 18}, {""text"": ""bác sĩ"", ""label"": ""OCCUPATION"", ""score"": 0.997907, ""start"": 75, ""end"": 81}]"
282,utt_id_test_000283,VietMed_015,8.0,0.178571,thể đến tháng nào bạn có thể đến để thực hiện phương pháp đi quen ra thế thì với những trường hợp mà để quá,1,"[{""text"": ""tháng"", ""label"": ""DATETIME"", ""score"": 0.938456, ""start"": 8, ""end"": 13}]"
283,utt_id_test_000284,VietMed_015,6.0,0.111111,ví dụ như là có những cái bệnh phụ khoa kém theo như là bệnh rong kinh cái,2,"[{""text"": ""bệnh phụ khoa"", ""label"": ""DISEASESYMTOM"", ""score"": 0.92765, ""start"": 26, ""end"": 39}, {""text"": ""rong kinh"", ""label"": ""DISEASESYMTOM"", ""score"": 0.998834, ""start"": 61, ""end"": 70}]"
284,utt_id_test_000285,VietMed_015,7.0,0.263158,bạn thực hiện cái biện pháp này thì thứ nhất là phải có chỉ định cái hạt khớp,4,"[{""text"": ""thứ nhất"", ""label"": ""UNITCALIBRATOR"", ""score"": 0.996236, ""start"": 36, ""end"": 44}, {""text"": ""chỉ định"", ""label"": ""PREVENTIVEMED"", ""score"": 0.991777, ""start"": 56, ""end"": 64}, {""text"": ""hạt"", ""label"": ""ORGAN"", ""score"": 0.687232, ""start"": 69, ""end"": 72}, {""text"": ""khớp"", ""label"": ""ORGAN"", ""score"": 0.995082, ""start"": 73, ""end"": 77}]"
285,utt_id_test_000286,VietMed_015,7.0,0.086957,có chị em khó chịu có cảm giác như tức ở bụng dưới này vấn đề thứ hai là có thể mình cảm,3,"[{""text"": ""chị"", ""label"": ""GENDER"", ""score"": 0.895874, ""start"": 3, ""end"": 6}, {""text"": ""em"", ""label"": ""GENDER"", ""score"": 0.29873, ""start"": 7, ""end"": 9}, {""text"": ""bụng dưới"", ""label"": ""ORGAN"", ""score"": 0.995513, ""start"": 41, ""end"": 50}]"
286,utt_id_test_000287,VietMed_015,6.0,0.6,phải mà thực hiện cái vương pháp đập vòng chính thai thì cái,1,"[{""text"": ""vương"", ""label"": ""LOCATION"", ""score"": 0.437175, ""start"": 22, ""end"": 27}]"
287,utt_id_test_000288,VietMed_015,7.0,0.5625,chứng và ngăn cho chứng sau khi đã được thực thụ tinh không được làm,2,"[{""text"": ""thụ"", ""label"": ""DIAGNOSTICS"", ""score"": 0.792623, ""start"": 45, ""end"": 48}, {""text"": ""tinh"", ""label"": ""SURGERY"", ""score"": 0.443297, ""start"": 49, ""end"": 53}]"
288,utt_id_test_000289,VietMed_015,7.0,0.241379,nhiều chị em phụ nữ quan tâm đó là cái việc là sau sinh con bao lâu thì nên là tổng tránh thay hay là cái quen,5,"[{""text"": ""chị"", ""label"": ""GENDER"", ""score"": 0.878404, ""start"": 6, ""end"": 9}, {""text"": ""em"", ""label"": ""GENDER"", ""score"": 0.255534, ""start"": 10, ""end"": 12}, {""text"": ""phụ"", ""label"": ""GENDER"", ""score"": 0.824512, ""start"": 13, ""end"": 16}, {""text"": ""nữ"", ""label"": ""AGE"", ""score"": 0.211696, ""start"": 17, ""end"": 19}, {""text"": ""sau sinh"", ""label"": ""DISEASESYMTOM"", ""score"": 0.916531, ""start"": 47, ""end"": 55}]"
289,utt_id_test_000290,VietMed_015,6.0,0.25,con bú riêng với cái quý quê tránh thai thì áp dụng được cho chị em đang tìm,3,"[{""text"": ""tránh thai"", ""label"": ""TREATMENT"", ""score"": 0.6925, ""start"": 29, ""end"": 39}, {""text"": ""chị"", ""label"": ""GENDER"", ""score"": 0.909392, ""start"": 61, ""end"": 64}, {""text"": ""em"", ""label"": ""GENDER"", ""score"": 0.466816, ""start"": 65, ""end"": 67}]"
290,utt_id_test_000291,VietMed_015,7.0,0.210526,bộ phận sinh dục là không có chỉ định đạt vòng vấn đề thứ ba là có những một số những bệnh,2,"[{""text"": ""bộ phận sinh dục"", ""label"": ""ORGAN"", ""score"": 0.994455, ""start"": 0, ""end"": 16}, {""text"": ""chỉ định"", ""label"": ""PREVENTIVEMED"", ""score"": 0.99198, ""start"": 29, ""end"": 37}]"
291,utt_id_test_000292,VietMed_015,7.0,0.142857,tầm hai hai đến hai mươi năm ngày thôi và mỗi lần hành kinh thì lượng hành kinh rất,3,"[{""text"": ""hai mươi năm ngày"", ""label"": ""DATETIME"", ""score"": 0.983182, ""start"": 16, ""end"": 33}, {""text"": ""hành kinh"", ""label"": ""DISEASESYMTOM"", ""score"": 0.998166, ""start"": 50, ""end"": 59}, {""text"": ""hành kinh"", ""label"": ""DISEASESYMTOM"", ""score"": 0.998285, ""start"": 70, ""end"": 79}]"
292,utt_id_test_000293,VietMed_015,6.0,0.259259,nếu như mà những cái phương pháp tránh thai này nó can thiệp vào cơ thể mình mà nếu như mình mà không lựa chất,3,"[{""text"": ""tránh thai"", ""label"": ""PREVENTIVEMED"", ""score"": 0.799359, ""start"": 33, ""end"": 43}, {""text"": ""can thiệp"", ""label"": ""PREVENTIVEMED"", ""score"": 0.986618, ""start"": 51, ""end"": 60}, {""text"": ""cơ thể"", ""label"": ""ORGAN"", ""score"": 0.998287, ""start"": 65, ""end"": 71}]"
293,utt_id_test_000294,VietMed_015,7.0,0.058824,rất nhiều nước trên thế giới chế tạo để giúp chị em phụ nữ ngừa thai,8,"[{""text"": ""rất nhiều"", ""label"": ""UNITCALIBRATOR"", ""score"": 0.99535, ""start"": 0, ""end"": 9}, {""text"": ""thế giới"", ""label"": ""LOCATION"", ""score"": 0.966942, ""start"": 20, ""end"": 28}, {""text"": ""chế tạo"", ""label"": ""MEDDEVICETECHNIQUE"", ""score"": 0.74308, ""start"": 29, ""end"": 36}, {""text"": ""chị"", ""label"": ""GENDER"", ""score"": 0.714951, ""start"": 45, ""end"": 48}, {""text"": ""em"", ""label"": ""AGE"", ""score"": 0.242689, ""start"": 49, ""end"": 51}, {""text"": ""phụ"", ""label"": ""GENDER"", ""score"": 0.621965, ""start"": 52, ""end"": 55}, {""text"": ""nữ"", ""label"": ""OCCUPATION"", ""score"": 0.274326, ""start"": 56, ""end"": 58}, {""text"": ""ngừa thai"", ""label"": ""DISEASESYMTOM"", ""score"": 0.745198, ""start"": 59, ""end"": 68}]"
294,utt_id_test_000295,VietMed_015,5.0,0.619048,mức đẻ sắc đến bây giờ làm bề hai năm rồi và bây giờ tốt như là,3,"[{""text"": ""bây giờ"", ""label"": ""DATETIME"", ""score"": 0.995836, ""start"": 15, ""end"": 22}, {""text"": ""hai năm"", ""label"": ""DATETIME"", ""score"": 0.994876, ""start"": 30, ""end"": 37}, {""text"": ""bây giờ"", ""label"": ""DATETIME"", ""score"": 0.996292, ""start"": 45, ""end"": 52}]"
295,utt_id_test_000296,VietMed_015,5.0,0.333333,bằng tránh thai và quen tránh thai là gì ạ vâng xin cảm ơn đưa qua,2,"[{""text"": ""tránh thai"", ""label"": ""TREATMENT"", ""score"": 0.685451, ""start"": 5, ""end"": 15}, {""text"": ""tránh thai"", ""label"": ""TREATMENT"", ""score"": 0.568553, ""start"": 24, ""end"": 34}]"
296,utt_id_test_000297,VietMed_015,6.0,0.157895,là có thể dính vào các cơ quan khác như là bàng quang ruột hoặc là ruột,3,"[{""text"": ""bàng quang"", ""label"": ""ORGAN"", ""score"": 0.994669, ""start"": 43, ""end"": 53}, {""text"": ""ruột"", ""label"": ""ORGAN"", ""score"": 0.994356, ""start"": 54, ""end"": 58}, {""text"": ""ruột"", ""label"": ""ORGAN"", ""score"": 0.997903, ""start"": 67, ""end"": 71}]"
297,utt_id_test_000298,VietMed_015,6.0,0.533333,thay bằng kể quen mà có thay chắc chắn bạn sẽ đi khám và,1,"[{""text"": ""khám"", ""label"": ""DIAGNOSTICS"", ""score"": 0.989737, ""start"": 49, ""end"": 53}]"
298,utt_id_test_000299,VietMed_015,7.0,0.142857,thường xuất hiện giai đoạn đầu dưới một năm thế còn sau đó mà mình vẫn xuất hiện,1,"[{""text"": ""một năm"", ""label"": ""DATETIME"", ""score"": 0.98014, ""start"": 36, ""end"": 43}]"
299,utt_id_test_000300,VietMed_015,5.0,0.444444,vòng ở xong quê cái sinh thai không ảnh hưởng gì đến bé vâng,1,"[{""text"": ""bé"", ""label"": ""AGE"", ""score"": 0.833361, ""start"": 53, ""end"": 55}]"
300,utt_id_test_000301,VietMed_015,6.0,0.294118,phát sóng thai thì thường là sau sinh ba tháng nếu những bạn đã có cái tác,4,"[{""text"": ""phát"", ""label"": ""MEDDEVICETECHNIQUE"", ""score"": 0.793802, ""start"": 0, ""end"": 4}, {""text"": ""sau"", ""label"": ""DATETIME"", ""score"": 0.516833, ""start"": 29, ""end"": 32}, {""text"": ""sinh"", ""label"": ""DISEASESYMTOM"", ""score"": 0.535507, ""start"": 33, ""end"": 37}, {""text"": ""ba tháng"", ""label"": ""DATETIME"", ""score"": 0.894311, ""start"": 38, ""end"": 46}]"
301,utt_id_test_000302,VietMed_015,7.0,0.153846,bác sĩ bảo bình thường nhưng mà tới tháng này thì bắt đầu là bị liên tục và ra với cái số,2,"[{""text"": ""bác sĩ"", ""label"": ""OCCUPATION"", ""score"": 0.997842, ""start"": 0, ""end"": 6}, {""text"": ""tháng này"", ""label"": ""DATETIME"", ""score"": 0.990424, ""start"": 36, ""end"": 45}]"
302,utt_id_test_000303,VietMed_015,5.0,0.448276,thính dạ muốn lên được nhận sự tư vấn trực tiếp bác sĩ xây kết nối với thính dạ xin chào và hẹn gặp lại,4,"[{""text"": ""thính dạ"", ""label"": ""ORGAN"", ""score"": 0.969224, ""start"": 0, ""end"": 8}, {""text"": ""tư vấn"", ""label"": ""PERSONALCARE"", ""score"": 0.994545, ""start"": 31, ""end"": 37}, {""text"": ""bác sĩ"", ""label"": ""OCCUPATION"", ""score"": 0.997839, ""start"": 48, ""end"": 54}, {""text"": ""thính dạ"", ""label"": ""ORGAN"", ""score"": 0.984074, ""start"": 71, ""end"": 79}]"
303,utt_id_test_000304,VietMed_015,5.0,0.454545,vâng có lẽ là tính hiệu chương trình hơi trúc cập,0,[]
304,utt_id_test_000305,VietMed_015,8.0,0.241379,khi mà đến khám định kỳ thì bác sĩ cũng có định kỳ thể chẩn tra là cho các bạn thế ngoài cái vấn đề có tác dụng như thế thì,5,"[{""text"": ""khám"", ""label"": ""DIAGNOSTICS"", ""score"": 0.993027, ""start"": 11, ""end"": 15}, {""text"": ""định kỳ"", ""label"": ""DATETIME"", ""score"": 0.995168, ""start"": 16, ""end"": 23}, {""text"": ""bác sĩ"", ""label"": ""OCCUPATION"", ""score"": 0.997962, ""start"": 28, ""end"": 34}, {""text"": ""định kỳ"", ""label"": ""DATETIME"", ""score"": 0.995553, ""start"": 43, ""end"": 50}, {""text"": ""chẩn tra"", ""label"": ""DIAGNOSTICS"", ""score"": 0.979401, ""start"": 55, ""end"": 63}]"
305,utt_id_test_000306,VietMed_015,5.0,0.421053,cầu xin cảm ơn cô hỏi của mạng bác sĩ từ đầu chương trình cũng cảm ơn,2,"[{""text"": ""cô"", ""label"": ""GENDER"", ""score"": 0.965138, ""start"": 15, ""end"": 17}, {""text"": ""bác sĩ"", ""label"": ""OCCUPATION"", ""score"": 0.99797, ""start"": 31, ""end"": 37}]"
306,utt_id_test_000307,VietMed_015,7.0,0.117647,quy trình và theo dõi theo đúng lịch của bác sĩ thì cái tình trạng đúng,1,"[{""text"": ""bác sĩ"", ""label"": ""OCCUPATION"", ""score"": 0.997926, ""start"": 41, ""end"": 47}]"
307,utt_id_test_000308,VietMed_015,6.0,0.230769,hoặc là ruột thế nhưng mà tỷ lệ này không nhiều tỷ lệ không nhiều theo thống kê của tổ chất,4,"[{""text"": ""ruột"", ""label"": ""ORGAN"", ""score"": 0.973194, ""start"": 8, ""end"": 12}, {""text"": ""tỷ lệ"", ""label"": ""UNITCALIBRATOR"", ""score"": 0.992016, ""start"": 26, ""end"": 31}, {""text"": ""tỷ lệ không nhiều"", ""label"": ""UNITCALIBRATOR"", ""score"": 0.957624, ""start"": 48, ""end"": 65}, {""text"": ""thống kê"", ""label"": ""MEDDEVICETECHNIQUE"", ""score"": 0.884731, ""start"": 71, ""end"": 79}]"
308,utt_id_test_000309,VietMed_015,6.0,0.1875,thi chưa sử dụng biện pháp tránh thay nào thì theo khuyến cáo mình sẽ,1,"[{""text"": ""khuyến cáo"", ""label"": ""PREVENTIVEMED"", ""score"": 0.990906, ""start"": 51, ""end"": 61}]"
309,utt_id_test_000310,VietMed_015,7.0,0.375,và sàng loại xuất sinh một bạn cũng muốn hỏi bác sĩ về việc là nếu mà cũng,1,"[{""text"": ""bác sĩ"", ""label"": ""OCCUPATION"", ""score"": 0.997874, ""start"": 45, ""end"": 51}]"
310,utt_id_test_000311,VietMed_015,7.0,0.214286,vị và các bạn khi các chị em cũng phải tìm hiểu thật kỹ về tình trạng hình sức khỏe rồi điều kiện hoàn cảnh của mình và đặc biệt là,2,"[{""text"": ""chị"", ""label"": ""GENDER"", ""score"": 0.939646, ""start"": 22, ""end"": 25}, {""text"": ""em"", ""label"": ""GENDER"", ""score"": 0.397095, ""start"": 26, ""end"": 28}]"
311,utt_id_test_000312,VietMed_015,7.0,0.210526,thì chúng ta phải thực hiện sau cái sạch kinh từ ba đến năm ngày và chú ý là chưa có sức,2,"[{""text"": ""kinh"", ""label"": ""ORGAN"", ""score"": 0.983336, ""start"": 41, ""end"": 45}, {""text"": ""ba đến năm ngày"", ""label"": ""DATETIME"", ""score"": 0.990235, ""start"": 49, ""end"": 64}]"
312,utt_id_test_000313,VietMed_015,7.0,0.285714,hợp nào cũng như là cái quần trình thai như ở trường hợp nào vì vậy mà nếu như quý vị đang nghĩ là chúng ta có nên,0,[]
313,utt_id_test_000314,VietMed_015,9.0,0.304348,rất là nhiều phương pháp chánh thay an toàn hiệu quả trong cái đó thì phải kể đến thứ nhất là đạt vòng vào cái quay,1,"[{""text"": ""thứ nhất"", ""label"": ""UNITCALIBRATOR"", ""score"": 0.995291, ""start"": 82, ""end"": 90}]"
314,utt_id_test_000315,VietMed_015,7.0,0.111111,bạn thì theo bạn nói là kinh của bạn một tháng có hai lần thì nghĩa là khoảng cách sử,4,"[{""text"": ""kinh"", ""label"": ""ORGAN"", ""score"": 0.929821, ""start"": 24, ""end"": 28}, {""text"": ""một tháng"", ""label"": ""DATETIME"", ""score"": 0.99558, ""start"": 37, ""end"": 46}, {""text"": ""hai lần"", ""label"": ""UNITCALIBRATOR"", ""score"": 0.98275, ""start"": 50, ""end"": 57}, {""text"": ""cách"", ""label"": ""UNITCALIBRATOR"", ""score"": 0.656064, ""start"": 78, ""end"": 82}]"
315,utt_id_test_000316,VietMed_015,6.0,0.411765,được sử dụng và khi mà mình kế quen thì hàng này sẽ phóng tích nữa một lượng nhỏ,0,[]
316,utt_id_test_000317,VietMed_015,7.0,0.3,đến hai lần tất cả cái vùng tổng kinh là nó rất ngắn ạ thì tôi không biết là cái,2,"[{""text"": ""hai lần"", ""label"": ""UNITCALIBRATOR"", ""score"": 0.941647, ""start"": 4, ""end"": 11}, {""text"": ""tổng kinh"", ""label"": ""ORGAN"", ""score"": 0.940792, ""start"": 28, ""end"": 37}]"
317,utt_id_test_000318,VietMed_015,5.0,0.066667,như là trong quá trình chị em vệ sinh không đảm bảo sạch sẽ,3,"[{""text"": ""chị"", ""label"": ""GENDER"", ""score"": 0.903101, ""start"": 23, ""end"": 26}, {""text"": ""em"", ""label"": ""GENDER"", ""score"": 0.396412, ""start"": 27, ""end"": 29}, {""text"": ""vệ sinh"", ""label"": ""PERSONALCARE"", ""score"": 0.5714, ""start"": 30, ""end"": 37}]"
318,utt_id_test_000319,VietMed_015,8.0,0.25,đầu tôi giao đổi không để lại xẹo không để lại di chứng nhưng mà chị em vẫn có thể kiểm tra cái quen,4,"[{""text"": ""di chứng"", ""label"": ""DISEASESYMTOM"", ""score"": 0.998747, ""start"": 47, ""end"": 55}, {""text"": ""chị"", ""label"": ""GENDER"", ""score"": 0.898773, ""start"": 65, ""end"": 68}, {""text"": ""em"", ""label"": ""GENDER"", ""score"": 0.450534, ""start"": 69, ""end"": 71}, {""text"": ""kiểm tra"", ""label"": ""DIAGNOSTICS"", ""score"": 0.987687, ""start"": 83, ""end"": 91}]"
319,utt_id_test_000320,VietMed_015,6.0,0.235294,chạy máu tụ máu và sau đó thì định kỳ bác sĩ tới tư vấn và,5,"[{""text"": ""máu"", ""label"": ""DISEASESYMTOM"", ""score"": 0.476893, ""start"": 5, ""end"": 8}, {""text"": ""tụ máu"", ""label"": ""DISEASESYMTOM"", ""score"": 0.789547, ""start"": 9, ""end"": 15}, {""text"": ""định kỳ"", ""label"": ""DATETIME"", ""score"": 0.995248, ""start"": 30, ""end"": 37}, {""text"": ""bác sĩ"", ""label"": ""OCCUPATION"", ""score"": 0.997805, ""start"": 38, ""end"": 44}, {""text"": ""tư vấn"", ""label"": ""PERSONALCARE"", ""score"": 0.99167, ""start"": 49, ""end"": 55}]"
320,utt_id_test_000321,VietMed_015,5.0,0.105263,có ba đến năm ngày lượng kinh ra vừa da nhiều nhất là ngày thứ hai thế còn qua,4,"[{""text"": ""ba đến năm ngày"", ""label"": ""DATETIME"", ""score"": 0.987416, ""start"": 3, ""end"": 18}, {""text"": ""kinh"", ""label"": ""ORGAN"", ""score"": 0.578228, ""start"": 25, ""end"": 29}, {""text"": ""da"", ""label"": ""ORGAN"", ""score"": 0.99766, ""start"": 37, ""end"": 39}, {""text"": ""ngày thứ hai"", ""label"": ""DATETIME"", ""score"": 0.990382, ""start"": 54, ""end"": 66}]"
321,utt_id_test_000322,VietMed_015,6.0,0.2,cứ một cái phương pháp tránh thang nào thì cũng có những cái ưu điểm và nhực điểm vì vậy mà tùy thuộc vào những cái đối tượng,0,[]
322,utt_id_test_000323,VietMed_015,6.0,0.555556,quề sinh thai thì có tác dụng từ ba đến năm năm,1,"[{""text"": ""ba đến năm năm"", ""label"": ""DATETIME"", ""score"": 0.945924, ""start"": 33, ""end"": 47}]"
323,utt_id_test_000324,VietMed_015,5.0,0.076923,chắc chắn là mọi người cũng sẽ thắc mắc về việc là những cái phương pháp tránh thai này có an toàn hiệu quả dự,2,"[{""text"": ""tránh"", ""label"": ""PREVENTIVEMED"", ""score"": 0.447564, ""start"": 73, ""end"": 78}, {""text"": ""thai"", ""label"": ""TREATMENT"", ""score"": 0.838478, ""start"": 79, ""end"": 83}]"
324,utt_id_test_000325,VietMed_015,6.0,0.166667,thành thai nhiều năm nếu nó rất là tốt với trường hợp các bạn mà hay quên hay quên dùng thuốc,3,"[{""text"": ""thành thai"", ""label"": ""DISEASESYMTOM"", ""score"": 0.92557, ""start"": 0, ""end"": 10}, {""text"": ""nhiều năm"", ""label"": ""DATETIME"", ""score"": 0.900623, ""start"": 11, ""end"": 20}, {""text"": ""thuốc"", ""label"": ""DRUGCHEMICAL"", ""score"": 0.99539, ""start"": 88, ""end"": 93}]"
325,utt_id_test_000326,VietMed_015,7.0,0.366667,hỏi là thai sau khi cấy quần chính thai thì có nguy hiểm không vâng cảm ơn câu hỏi của bạn,1,"[{""text"": ""cấy quần"", ""label"": ""MEDDEVICETECHNIQUE"", ""score"": 0.783943, ""start"": 20, ""end"": 28}]"
326,utt_id_test_000327,VietMed_015,6.0,0.368421,rất là dễ dàng dễ dàng tiện lợ không vướng víu khi mà mình làm công tác,0,[]
327,utt_id_test_000328,VietMed_015,9.0,0.111111,thứ nhất là gây ra hiện tượng rối loạn kinh rong kinh rong huyết và đau bụng kinh do đó thì cái những cái tác dụng này,5,"[{""text"": ""thứ nhất"", ""label"": ""UNITCALIBRATOR"", ""score"": 0.996097, ""start"": 0, ""end"": 8}, {""text"": ""rối loạn kinh"", ""label"": ""DISEASESYMTOM"", ""score"": 0.998623, ""start"": 30, ""end"": 43}, {""text"": ""rong kinh"", ""label"": ""DISEASESYMTOM"", ""score"": 0.998852, ""start"": 44, ""end"": 53}, {""text"": ""rong huyết"", ""label"": ""DISEASESYMTOM"", ""score"": 0.998585, ""start"": 54, ""end"": 64}, {""text"": ""đau bụng kinh"", ""label"": ""DISEASESYMTOM"", ""score"": 0.998766, ""start"": 68, ""end"": 81}]"
328,utt_id_test_000329,VietMed_015,8.0,0.258065,chánh thai cũng như là cái cressánh thai mình thực hiện một lần nhưng có tác dụng trong nhiều năm với cái vòng chánh thai thì có thể,5,"[{""text"": ""chánh thai"", ""label"": ""ORGAN"", ""score"": 0.919204, ""start"": 0, ""end"": 10}, {""text"": ""thai"", ""label"": ""DISEASESYMTOM"", ""score"": 0.351576, ""start"": 36, ""end"": 40}, {""text"": ""nhiều năm"", ""label"": ""DATETIME"", ""score"": 0.982019, ""start"": 88, ""end"": 97}, {""text"": ""chán"", ""label"": ""ORGAN"", ""score"": 0.782107, ""start"": 111, ""end"": 115}, {""text"": ""thai"", ""label"": ""ORGAN"", ""score"": 0.885449, ""start"": 117, ""end"": 121}]"
329,utt_id_test_000330,VietMed_015,6.0,0.357143,thứ nhất là cả hai phương pháp đặt vòng một cái,1,"[{""text"": ""thứ nhất"", ""label"": ""UNITCALIBRATOR"", ""score"": 0.994597, ""start"": 0, ""end"": 8}]"
330,utt_id_test_000331,VietMed_015,6.0,0.277778,tác dụng phụ nào không ví dụ như là rong kinh rong huyết này hoặc là nám ra hoặc là tai,5,"[{""text"": ""tác dụng phụ"", ""label"": ""DISEASESYMTOM"", ""score"": 0.998917, ""start"": 0, ""end"": 12}, {""text"": ""rong kinh"", ""label"": ""DISEASESYMTOM"", ""score"": 0.998936, ""start"": 36, ""end"": 45}, {""text"": ""rong huyết"", ""label"": ""DISEASESYMTOM"", ""score"": 0.998865, ""start"": 46, ""end"": 56}, {""text"": ""nám"", ""label"": ""DISEASESYMTOM"", ""score"": 0.99828, ""start"": 69, ""end"": 72}, {""text"": ""tai"", ""label"": ""ORGAN"", ""score"": 0.997513, ""start"": 84, ""end"": 87}]"
331,utt_id_test_000332,VietMed_015,5.0,0.157895,lại hồi bé được ba tháng nay em bé được sáu tháng tuổi em muốn đi đường,4,"[{""text"": ""bé"", ""label"": ""AGE"", ""score"": 0.499137, ""start"": 8, ""end"": 10}, {""text"": ""ba tháng"", ""label"": ""DATETIME"", ""score"": 0.940734, ""start"": 16, ""end"": 24}, {""text"": ""em bé"", ""label"": ""AGE"", ""score"": 0.730266, ""start"": 29, ""end"": 34}, {""text"": ""sáu tháng tuổi"", ""label"": ""AGE"", ""score"": 0.883033, ""start"": 40, ""end"": 54}]"
332,utt_id_test_000333,VietMed_015,8.0,0.2,sĩ và bạn thực hiện khi mà cái hộp cái quê nó không bị rách nắp nó không bị thùng,0,[]
333,utt_id_test_000334,VietMed_015,6.0,0.166667,em chỉ khoảng bị khoảng trầm ba đến bốn ngày nhưng mà trong những ngày đó,2,"[{""text"": ""ba đến bốn ngày"", ""label"": ""DATETIME"", ""score"": 0.970177, ""start"": 29, ""end"": 44}, {""text"": ""ngày"", ""label"": ""DATETIME"", ""score"": 0.550144, ""start"": 66, ""end"": 70}]"
334,utt_id_test_000335,VietMed_015,7.0,0.105263,và cái câu hỏi thứ hai là trước đây thì tôi cũng đã từng sử dụng cái biện pháp mà,0,[]
335,utt_id_test_000336,VietMed_015,7.0,0.153846,có con ngay sau khi cưới thì tuy nhiên lại cũng không muốn sử dụng các cái phương pháp tránh thay thông thường như là sử dụng bác vân,1,"[{""text"": ""bác"", ""label"": ""AGE"", ""score"": 0.995912, ""start"": 126, ""end"": 129}]"
336,utt_id_test_000337,VietMed_015,6.0,0.3,sự y tế để khám và tư vấn,2,"[{""text"": ""khám"", ""label"": ""DIAGNOSTICS"", ""score"": 0.956675, ""start"": 11, ""end"": 15}, {""text"": ""tư vấn"", ""label"": ""PERSONALCARE"", ""score"": 0.988833, ""start"": 19, ""end"": 25}]"
337,utt_id_test_000338,VietMed_015,6.0,0.235294,mà dụng cụ có chứa hóa mộn có tác dụng gần giống như là cái viên thuốc chống,1,"[{""text"": ""thuốc"", ""label"": ""DRUGCHEMICAL"", ""score"": 0.982228, ""start"": 65, ""end"": 70}]"
338,utt_id_test_000339,VietMed_015,6.0,0.388889,chống ban năm do đó thì ngoài cái việc khám định kỳ sau khi mình kế quen thì mình,3,"[{""text"": ""ban năm"", ""label"": ""DATETIME"", ""score"": 0.802774, ""start"": 6, ""end"": 13}, {""text"": ""khám"", ""label"": ""DIAGNOSTICS"", ""score"": 0.992248, ""start"": 39, ""end"": 43}, {""text"": ""định kỳ"", ""label"": ""DATETIME"", ""score"": 0.994462, ""start"": 44, ""end"": 51}]"
339,utt_id_test_000340,VietMed_015,6.0,0.225806,đường những cái cơ sở y tín thì nó cũng sẽ gây ra những cái tác dụng phụ không tốt cho với sức khỏe trị em phụ nữa,3,"[{""text"": ""cơ sở"", ""label"": ""LOCATION"", ""score"": 0.3709, ""start"": 16, ""end"": 21}, {""text"": ""y tín"", ""label"": ""ORGANIZATION"", ""score"": 0.370938, ""start"": 22, ""end"": 27}, {""text"": ""tác dụng phụ"", ""label"": ""DISEASESYMTOM"", ""score"": 0.99883, ""start"": 60, ""end"": 72}]"
340,utt_id_test_000341,VietMed_015,6.0,0.285714,sinh ạ nàng xin được là cha chị ạ xin cảm ơn câu hỏi của bạn và bây giờ thì chúng tôi xin được kết nối với một,4,"[{""text"": ""nàng"", ""label"": ""GENDER"", ""score"": 0.819295, ""start"": 7, ""end"": 11}, {""text"": ""cha"", ""label"": ""GENDER"", ""score"": 0.713248, ""start"": 24, ""end"": 27}, {""text"": ""chị"", ""label"": ""GENDER"", ""score"": 0.65529, ""start"": 28, ""end"": 31}, {""text"": ""bây giờ"", ""label"": ""DATETIME"", ""score"": 0.996952, ""start"": 64, ""end"": 71}]"
341,utt_id_test_000342,VietMed_015,7.0,0.227273,lựa chọn và tỷ lệ hiệu quả tránh thai đến đến chín mươi tám phần trăm do đó thì bạn cái yên tâm thì,4,"[{""text"": ""tỷ lệ"", ""label"": ""UNITCALIBRATOR"", ""score"": 0.993075, ""start"": 12, ""end"": 17}, {""text"": ""tránh"", ""label"": ""DIAGNOSTICS"", ""score"": 0.590626, ""start"": 27, ""end"": 32}, {""text"": ""thai"", ""label"": ""TREATMENT"", ""score"": 0.490874, ""start"": 33, ""end"": 37}, {""text"": ""m phần trăm"", ""label"": ""UNITCALIBRATOR"", ""score"": 0.787917, ""start"": 58, ""end"": 69}]"
342,utt_id_test_000343,VietMed_015,6.0,0.666667,các uống uống chúc chính xác thì có có có một cái,1,"[{""text"": ""uống uống"", ""label"": ""PERSONALCARE"", ""score"": 0.627221, ""start"": 4, ""end"": 13}]"
343,utt_id_test_000344,VietMed_015,7.0,0.294118,hỏi bác sĩ về việc đó là em sinh bé thường không sinh mủ em có kinh rối không,2,"[{""text"": ""bác sĩ"", ""label"": ""OCCUPATION"", ""score"": 0.99792, ""start"": 4, ""end"": 10}, {""text"": ""kinh rối"", ""label"": ""DISEASESYMTOM"", ""score"": 0.684091, ""start"": 63, ""end"": 71}]"
344,utt_id_test_000345,VietMed_015,7.0,0.315789,cơ quan cũng như gia đình đấy là và tỷ lệ tránh thai của cái quê tránh thai,4,"[{""text"": ""tỷ lệ"", ""label"": ""UNITCALIBRATOR"", ""score"": 0.993542, ""start"": 36, ""end"": 41}, {""text"": ""thai"", ""label"": ""DISEASESYMTOM"", ""score"": 0.346176, ""start"": 48, ""end"": 52}, {""text"": ""tránh"", ""label"": ""DIAGNOSTICS"", ""score"": 0.43722, ""start"": 65, ""end"": 70}, {""text"": ""thai"", ""label"": ""TREATMENT"", ""score"": 0.730409, ""start"": 71, ""end"": 75}]"
345,utt_id_test_000346,VietMed_015,6.0,0.172414,để thực hiện những cái phương pháp này và bây giờ thì chúng tôi cũng đã kết nối lại được với thính giả rồi xin được với một trao thính giả,3,"[{""text"": ""bây giờ"", ""label"": ""DATETIME"", ""score"": 0.9965, ""start"": 42, ""end"": 49}, {""text"": ""thính giả"", ""label"": ""OCCUPATION"", ""score"": 0.98951, ""start"": 93, ""end"": 102}, {""text"": ""thính giả"", ""label"": ""OCCUPATION"", ""score"": 0.98945, ""start"": 129, ""end"": 138}]"
346,utt_id_test_000347,VietMed_015,6.0,0.166667,ví dụ như là đau bụng kinh này kinh kéo dài này kinh ngắn này nghĩa là vào cái,3,"[{""text"": ""đau bụng kinh"", ""label"": ""DISEASESYMTOM"", ""score"": 0.998271, ""start"": 13, ""end"": 26}, {""text"": ""kinh kéo dài"", ""label"": ""DISEASESYMTOM"", ""score"": 0.815136, ""start"": 31, ""end"": 43}, {""text"": ""kinh ngắn"", ""label"": ""DISEASESYMTOM"", ""score"": 0.90573, ""start"": 48, ""end"": 57}]"
347,utt_id_test_000348,VietMed_015,6.0,0.4,này có hai ngoài y muốn thứ hai nữa là nó có những cái tác dụng phụ khi mà có những cái,1,"[{""text"": ""tác dụng phụ"", ""label"": ""DISEASESYMTOM"", ""score"": 0.998864, ""start"": 55, ""end"": 67}]"
348,utt_id_test_000349,VietMed_015,7.0,0.1,động kinh và những người đang ra máu đấy khi,2,"[{""text"": ""động kinh"", ""label"": ""DISEASESYMTOM"", ""score"": 0.862564, ""start"": 0, ""end"": 9}, {""text"": ""ra máu"", ""label"": ""DISEASESYMTOM"", ""score"": 0.998065, ""start"": 30, ""end"": 36}]"
349,utt_id_test_000350,VietMed_015,6.0,0.32,cũng là một phương pháp được tổ chức y tế thế giới liên quan sang sách những phương pháp tránh thai nên sử dụng tuy nhiên tuy nhiên tất cả,2,"[{""text"": ""tổ chức y tế thế giới"", ""label"": ""ORGANIZATION"", ""score"": 0.704622, ""start"": 29, ""end"": 50}, {""text"": ""thai"", ""label"": ""DISEASESYMTOM"", ""score"": 0.809995, ""start"": 95, ""end"": 99}]"
350,utt_id_test_000351,VietMed_015,8.0,0.294118,được đa số chị em tin dùng về cái đặc phòng chính thai thì là phương pháp,3,"[{""text"": ""chị"", ""label"": ""GENDER"", ""score"": 0.872348, ""start"": 11, ""end"": 14}, {""text"": ""em"", ""label"": ""GENDER"", ""score"": 0.290093, ""start"": 15, ""end"": 17}, {""text"": ""phòng"", ""label"": ""LOCATION"", ""score"": 0.227206, ""start"": 38, ""end"": 43}]"
351,utt_id_test_000352,VietMed_015,6.0,0.25,thì phổ biến những cái loại quê tránh thai nào và thường nó tác dụng tránh thai trong thời gian bao lâu thôi bác sĩ,4,"[{""text"": ""tránh thai"", ""label"": ""TREATMENT"", ""score"": 0.693418, ""start"": 32, ""end"": 42}, {""text"": ""tránh thai"", ""label"": ""TREATMENT"", ""score"": 0.718976, ""start"": 69, ""end"": 79}, {""text"": ""thời gian"", ""label"": ""DATETIME"", ""score"": 0.996086, ""start"": 86, ""end"": 95}, {""text"": ""bác sĩ"", ""label"": ""OCCUPATION"", ""score"": 0.997884, ""start"": 109, ""end"": 115}]"
352,utt_id_test_000353,VietMed_015,6.0,0.1875,khiên thế còn thì cũng là sinh lý cũng là sinh lý khi mà,0,[]
353,utt_id_test_000354,VietMed_015,5.0,0.35,quan tâm rất lớn từ viế các chị em đó là quê cấy dưới da vâng còn,4,"[{""text"": ""chị"", ""label"": ""GENDER"", ""score"": 0.94335, ""start"": 28, ""end"": 31}, {""text"": ""em"", ""label"": ""GENDER"", ""score"": 0.342147, ""start"": 32, ""end"": 34}, {""text"": ""cấy dưới"", ""label"": ""SURGERY"", ""score"": 0.927818, ""start"": 45, ""end"": 53}, {""text"": ""da"", ""label"": ""ORGAN"", ""score"": 0.930123, ""start"": 54, ""end"": 56}]"
354,utt_id_test_000355,VietMed_015,7.0,0.263158,cái tránh thai có thể di chuyển không đúng vị trí ví dụ như vào phổi này hoặc là lên những cái,2,"[{""text"": ""tránh thai"", ""label"": ""TREATMENT"", ""score"": 0.704514, ""start"": 4, ""end"": 14}, {""text"": ""phổi"", ""label"": ""ORGAN"", ""score"": 0.991258, ""start"": 64, ""end"": 68}]"
355,utt_id_test_000356,VietMed_015,6.0,0.25,khuynh bạn ngắn này và những trường hợp buồn luôn đau đầu chóng mặt,2,"[{""text"": ""đau đầu"", ""label"": ""DISEASESYMTOM"", ""score"": 0.998832, ""start"": 50, ""end"": 57}, {""text"": ""chóng mặt"", ""label"": ""DISEASESYMTOM"", ""score"": 0.998829, ""start"": 58, ""end"": 67}]"
356,utt_id_test_000357,VietMed_015,5.0,0.333333,là những trường hợp chúng chỉ định sẽ không được đặt chúng,1,"[{""text"": ""chỉ định"", ""label"": ""PREVENTIVEMED"", ""score"": 0.992738, ""start"": 26, ""end"": 34}]"
357,utt_id_test_000358,VietMed_015,5.0,0.333333,này vẫn trước khi áp dụng các cái phương pháp tránh tay này là một câu hóa,1,"[{""text"": ""tay"", ""label"": ""ORGAN"", ""score"": 0.963834, ""start"": 52, ""end"": 55}]"
358,utt_id_test_000359,VietMed_015,7.0,0.086957,sau khi đặt vòng thì trước khi đặt vòng thì kinh nguyệt của bạn thế nào và sau khi đặt vòng thì cứu,1,"[{""text"": ""kinh nguyệt"", ""label"": ""DISEASESYMTOM"", ""score"": 0.798554, ""start"": 44, ""end"": 55}]"
359,utt_id_test_000360,VietMed_015,9.0,0.153846,cái quen giảnh thai ở cái vùng cánh tay mà trong cánh tay không thuận thì bác sĩ sẽ băng ép băng ép tại chỗ,6,"[{""text"": ""vùng"", ""label"": ""ORGAN"", ""score"": 0.616601, ""start"": 26, ""end"": 30}, {""text"": ""cánh tay"", ""label"": ""ORGAN"", ""score"": 0.996752, ""start"": 31, ""end"": 39}, {""text"": ""cánh tay"", ""label"": ""ORGAN"", ""score"": 0.997285, ""start"": 49, ""end"": 57}, {""text"": ""bác sĩ"", ""label"": ""OCCUPATION"", ""score"": 0.997766, ""start"": 74, ""end"": 80}, {""text"": ""băng"", ""label"": ""MEDDEVICETECHNIQUE"", ""score"": 0.637685, ""start"": 84, ""end"": 88}, {""text"": ""băng ép"", ""label"": ""MEDDEVICETECHNIQUE"", ""score"": 0.583094, ""start"": 92, ""end"": 99}]"
360,utt_id_test_000361,VietMed_015,8.0,0.269231,thai bằng thuốc chuyển sang phương khắc chánh thai bằng cấy quê thì có thể được bởi vì là cái cái quê chánh thai trước khi bạn cấy,5,"[{""text"": ""thuốc"", ""label"": ""DRUGCHEMICAL"", ""score"": 0.995747, ""start"": 10, ""end"": 15}, {""text"": ""thai"", ""label"": ""DISEASESYMTOM"", ""score"": 0.695191, ""start"": 46, ""end"": 50}, {""text"": ""cấy"", ""label"": ""SURGERY"", ""score"": 0.642253, ""start"": 56, ""end"": 59}, {""text"": ""thai"", ""label"": ""DISEASESYMTOM"", ""score"": 0.476382, ""start"": 108, ""end"": 112}, {""text"": ""cấy"", ""label"": ""SURGERY"", ""score"": 0.534777, ""start"": 127, ""end"": 130}]"
361,utt_id_test_000362,VietMed_015,5.0,0.333333,là được đeo số chị em phụ nữ lựa chọn thế còn thì nhân tố,4,"[{""text"": ""chị"", ""label"": ""GENDER"", ""score"": 0.80843, ""start"": 15, ""end"": 18}, {""text"": ""em"", ""label"": ""AGE"", ""score"": 0.236874, ""start"": 19, ""end"": 21}, {""text"": ""phụ"", ""label"": ""GENDER"", ""score"": 0.765457, ""start"": 22, ""end"": 25}, {""text"": ""nữ"", ""label"": ""AGE"", ""score"": 0.278848, ""start"": 26, ""end"": 28}]"
362,utt_id_test_000363,VietMed_015,6.0,0.142857,đúng một giờ quy định ví dụ như là khi đến thời gian mà bạn bật tivi là bạn nhớ là bạn sẽ phải uống cái biến thuốc,3,"[{""text"": ""một giờ"", ""label"": ""DATETIME"", ""score"": 0.783158, ""start"": 5, ""end"": 12}, {""text"": ""thời gian"", ""label"": ""DATETIME"", ""score"": 0.996158, ""start"": 43, ""end"": 52}, {""text"": ""thuốc"", ""label"": ""DRUGCHEMICAL"", ""score"": 0.995538, ""start"": 109, ""end"": 114}]"
363,utt_id_test_000364,VietMed_015,6.0,0.166667,chức hết thì về cái phương pháp tránh thai như ban đầu đã sau đổi thì có thể,1,"[{""text"": ""tránh thai"", ""label"": ""TREATMENT"", ""score"": 0.742234, ""start"": 32, ""end"": 42}]"
364,utt_id_test_000365,VietMed_015,8.0,0.25,cái huyện nền đông của tỉnh thì đối với các khách chung tâm y tế thì có thể thực hiện,4,"[{""text"": ""huyện"", ""label"": ""LOCATION"", ""score"": 0.875676, ""start"": 4, ""end"": 9}, {""text"": ""tỉnh"", ""label"": ""LOCATION"", ""score"": 0.889029, ""start"": 23, ""end"": 27}, {""text"": ""tâm"", ""label"": ""LOCATION"", ""score"": 0.551317, ""start"": 56, ""end"": 59}, {""text"": ""y tế"", ""label"": ""ORGANIZATION"", ""score"": 0.435055, ""start"": 60, ""end"": 64}]"
365,utt_id_test_000366,VietMed_015,5.0,0.45,giờ thì tôi cũng không biết là đi hay ở bệnh trị hay ở trung tâm đi,2,"[{""text"": ""bệnh trị"", ""label"": ""TREATMENT"", ""score"": 0.990687, ""start"": 40, ""end"": 48}, {""text"": ""trung tâm"", ""label"": ""LOCATION"", ""score"": 0.972158, ""start"": 55, ""end"": 64}]"
366,utt_id_test_000367,VietMed_015,7.0,0.222222,chia m có thể tự kiểm tra vòng có ở đúng vị trí hay không thế và trong,1,"[{""text"": ""kiểm tra"", ""label"": ""DIAGNOSTICS"", ""score"": 0.989848, ""start"": 17, ""end"": 25}]"
367,utt_id_test_000368,VietMed_015,7.0,0.241379,công tác thì tôi dự định là tránh thai khoảng năm đến bảy năm nữa mới sinh cháo thứ hai tôi được nhận được lời khuyên là nên đi,2,"[{""text"": ""tránh thai"", ""label"": ""TREATMENT"", ""score"": 0.745248, ""start"": 28, ""end"": 38}, {""text"": ""năm đến bảy năm"", ""label"": ""DATETIME"", ""score"": 0.993275, ""start"": 46, ""end"": 61}]"
368,utt_id_test_000369,VietMed_015,7.0,0.666667,dùng các biện pháp tế vung vận nếu mà bạn muốn chuyển sang bạn gừng cái dùng phương pháp,1,"[{""text"": ""gừng"", ""label"": ""FOODDRINK"", ""score"": 0.800316, ""start"": 63, ""end"": 67}]"
369,utt_id_test_000370,VietMed_015,7.0,0.2,ép này được tháo ra sau hai tư giờ thế do đó thì nó sẽ hạn chế thứ nhất là cái chất,2,"[{""text"": ""sau hai tư giờ"", ""label"": ""DATETIME"", ""score"": 0.923471, ""start"": 20, ""end"": 34}, {""text"": ""thứ nhất"", ""label"": ""UNITCALIBRATOR"", ""score"": 0.995243, ""start"": 63, ""end"": 71}]"
370,utt_id_test_000371,VietMed_015,6.0,0.210526,đặt vòng tránh thai được chưa ạ và đi trước hay sau chu kỳ kinh đặt vòng thì có hiệu quả ngừa thay,4,"[{""text"": ""tránh"", ""label"": ""MEDDEVICETECHNIQUE"", ""score"": 0.577871, ""start"": 9, ""end"": 14}, {""text"": ""thai"", ""label"": ""TREATMENT"", ""score"": 0.740681, ""start"": 15, ""end"": 19}, {""text"": ""chu kỳ"", ""label"": ""DATETIME"", ""score"": 0.94189, ""start"": 52, ""end"": 58}, {""text"": ""kinh"", ""label"": ""DISEASESYMTOM"", ""score"": 0.657248, ""start"": 59, ""end"": 63}]"
371,utt_id_test_000372,VietMed_015,6.0,0.235294,quê sánh thai đều trống chỉ định với những trường hợp nghi ngờ có thai và có thát,4,"[{""text"": ""chỉ định"", ""label"": ""PREVENTIVEMED"", ""score"": 0.992544, ""start"": 24, ""end"": 32}, {""text"": ""nghi ngờ"", ""label"": ""PREVENTIVEMED"", ""score"": 0.774844, ""start"": 54, ""end"": 62}, {""text"": ""có thai"", ""label"": ""DISEASESYMTOM"", ""score"": 0.995705, ""start"": 63, ""end"": 70}, {""text"": ""có thát"", ""label"": ""DISEASESYMTOM"", ""score"": 0.963688, ""start"": 74, ""end"": 81}]"
372,utt_id_test_000373,VietMed_015,7.0,0.210526,sau đoạn phòng một tháng tất cả các chỉ số bình thường thì bạn có thể kết tục,2,"[{""text"": ""một tháng"", ""label"": ""DATETIME"", ""score"": 0.995605, ""start"": 15, ""end"": 24}, {""text"": ""chỉ số"", ""label"": ""UNITCALIBRATOR"", ""score"": 0.902329, ""start"": 36, ""end"": 42}]"
373,utt_id_test_000374,VietMed_015,8.0,0.25,rất là dễ dàng khi đặt quê thì cũng khoảng hai vấn ba phút và tháo quê cũng chỉ khoảng hai ba phút,0,[]
374,utt_id_test_000375,VietMed_015,6.0,0.4,con đú sau sinh từ sáu tuần trở ra không ảnh hưởng đến tiết sữa và không ảnh hưởng đến từ,3,"[{""text"": ""sinh"", ""label"": ""DISEASESYMTOM"", ""score"": 0.95121, ""start"": 11, ""end"": 15}, {""text"": ""sáu tuần"", ""label"": ""DATETIME"", ""score"": 0.987174, ""start"": 19, ""end"": 27}, {""text"": ""sữa"", ""label"": ""FOODDRINK"", ""score"": 0.929273, ""start"": 60, ""end"": 63}]"
375,utt_id_test_000376,VietMed_015,5.0,0.296296,hay là cũng chơi thể thao nhiều vận động mạnh thì các cái tư thế cũng không phù hợp và chất lượng,0,[]
376,utt_id_test_000377,VietMed_015,6.0,0.15,khi mà thai đã quá hạn sử dụng vì là khi mà anh thực hiện cái phương pháp quý quen,2,"[{""text"": ""thai"", ""label"": ""DISEASESYMTOM"", ""score"": 0.517089, ""start"": 7, ""end"": 11}, {""text"": ""anh"", ""label"": ""GENDER"", ""score"": 0.977306, ""start"": 44, ""end"": 47}]"
377,utt_id_test_000378,VietMed_015,6.0,0.178571,cái hai cái biện pháp tránh thai đó là đặt vòng và cấy quê tránh thai thì biện pháp nào là an toàn hơn cũng như là rất,4,"[{""text"": ""tránh"", ""label"": ""PREVENTIVEMED"", ""score"": 0.5592, ""start"": 22, ""end"": 27}, {""text"": ""thai"", ""label"": ""TREATMENT"", ""score"": 0.868752, ""start"": 28, ""end"": 32}, {""text"": ""cấy quê"", ""label"": ""SURGERY"", ""score"": 0.776203, ""start"": 51, ""end"": 58}, {""text"": ""tránh thai"", ""label"": ""TREATMENT"", ""score"": 0.572677, ""start"": 59, ""end"": 69}]"
378,utt_id_test_000379,VietMed_015,6.0,0.090909,tránh thai đã hết hạn mà không tháo ra thì có ảnh hưởng gì tới sức khỏe không ạ vâng,2,"[{""text"": ""tránh thai"", ""label"": ""DISEASESYMTOM"", ""score"": 0.693183, ""start"": 0, ""end"": 10}, {""text"": ""hạn"", ""label"": ""DISEASESYMTOM"", ""score"": 0.605445, ""start"": 18, ""end"": 21}]"
379,utt_id_test_000380,VietMed_015,6.0,0.263158,nghe bác sĩ từ vấn thì với những cái vấn đề mà tôi chập phải thì tôi nhất định là,1,"[{""text"": ""bác sĩ"", ""label"": ""OCCUPATION"", ""score"": 0.997941, ""start"": 5, ""end"": 11}]"
380,utt_id_test_000381,VietMed_015,6.0,0.1,nữa là tôi năm nay hai bảy tuổi vừa sinh con trai đầu lòng được năm tháng tuổi do điều kiện trai,2,"[{""text"": ""năm nay"", ""label"": ""DATETIME"", ""score"": 0.994953, ""start"": 11, ""end"": 18}, {""text"": ""năm tháng"", ""label"": ""DATETIME"", ""score"": 0.769086, ""start"": 64, ""end"": 73}]"
381,utt_id_test_000382,VietMed_015,7.0,0.2,thực hiện thủ thật xong thì các bạn phải lưu lại bệnh viện từ mười lăm đến ba mươi phút khi mà chúng,2,"[{""text"": ""bệnh viện"", ""label"": ""LOCATION"", ""score"": 0.968572, ""start"": 49, ""end"": 58}, {""text"": ""ba mươi phút"", ""label"": ""DATETIME"", ""score"": 0.991644, ""start"": 75, ""end"": 87}]"
382,utt_id_test_000383,VietMed_015,5.0,0.222222,hai là có thực hiện hai phương pháp này thế còn thì ở tất nhiên các cái,0,[]
383,utt_id_test_000384,VietMed_015,6.0,0.222222,mình có một cái lựa chọn tốt nhất chị nhé dạ vâng ạ xin cảm ơn bác sĩ và xin cảm ơn bác sĩ,3,"[{""text"": ""chị"", ""label"": ""GENDER"", ""score"": 0.917391, ""start"": 34, ""end"": 37}, {""text"": ""bác sĩ"", ""label"": ""OCCUPATION"", ""score"": 0.997815, ""start"": 63, ""end"": 69}, {""text"": ""bác sĩ"", ""label"": ""OCCUPATION"", ""score"": 0.997825, ""start"": 84, ""end"": 90}]"
384,utt_id_test_000385,VietMed_015,5.0,0.454545,đau đầu sống mặt và buồn nôn nữa tôi không,2,"[{""text"": ""đau đầu"", ""label"": ""DISEASESYMTOM"", ""score"": 0.998452, ""start"": 0, ""end"": 7}, {""text"": ""buồn nôn"", ""label"": ""DISEASESYMTOM"", ""score"": 0.99875, ""start"": 20, ""end"": 28}]"
385,utt_id_test_000386,VietMed_015,7.0,0.533333,luôn cái cái quay thứ hai ạ sẽ có trử tăng luôn không hay là phải uống bao lâu thì mới có thể trử tăng,0,[]
386,utt_id_test_000387,VietMed_015,6.0,0.272727,đau lưng vì vậy thì không nghĩa là tôi có sử dụng được cái phương pháp đặt vào máy,1,"[{""text"": ""đau lưng"", ""label"": ""DISEASESYMTOM"", ""score"": 0.997474, ""start"": 0, ""end"": 8}]"
387,utt_id_test_000388,VietMed_015,8.0,0.148148,cái nhóm mà chỉ định không dùng biện tháp nào hay không để chúng ta sẽ có được một cái sự lựa chọn tốt nhất thuốc phù,2,"[{""text"": ""chỉ định"", ""label"": ""PREVENTIVEMED"", ""score"": 0.992689, ""start"": 12, ""end"": 20}, {""text"": ""thuốc"", ""label"": ""DRUGCHEMICAL"", ""score"": 0.994985, ""start"": 108, ""end"": 113}]"
388,utt_id_test_000389,VietMed_015,7.0,0.222222,do đó thì mỗi một cái biện khắc tránh tai nào mà khi mà dùng những cái thủ chức,1,"[{""text"": ""tai"", ""label"": ""ORGAN"", ""score"": 0.997094, ""start"": 38, ""end"": 41}]"
389,utt_id_test_000390,VietMed_015,5.0,0.615385,chứng và ngăn cái khả năng dụng chứng,0,[]
390,utt_id_test_000391,VietMed_015,7.0,0.142857,thế muốn chẩn đoán là có thai là không có thai thì trước khi khi còn,3,"[{""text"": ""chẩn đoán"", ""label"": ""DIAGNOSTICS"", ""score"": 0.981745, ""start"": 9, ""end"": 18}, {""text"": ""có thai"", ""label"": ""DISEASESYMTOM"", ""score"": 0.990683, ""start"": 22, ""end"": 29}, {""text"": ""có thai"", ""label"": ""DISEASESYMTOM"", ""score"": 0.992378, ""start"": 39, ""end"": 46}]"
391,utt_id_test_000392,VietMed_015,5.0,0.210526,thai của bạn thế nhưng mà nó yếu điểm là dùng một lần và có tác,0,[]
392,utt_id_test_000393,VietMed_015,10.0,0.173913,mình khám định kỳ ví dụ đạt vòng anh có thể khám lại sau mười lăm đến ba mươi ngày và cái quen,6,"[{""text"": ""khám"", ""label"": ""DIAGNOSTICS"", ""score"": 0.99243, ""start"": 5, ""end"": 9}, {""text"": ""định kỳ"", ""label"": ""DATETIME"", ""score"": 0.995973, ""start"": 10, ""end"": 17}, {""text"": ""anh"", ""label"": ""GENDER"", ""score"": 0.976625, ""start"": 33, ""end"": 36}, {""text"": ""khám"", ""label"": ""DIAGNOSTICS"", ""score"": 0.992316, ""start"": 44, ""end"": 48}, {""text"": ""sau mười lăm đến"", ""label"": ""DATETIME"", ""score"": 0.918279, ""start"": 53, ""end"": 69}, {""text"": ""ba mươi ngày"", ""label"": ""DATETIME"", ""score"": 0.995331, ""start"": 70, ""end"": 82}]"
393,utt_id_test_000394,VietMed_015,6.0,0.333333,như cho đổi vấn đầu chống chỉ định của đặt vòng chính thái là,2,"[{""text"": ""chỉ định"", ""label"": ""PREVENTIVEMED"", ""score"": 0.986878, ""start"": 26, ""end"": 34}, {""text"": ""đặt vòng chính"", ""label"": ""MEDDEVICETECHNIQUE"", ""score"": 0.544009, ""start"": 39, ""end"": 53}]"
394,utt_id_test_000395,VietMed_015,5.0,0.277778,hiện tại bây giờ phổ biến nhất là loại cây chứng thay một đang nghĩa là có tác dụng mặt,1,"[{""text"": ""bây giờ"", ""label"": ""DATETIME"", ""score"": 0.996007, ""start"": 9, ""end"": 16}]"
395,utt_id_test_000396,VietMed_015,8.0,0.217391,chánh thai thế thì với trường hợp của bạn năm nay bạn ba mươi chín tuổi bạn dùng thuốc chánh thai thì,4,"[{""text"": ""thai"", ""label"": ""ORGAN"", ""score"": 0.392553, ""start"": 6, ""end"": 10}, {""text"": ""năm nay"", ""label"": ""DATETIME"", ""score"": 0.992473, ""start"": 42, ""end"": 49}, {""text"": ""ba mươi chín tuổi"", ""label"": ""AGE"", ""score"": 0.919855, ""start"": 54, ""end"": 71}, {""text"": ""thuốc chánh thai"", ""label"": ""DRUGCHEMICAL"", ""score"": 0.99246, ""start"": 81, ""end"": 97}]"
396,utt_id_test_000397,VietMed_015,6.0,0.28,đến quy định phù hợp nhất đối với cái thể trạng của mỗi người bây giờ thì chúng tôi cũng đang nhận được vục một cuộc kết nối của,1,"[{""text"": ""bây giờ"", ""label"": ""DATETIME"", ""score"": 0.996367, ""start"": 62, ""end"": 69}]"
397,utt_id_test_000398,VietMed_015,7.0,0.428571,thai khi khi chưa được lời khuyên của chuyên gia y tế đây,1,"[{""text"": ""chuyên gia y tế"", ""label"": ""OCCUPATION"", ""score"": 0.992679, ""start"": 38, ""end"": 53}]"
398,utt_id_test_000399,VietMed_015,8.0,0.15,chên bảy ngày thì tắc gọi là rong kinh còn nếu mà ra nhiều ví dụ một ngày bạn có thể,3,"[{""text"": ""bảy ngày"", ""label"": ""DATETIME"", ""score"": 0.99508, ""start"": 5, ""end"": 13}, {""text"": ""rong kinh"", ""label"": ""DISEASESYMTOM"", ""score"": 0.998896, ""start"": 29, ""end"": 38}, {""text"": ""một ngày"", ""label"": ""DATETIME"", ""score"": 0.996394, ""start"": 65, ""end"": 73}]"
399,utt_id_test_000400,VietMed_015,6.0,0.315789,quý quen tránh thai thì các bạn sẽ được bác sĩ khám tư vấn sau đó thì khi thực phẩm thì,5,"[{""text"": ""thai"", ""label"": ""DISEASESYMTOM"", ""score"": 0.345317, ""start"": 15, ""end"": 19}, {""text"": ""bác sĩ"", ""label"": ""OCCUPATION"", ""score"": 0.997872, ""start"": 40, ""end"": 46}, {""text"": ""khám"", ""label"": ""DIAGNOSTICS"", ""score"": 0.942806, ""start"": 47, ""end"": 51}, {""text"": ""tư vấn"", ""label"": ""PERSONALCARE"", ""score"": 0.983703, ""start"": 52, ""end"": 58}, {""text"": ""thực phẩm"", ""label"": ""FOODDRINK"", ""score"": 0.991368, ""start"": 74, ""end"": 83}]"
400,utt_id_test_000401,VietMed_015,7.0,0.5,cũng như là có trình mình vệ sinh không sạch sẽ thì vẫn có thể là,1,"[{""text"": ""vệ sinh"", ""label"": ""PERSONALCARE"", ""score"": 0.956323, ""start"": 26, ""end"": 33}]"
401,utt_id_test_000402,VietMed_015,5.0,0.5,là chất protein khi mà cái chất này nó,1,"[{""text"": ""protein"", ""label"": ""DRUGCHEMICAL"", ""score"": 0.986092, ""start"": 8, ""end"": 15}]"
402,utt_id_test_000403,VietMed_015,7.0,0.157895,thì sẽ được bác sĩ khám và tư vấn nếu phù hợp mà còn nếu không phù hợp thì sẽ,4,"[{""text"": ""bác sĩ"", ""label"": ""OCCUPATION"", ""score"": 0.997945, ""start"": 12, ""end"": 18}, {""text"": ""khám"", ""label"": ""DIAGNOSTICS"", ""score"": 0.874752, ""start"": 19, ""end"": 23}, {""text"": ""và"", ""label"": ""PERSONALCARE"", ""score"": 0.957641, ""start"": 24, ""end"": 26}, {""text"": ""tư vấn"", ""label"": ""PERSONALCARE"", ""score"": 0.983678, ""start"": 27, ""end"": 33}]"
403,utt_id_test_000404,VietMed_015,6.0,0.259259,cũng có những cái mặt ưu nhược điểm nhất định ạ và phương pháp cái quay chứng thai cũng hay là đặt vòng thì cũng vậy vậy thì chị có thể,1,"[{""text"": ""chị"", ""label"": ""GENDER"", ""score"": 0.962014, ""start"": 125, ""end"": 128}]"
404,utt_id_test_000405,VietMed_015,8.0,0.294118,trường hợp bạn tập dinh thường xuyên thì vẫn có thể đạt vòng được nhưng mà khi đạt vòng được,1,"[{""text"": ""thường xuyên"", ""label"": ""DATETIME"", ""score"": 0.994612, ""start"": 24, ""end"": 36}]"
405,utt_id_test_000406,VietMed_015,7.0,0.142857,đấy là bình thường và chú kỳ kinh thì cách nhau thường hai tám đến ba mươi hai ngày người,2,"[{""text"": ""chú"", ""label"": ""GENDER"", ""score"": 0.964437, ""start"": 22, ""end"": 25}, {""text"": ""ba mươi hai ngày"", ""label"": ""DATETIME"", ""score"": 0.994301, ""start"": 67, ""end"": 83}]"
406,utt_id_test_000407,VietMed_015,8.0,0.210526,nữa mà các bạn ấy có tổng hợp hồi qua địa trì email thì là với nội dung đó làm,0,[]
407,utt_id_test_000408,VietMed_015,5.0,0.333333,được cái quê còn đúng vị trí hàng này theo hướng dẫn của bác sĩ câu hỏi,1,"[{""text"": ""bác sĩ"", ""label"": ""OCCUPATION"", ""score"": 0.9978, ""start"": 57, ""end"": 63}]"
408,utt_id_test_000409,VietMed_015,7.0,0.35,thì không góp trụng vậy là quý vị cũng đã nghe bác sĩ cũng đưa ra rất là nhiều,1,"[{""text"": ""bác sĩ"", ""label"": ""OCCUPATION"", ""score"": 0.997846, ""start"": 47, ""end"": 53}]"
409,utt_id_test_000410,VietMed_015,6.0,0.1,kiểm tra xem vòng của mình có đúng vị trí hay là bị tuột hay là có vấn đề gì,1,"[{""text"": ""kiểm tra"", ""label"": ""DIAGNOSTICS"", ""score"": 0.989826, ""start"": 0, ""end"": 8}]"
410,utt_id_test_000411,VietMed_015,6.0,0.444444,cái trung tâm ở hiện cũng có thể người ta áp dụng biện pháp này thì bạn đến khám,2,"[{""text"": ""trung tâm"", ""label"": ""LOCATION"", ""score"": 0.975719, ""start"": 4, ""end"": 13}, {""text"": ""khám"", ""label"": ""DIAGNOSTICS"", ""score"": 0.988493, ""start"": 76, ""end"": 80}]"
411,utt_id_test_000412,VietMed_015,6.0,0.142857,em ba mươi chín tuổi ạ xin cảm ơn câu hỏi của bạn bác,3,"[{""text"": ""em"", ""label"": ""GENDER"", ""score"": 0.381487, ""start"": 0, ""end"": 2}, {""text"": ""ba mươi chín tuổi"", ""label"": ""AGE"", ""score"": 0.902454, ""start"": 3, ""end"": 20}, {""text"": ""bác"", ""label"": ""AGE"", ""score"": 0.995682, ""start"": 50, ""end"": 53}]"
412,utt_id_test_000413,VietMed_015,5.0,0.444444,dinh dưỡng của bệnh lý không biết nhưng mà cái dây vòng nó có tác dụng để cho chị em điện theo dõi,4,"[{""text"": ""bệnh lý"", ""label"": ""DISEASESYMTOM"", ""score"": 0.998289, ""start"": 15, ""end"": 22}, {""text"": ""dây vòng"", ""label"": ""ORGAN"", ""score"": 0.637754, ""start"": 47, ""end"": 55}, {""text"": ""chị"", ""label"": ""GENDER"", ""score"": 0.917905, ""start"": 78, ""end"": 81}, {""text"": ""em"", ""label"": ""GENDER"", ""score"": 0.455539, ""start"": 82, ""end"": 84}]"
413,utt_id_test_000414,VietMed_015,5.0,0.2,như là những cái thuốc đang điều trị lao này hiv này hoặc lại những người bị,3,"[{""text"": ""thuốc"", ""label"": ""DRUGCHEMICAL"", ""score"": 0.996916, ""start"": 17, ""end"": 22}, {""text"": ""điều trị"", ""label"": ""TREATMENT"", ""score"": 0.998455, ""start"": 28, ""end"": 36}, {""text"": ""hiv"", ""label"": ""DISEASESYMTOM"", ""score"": 0.994492, ""start"": 45, ""end"": 48}]"
414,utt_id_test_000415,VietMed_015,9.0,0.074074,tiết nên là gần như không tác dụng toàn thân và do đó khi chị em sử dụng cái phương pháp này thì sẽ không bị ảnh hưởng,3,"[{""text"": ""thân"", ""label"": ""ORGAN"", ""score"": 0.922484, ""start"": 40, ""end"": 44}, {""text"": ""chị"", ""label"": ""GENDER"", ""score"": 0.925716, ""start"": 58, ""end"": 61}, {""text"": ""em"", ""label"": ""GENDER"", ""score"": 0.430858, ""start"": 62, ""end"": 64}]"
415,utt_id_test_000416,VietMed_015,7.0,0.166667,lạc chỗ cũng như là quay cấy trên tai lạc chỗ là rất ít theo những thống kê của tổ chức y tế thế giới,7,"[{""text"": ""lạc chỗ"", ""label"": ""DISEASESYMTOM"", ""score"": 0.996911, ""start"": 0, ""end"": 7}, {""text"": ""cấy trên"", ""label"": ""MEDDEVICETECHNIQUE"", ""score"": 0.770253, ""start"": 25, ""end"": 33}, {""text"": ""tai"", ""label"": ""ORGAN"", ""score"": 0.955575, ""start"": 34, ""end"": 37}, {""text"": ""lạc chỗ"", ""label"": ""DISEASESYMTOM"", ""score"": 0.996104, ""start"": 38, ""end"": 45}, {""text"": ""rất ít"", ""label"": ""UNITCALIBRATOR"", ""score"": 0.95159, ""start"": 49, ""end"": 55}, {""text"": ""thống kê"", ""label"": ""MEDDEVICETECHNIQUE"", ""score"": 0.941529, ""start"": 67, ""end"": 75}, {""text"": ""tổ chức y tế thế giới"", ""label"": ""ORGANIZATION"", ""score"": 0.651606, ""start"": 80, ""end"": 101}]"
416,utt_id_test_000417,VietMed_015,6.0,0.133333,vâng cảm ơn câu hỏi của bạn xin hỏi là bạn đặt phòng được bao nhiêu,1,"[{""text"": ""đặt phòng"", ""label"": ""PERSONALCARE"", ""score"": 0.485171, ""start"": 43, ""end"": 52}]"
417,utt_id_test_000418,VietMed_015,7.0,0.416667,thì nó sẽ yếu thuốc ạ ví dụ như là em chỉ ra khoảng tầm bạ bốn đến năm ngày thì là sạch,2,"[{""text"": ""thuốc"", ""label"": ""DRUGCHEMICAL"", ""score"": 0.995801, ""start"": 14, ""end"": 19}, {""text"": ""bốn đến năm ngày"", ""label"": ""DATETIME"", ""score"": 0.961352, ""start"": 59, ""end"": 75}]"
418,utt_id_test_000419,VietMed_015,8.0,0.055556,đưa ra chỉ định với những trường hợp sau sinh đặc biệt là sinh thường mà muốn áp dụng,2,"[{""text"": ""chỉ định"", ""label"": ""PREVENTIVEMED"", ""score"": 0.987876, ""start"": 7, ""end"": 15}, {""text"": ""sau sinh"", ""label"": ""DISEASESYMTOM"", ""score"": 0.993538, ""start"": 37, ""end"": 45}]"
419,utt_id_test_000420,VietMed_015,6.0,0.166667,thường gặp khi các bạn muốn sử dụng biện phát triển thai đấy là nỗi băn khoăn của các,0,[]
420,utt_id_test_000421,VietMed_015,6.0,0.333333,cũng có thể gây dòng kinh dòng huyết nhưng không phải tất cả có tỷ lệ rất là,3,"[{""text"": ""dòng kinh"", ""label"": ""ORGAN"", ""score"": 0.994641, ""start"": 16, ""end"": 25}, {""text"": ""huyết"", ""label"": ""ORGAN"", ""score"": 0.684727, ""start"": 31, ""end"": 36}, {""text"": ""tỷ lệ"", ""label"": ""UNITCALIBRATOR"", ""score"": 0.990354, ""start"": 64, ""end"": 69}]"
421,utt_id_test_000422,VietMed_015,5.0,0.235294,từ cung thì nó làm mất cái tính chất giải phẫu bình thường vâng đó thì cũng như là,1,"[{""text"": ""giải phẫu"", ""label"": ""SURGERY"", ""score"": 0.975398, ""start"": 37, ""end"": 46}]"
422,utt_id_test_000423,VietMed_015,6.0,0.2,chị sẽ cùng nghe tư vấn của bác sĩ cơ thể hôm nay thì tôi rất là quan,4,"[{""text"": ""chị"", ""label"": ""GENDER"", ""score"": 0.919579, ""start"": 0, ""end"": 3}, {""text"": ""tư vấn"", ""label"": ""PERSONALCARE"", ""score"": 0.994325, ""start"": 17, ""end"": 23}, {""text"": ""bác sĩ cơ thể"", ""label"": ""OCCUPATION"", ""score"": 0.858566, ""start"": 28, ""end"": 41}, {""text"": ""hôm nay"", ""label"": ""DATETIME"", ""score"": 0.995722, ""start"": 42, ""end"": 49}]"
423,utt_id_test_000424,VietMed_015,6.0,0.068966,bây giờ thì chúng ta vẫn sẽ đến tiếp tục với phần tư vấn của bác sĩ với những cái vấn đề mà chúng tôi đã tổng hợp lại qua,3,"[{""text"": ""bây giờ"", ""label"": ""DATETIME"", ""score"": 0.996444, ""start"": 0, ""end"": 7}, {""text"": ""tư vấn"", ""label"": ""PERSONALCARE"", ""score"": 0.994009, ""start"": 50, ""end"": 56}, {""text"": ""bác sĩ"", ""label"": ""OCCUPATION"", ""score"": 0.997916, ""start"": 61, ""end"": 67}]"
424,utt_id_test_000425,VietMed_015,5.0,0.6,thì còn chính xác thì đợt đặt vào trong bường từ cung,0,[]
425,utt_id_test_000426,VietMed_015,6.0,0.294118,mà các bạn đã có người qua địa trí mel chương trình với nội dung nó là là,0,[]
426,utt_id_test_000427,VietMed_015,6.0,0.25,tế quê ở vị trí chúng ta phải đến gặp bác sĩ để bác sĩ khám và gặp phải,3,"[{""text"": ""bác sĩ"", ""label"": ""OCCUPATION"", ""score"": 0.997756, ""start"": 38, ""end"": 44}, {""text"": ""bác sĩ"", ""label"": ""OCCUPATION"", ""score"": 0.997605, ""start"": 48, ""end"": 54}, {""text"": ""khám"", ""label"": ""DIAGNOSTICS"", ""score"": 0.984466, ""start"": 55, ""end"": 59}]"
427,utt_id_test_000428,VietMed_015,5.0,0.321429,ví dụ như là quen tránh thai có thể đi là khắc cơ thể này rồi hơi nhiễm trùng cho người sử dụng thuốc,4,"[{""text"": ""thai"", ""label"": ""TREATMENT"", ""score"": 0.392885, ""start"": 24, ""end"": 28}, {""text"": ""cơ thể"", ""label"": ""ORGAN"", ""score"": 0.998051, ""start"": 47, ""end"": 53}, {""text"": ""nhiễm trùng"", ""label"": ""DISEASESYMTOM"", ""score"": 0.998215, ""start"": 66, ""end"": 77}, {""text"": ""thuốc"", ""label"": ""DRUGCHEMICAL"", ""score"": 0.996832, ""start"": 96, ""end"": 101}]"
428,utt_id_test_000429,VietMed_015,6.0,0.266667,bất thường hoặc là xuất hiện các cái dấu hiệu khác thì chúng ta cần phải thăm khám theo dõi và được tư vấn được,2,"[{""text"": ""thăm khám"", ""label"": ""TREATMENT"", ""score"": 0.995885, ""start"": 73, ""end"": 82}, {""text"": ""tư vấn"", ""label"": ""PERSONALCARE"", ""score"": 0.992001, ""start"": 100, ""end"": 106}]"
429,utt_id_test_000430,VietMed_015,6.0,0.368421,những cái dấu hiệu bất thường ví dụ như là bầm tím này chảy máu này hoặc là trong kinh trong huyết này đặc,3,"[{""text"": ""chảy máu"", ""label"": ""DISEASESYMTOM"", ""score"": 0.998664, ""start"": 55, ""end"": 63}, {""text"": ""kinh"", ""label"": ""ORGAN"", ""score"": 0.818419, ""start"": 82, ""end"": 86}, {""text"": ""huyết"", ""label"": ""ORGAN"", ""score"": 0.993862, ""start"": 93, ""end"": 98}]"
430,utt_id_test_000431,VietMed_015,7.0,0.227273,sản thai thì thứ nhất là khi thực hiện cái thủ thuật đặt vòng cũng như là kể quê sản thai thì,3,"[{""text"": ""thứ nhất"", ""label"": ""UNITCALIBRATOR"", ""score"": 0.996017, ""start"": 13, ""end"": 21}, {""text"": ""thủ thuật"", ""label"": ""MEDDEVICETECHNIQUE"", ""score"": 0.905264, ""start"": 43, ""end"": 52}, {""text"": ""đặt vòng"", ""label"": ""MEDDEVICETECHNIQUE"", ""score"": 0.758843, ""start"": 53, ""end"": 61}]"
431,utt_id_test_000432,VietMed_015,5.0,0.3,hai cao hay không ạ vì là em nghe nói người ta kêu đạch vòng mà nếu nhưng mà không có,1,"[{""text"": ""cao"", ""label"": ""UNITCALIBRATOR"", ""score"": 0.99443, ""start"": 4, ""end"": 7}]"
432,utt_id_test_000433,VietMed_015,8.0,0.304348,và cái hiệu quả tránh thai của cái tạt bòng rất là cao thì lẹ lên đến chín mươi tám phần trăm,4,"[{""text"": ""tránh"", ""label"": ""DIAGNOSTICS"", ""score"": 0.463837, ""start"": 16, ""end"": 21}, {""text"": ""thai"", ""label"": ""TREATMENT"", ""score"": 0.856258, ""start"": 22, ""end"": 26}, {""text"": ""cao"", ""label"": ""UNITCALIBRATOR"", ""score"": 0.995849, ""start"": 51, ""end"": 54}, {""text"": ""phần trăm"", ""label"": ""UNITCALIBRATOR"", ""score"": 0.971965, ""start"": 84, ""end"": 93}]"
433,utt_id_test_000434,VietMed_015,7.0,0.294118,thì có hai hai loại loại thứ nhất là có một xa nghĩa là chỉ có một hormone một,2,"[{""text"": ""thứ nhất"", ""label"": ""UNITCALIBRATOR"", ""score"": 0.995885, ""start"": 25, ""end"": 33}, {""text"": ""hormone"", ""label"": ""DRUGCHEMICAL"", ""score"": 0.992914, ""start"": 67, ""end"": 74}]"
434,utt_id_test_000435,VietMed_015,7.0,0.380952,và vào tránh thai thì có thể bị tuột nếu mà chị em mình không đẩy ý thế do đó,3,"[{""text"": ""tránh thai"", ""label"": ""TREATMENT"", ""score"": 0.583057, ""start"": 7, ""end"": 17}, {""text"": ""chị"", ""label"": ""GENDER"", ""score"": 0.896847, ""start"": 44, ""end"": 47}, {""text"": ""em"", ""label"": ""GENDER"", ""score"": 0.445473, ""start"": 48, ""end"": 50}]"
435,utt_id_test_000436,VietMed_015,6.0,0.384615,hoang mang và tỏ ra thận trọng đắm đo khi mà chọn lựa hai cái phương khắp chánh thay này vậy thì bác sĩ có thể,1,"[{""text"": ""bác sĩ"", ""label"": ""OCCUPATION"", ""score"": 0.997875, ""start"": 97, ""end"": 103}]"
436,utt_id_test_000437,VietMed_015,7.0,0.294118,lượng ra vâng lúc trước khi đặt vào mươi thì là cũng bình thường rồi ra cũng không,0,[]
437,utt_id_test_000438,VietMed_015,5.0,0.291667,tại tổng đài mong muốn nhận được sự tư vấn của bác sĩ ạ suy đặt kết nối về thính giả ạ,3,"[{""text"": ""tư vấn"", ""label"": ""PERSONALCARE"", ""score"": 0.994913, ""start"": 36, ""end"": 42}, {""text"": ""bác sĩ"", ""label"": ""OCCUPATION"", ""score"": 0.997861, ""start"": 47, ""end"": 53}, {""text"": ""thính giả"", ""label"": ""OCCUPATION"", ""score"": 0.993663, ""start"": 75, ""end"": 84}]"
438,utt_id_test_000439,VietMed_015,7.0,0.210526,chánh thai được ba đến năm năm có thể lên đến mười năm từ từng loại vòng nếu còn bác,4,"[{""text"": ""chánh thai"", ""label"": ""ORGAN"", ""score"": 0.838473, ""start"": 0, ""end"": 10}, {""text"": ""ba đến năm năm"", ""label"": ""DATETIME"", ""score"": 0.991716, ""start"": 16, ""end"": 30}, {""text"": ""mười năm"", ""label"": ""DATETIME"", ""score"": 0.986269, ""start"": 46, ""end"": 54}, {""text"": ""bác"", ""label"": ""AGE"", ""score"": 0.996323, ""start"": 81, ""end"": 84}]"
439,utt_id_test_000440,VietMed_015,6.0,0.2,thường thì năm đến mười năm nên của mình là mười hai năm rồi,2,"[{""text"": ""năm đến mười năm"", ""label"": ""DATETIME"", ""score"": 0.995728, ""start"": 11, ""end"": 27}, {""text"": ""mười hai năm"", ""label"": ""DATETIME"", ""score"": 0.995382, ""start"": 44, ""end"": 56}]"
440,utt_id_test_000441,VietMed_015,7.0,0.206897,học chọn hai phương pháp này không thì bắt buộc cũng phức tẩy đến các cơ sở y tế nhé nguy tín để bác sĩ sẽ thăm khám và đưa ra những cái,3,"[{""text"": ""cơ sở y tế"", ""label"": ""LOCATION"", ""score"": 0.532187, ""start"": 70, ""end"": 80}, {""text"": ""bác sĩ"", ""label"": ""OCCUPATION"", ""score"": 0.997904, ""start"": 97, ""end"": 103}, {""text"": ""thăm khám"", ""label"": ""TREATMENT"", ""score"": 0.995562, ""start"": 107, ""end"": 116}]"
441,utt_id_test_000442,VietMed_015,7.0,0.222222,với thuốc chánh thai bạn đang sử dụng thì thường thì bạn sẽ phải uống theo đôi,1,"[{""text"": ""thuốc chánh thai"", ""label"": ""DRUGCHEMICAL"", ""score"": 0.991622, ""start"": 4, ""end"": 20}]"
442,utt_id_test_000443,VietMed_015,7.0,0.137931,sau khi mà đặt vòng hay là cái quay tránh thai thì các chị em phụ nữ cần phải lưu ý những cái điều gì ạ sau khi đặt vòng thì,5,"[{""text"": ""thai"", ""label"": ""TREATMENT"", ""score"": 0.437587, ""start"": 42, ""end"": 46}, {""text"": ""chị"", ""label"": ""GENDER"", ""score"": 0.837543, ""start"": 55, ""end"": 58}, {""text"": ""em"", ""label"": ""AGE"", ""score"": 0.242381, ""start"": 59, ""end"": 61}, {""text"": ""phụ"", ""label"": ""GENDER"", ""score"": 0.738728, ""start"": 62, ""end"": 65}, {""text"": ""nữ"", ""label"": ""AGE"", ""score"": 0.264896, ""start"": 66, ""end"": 68}]"
443,utt_id_test_000444,VietMed_015,7.0,0.888889,không ạ,0,[]
444,utt_id_test_000445,VietMed_015,10.0,0.235294,chúng tôi thế thì về cái vòng là chính thai có thể bị lạc ra ổ bụng hay,3,"[{""text"": ""bị lạc"", ""label"": ""DISEASESYMTOM"", ""score"": 0.552575, ""start"": 51, ""end"": 57}, {""text"": """", ""label"": ""ORGAN"", ""score"": 0.871043, ""start"": 61, ""end"": 62}, {""text"": ""ổ bụng"", ""label"": ""ORGAN"", ""score"": 0.833465, ""start"": 61, ""end"": 67}]"
445,utt_id_test_000446,VietMed_015,8.0,0.294118,trị em phụ nữ như mọi người hiểu là bây giờ y tế cũng như là cũng,3,"[{""text"": ""phụ"", ""label"": ""GENDER"", ""score"": 0.621252, ""start"": 7, ""end"": 10}, {""text"": ""nữ"", ""label"": ""OCCUPATION"", ""score"": 0.276541, ""start"": 11, ""end"": 13}, {""text"": ""bây giờ"", ""label"": ""DATETIME"", ""score"": 0.995833, ""start"": 36, ""end"": 43}]"
446,utt_id_test_000447,VietMed_015,6.0,0.235294,khác với lại thuốc chính thai đừng uống như ban đầu tôi đã trao đổi nhưng,1,"[{""text"": ""thuốc"", ""label"": ""DRUGCHEMICAL"", ""score"": 0.996673, ""start"": 13, ""end"": 18}]"
447,utt_id_test_000448,VietMed_015,8.0,0.176471,là một là về ngày kinh của tôi thì thường là một tháng tôi bị,2,"[{""text"": ""kinh"", ""label"": ""ORGAN"", ""score"": 0.815888, ""start"": 18, ""end"": 22}, {""text"": ""một tháng"", ""label"": ""DATETIME"", ""score"": 0.996182, ""start"": 45, ""end"": 54}]"
448,utt_id_test_000449,VietMed_015,6.0,0.111111,bao giờ cũng tư vấn cho cách hàng thứ nhất là về nhà mình tự theo dõi,3,"[{""text"": ""tư vấn"", ""label"": ""PERSONALCARE"", ""score"": 0.992348, ""start"": 13, ""end"": 19}, {""text"": ""thứ nhất"", ""label"": ""UNITCALIBRATOR"", ""score"": 0.995731, ""start"": 34, ""end"": 42}, {""text"": ""nhà"", ""label"": ""LOCATION"", ""score"": 0.940447, ""start"": 49, ""end"": 52}]"
449,utt_id_test_000450,VietMed_015,7.0,0.421053,vình đừng lại đến tới thì tôi có hai câu hỏi muốn nhờ bác sĩ,1,"[{""text"": ""bác sĩ"", ""label"": ""OCCUPATION"", ""score"": 0.997867, ""start"": 54, ""end"": 60}]"
450,utt_id_test_000451,VietMed_015,5.0,0.416667,điện tháp nên quan đến y tế không an toàn giảm,0,[]
451,utt_id_test_000452,VietMed_015,7.0,0.368421,học là bệnh u sơ u nang thì có thể đặt long được thế nhưng mà các nhà,3,"[{""text"": ""u sơ"", ""label"": ""DISEASESYMTOM"", ""score"": 0.856959, ""start"": 12, ""end"": 16}, {""text"": ""u nang"", ""label"": ""DISEASESYMTOM"", ""score"": 0.997218, ""start"": 17, ""end"": 23}, {""text"": ""nhà"", ""label"": ""LOCATION"", ""score"": 0.982035, ""start"": 66, ""end"": 69}]"
452,utt_id_test_000453,VietMed_015,6.0,0.277778,khám và chẩn đoán có chỉ định đa trồng hay cái quê hay không thì chúng ta,3,"[{""text"": ""khám"", ""label"": ""DIAGNOSTICS"", ""score"": 0.992333, ""start"": 0, ""end"": 4}, {""text"": ""chẩn đoán"", ""label"": ""DIAGNOSTICS"", ""score"": 0.986131, ""start"": 8, ""end"": 17}, {""text"": ""chỉ định"", ""label"": ""PREVENTIVEMED"", ""score"": 0.987693, ""start"": 21, ""end"": 29}]"
453,utt_id_test_000454,VietMed_015,7.0,0.074074,thường được dùng rộng rãi vì đơn giản hiệu quả và kinh tế bên cạnh đó thì cũng có một phương pháp tránh thai hiện đang thu hút được,2,"[{""text"": ""tránh"", ""label"": ""TREATMENT"", ""score"": 0.453285, ""start"": 98, ""end"": 103}, {""text"": ""thai"", ""label"": ""DISEASESYMTOM"", ""score"": 0.496978, ""start"": 104, ""end"": 108}]"
454,utt_id_test_000455,VietMed_015,5.0,0.2,phương pháp sánh thai thì như ban đầu tôi đã sau đổi có rất là nhiều phương pháp sánh,0,[]
455,utt_id_test_000456,VietMed_015,7.0,0.157895,cũng nghe nói là viện pháp này một số người nói là có thể làm khô hạn và cảm rối,0,[]
456,utt_id_test_000457,VietMed_015,7.0,0.15,quê cấy được không ạ hay là phải những cái có sợi y tế ở tuyến cao hơn ạ,3,"[{""text"": ""cấy"", ""label"": ""SURGERY"", ""score"": 0.903325, ""start"": 4, ""end"": 7}, {""text"": ""y tế"", ""label"": ""MEDDEVICETECHNIQUE"", ""score"": 0.689755, ""start"": 50, ""end"": 54}, {""text"": ""cao"", ""label"": ""UNITCALIBRATOR"", ""score"": 0.996228, ""start"": 63, ""end"": 66}]"
457,utt_id_test_000458,VietMed_015,9.0,0.166667,đường uống thì có hai loại loại thứ nhất là dùng cho chị em không đôi cân đú và loại thứ hai là dùng cho chị em đang,7,"[{""text"": ""đường uống"", ""label"": ""PERSONALCARE"", ""score"": 0.991025, ""start"": 0, ""end"": 10}, {""text"": ""thứ nhất"", ""label"": ""UNITCALIBRATOR"", ""score"": 0.996288, ""start"": 32, ""end"": 40}, {""text"": ""chị"", ""label"": ""GENDER"", ""score"": 0.904902, ""start"": 53, ""end"": 56}, {""text"": ""em"", ""label"": ""GENDER"", ""score"": 0.397187, ""start"": 57, ""end"": 59}, {""text"": ""thứ hai"", ""label"": ""UNITCALIBRATOR"", ""score"": 0.966147, ""start"": 85, ""end"": 92}, {""text"": ""chị"", ""label"": ""GENDER"", ""score"": 0.922063, ""start"": 105, ""end"": 108}, {""text"": ""em"", ""label"": ""GENDER"", ""score"": 0.434157, ""start"": 109, ""end"": 111}]"
458,utt_id_test_000459,VietMed_015,7.0,0.235294,trường hợp nghi ngờ có tai hoặc có tai là cũng không cấy được thế và trong,4,"[{""text"": ""nghi ngờ"", ""label"": ""PREVENTIVEMED"", ""score"": 0.75554, ""start"": 11, ""end"": 19}, {""text"": ""tai"", ""label"": ""ORGAN"", ""score"": 0.993097, ""start"": 23, ""end"": 26}, {""text"": ""tai"", ""label"": ""ORGAN"", ""score"": 0.993005, ""start"": 35, ""end"": 38}, {""text"": ""cấy"", ""label"": ""SURGERY"", ""score"": 0.810265, ""start"": 53, ""end"": 56}]"
459,utt_id_test_000460,VietMed_015,8.0,0.777778,tân vân muốn đặt vào cái cái cái quen cái hai quen cái hai đấy vâng,0,[]
460,utt_id_test_000461,VietMed_015,5.0,0.166667,nên đặt vòng tránh thai không và rất là nhiều người là cũng chưa có vòng,2,"[{""text"": ""vòng tránh"", ""label"": ""MEDDEVICETECHNIQUE"", ""score"": 0.43362, ""start"": 8, ""end"": 18}, {""text"": ""thai"", ""label"": ""TREATMENT"", ""score"": 0.705518, ""start"": 19, ""end"": 23}]"
461,utt_id_test_000462,VietMed_015,6.0,0.4,hay là đưỡng cái mặt dùng lâu dài thì nó có ánh nưởng cái sông và có thể chuyển sang cái phương pháp cái,0,[]
462,utt_id_test_000463,VietMed_015,7.0,0.105263,thì khi mà đi khám thai xác định và có thai và tuổi thai thì bác sĩ sẽ tư,4,"[{""text"": ""khám thai"", ""label"": ""DIAGNOSTICS"", ""score"": 0.863795, ""start"": 14, ""end"": 23}, {""text"": ""có thai"", ""label"": ""DISEASESYMTOM"", ""score"": 0.992486, ""start"": 36, ""end"": 43}, {""text"": ""thai"", ""label"": ""DISEASESYMTOM"", ""score"": 0.852031, ""start"": 52, ""end"": 56}, {""text"": ""bác sĩ"", ""label"": ""OCCUPATION"", ""score"": 0.997898, ""start"": 61, ""end"": 67}]"
463,utt_id_test_000464,VietMed_015,7.0,0.133333,và không có những cái tác dụng phụ khi mình bị hành kinh thế còn thứ nhất,3,"[{""text"": ""tác dụng phụ"", ""label"": ""DISEASESYMTOM"", ""score"": 0.99894, ""start"": 22, ""end"": 34}, {""text"": ""hành kinh"", ""label"": ""DISEASESYMTOM"", ""score"": 0.998704, ""start"": 47, ""end"": 56}, {""text"": ""thứ nhất"", ""label"": ""UNITCALIBRATOR"", ""score"": 0.996457, ""start"": 65, ""end"": 73}]"
464,utt_id_test_000465,VietMed_015,6.0,0.411765,vị trí nó khác mình cấy thế vì đúng là các vấn đề này,1,"[{""text"": ""cấy"", ""label"": ""SURGERY"", ""score"": 0.836159, ""start"": 20, ""end"": 23}]"
465,utt_id_test_000466,VietMed_015,10.0,0.190476,thay thì bạn sẽ hạn chế vận động mạnh trong một tháng đầu sau khi kiểm tra định,2,"[{""text"": ""một tháng"", ""label"": ""DATETIME"", ""score"": 0.994601, ""start"": 44, ""end"": 53}, {""text"": ""kiểm tra"", ""label"": ""DIAGNOSTICS"", ""score"": 0.987585, ""start"": 66, ""end"": 74}]"
466,utt_id_test_000467,VietMed_015,5.0,0.157895,he lâu rồi ạ và hành kinh ra nhiều như thế cũng sau đặt ròng là bao nhiêu lâu ạ,1,"[{""text"": ""hành kinh"", ""label"": ""DISEASESYMTOM"", ""score"": 0.998301, ""start"": 16, ""end"": 25}]"
467,utt_id_test_000468,VietMed_015,7.0,0.388889,có da móng nhiều hay không ạ cưa bác sĩ là ngày kinh của em chị có trị,4,"[{""text"": ""da"", ""label"": ""ORGAN"", ""score"": 0.997259, ""start"": 3, ""end"": 5}, {""text"": ""g"", ""label"": ""ORGAN"", ""score"": 0.85015, ""start"": 9, ""end"": 10}, {""text"": ""bác sĩ"", ""label"": ""OCCUPATION"", ""score"": 0.997858, ""start"": 33, ""end"": 39}, {""text"": ""chị"", ""label"": ""GENDER"", ""score"": 0.928016, ""start"": 60, ""end"": 63}]"
468,utt_id_test_000469,VietMed_015,7.0,0.208333,hiện tại sử dụng phổ biến nhất là loại cái quê sánh thai một nào thì có tác dụng sánh thai trong ba năm,1,"[{""text"": ""ba năm"", ""label"": ""DATETIME"", ""score"": 0.992319, ""start"": 97, ""end"": 103}]"
469,utt_id_test_000470,VietMed_015,5.0,0.210526,nhất là đặt vòng thì nó có ảnh hưởng gì đến cái vòng kinh không cái,1,"[{""text"": ""kinh"", ""label"": ""ORGAN"", ""score"": 0.962179, ""start"": 53, ""end"": 57}]"
470,utt_id_test_000471,VietMed_015,7.0,0.470588,mình của chị em cái dây vòng dài đã khoảng hai đến ba sáng tim mết để ra,5,"[{""text"": ""chị"", ""label"": ""GENDER"", ""score"": 0.899984, ""start"": 9, ""end"": 12}, {""text"": ""em"", ""label"": ""GENDER"", ""score"": 0.428505, ""start"": 13, ""end"": 15}, {""text"": ""khoảng"", ""label"": ""UNITCALIBRATOR"", ""score"": 0.477113, ""start"": 36, ""end"": 42}, {""text"": ""hai đến ba sáng"", ""label"": ""DATETIME"", ""score"": 0.682779, ""start"": 43, ""end"": 58}, {""text"": ""tim"", ""label"": ""ORGAN"", ""score"": 0.997828, ""start"": 59, ""end"": 62}]"
471,utt_id_test_000472,VietMed_015,5.0,0.222222,chương trình đang nói đến ạ vậy thì chị sẽ nghe bác sĩ sẽ xin hỏi,2,"[{""text"": ""chị"", ""label"": ""GENDER"", ""score"": 0.920273, ""start"": 36, ""end"": 39}, {""text"": ""bác sĩ"", ""label"": ""OCCUPATION"", ""score"": 0.997823, ""start"": 48, ""end"": 54}]"
472,utt_id_test_000473,VietMed_015,7.0,0.222222,được biện pháp này thế nhưng mà trước khi đặt là áp dụng một biện pháp nào thì như cho,0,[]
473,utt_id_test_000474,VietMed_015,6.0,0.269231,dựng đã đưa ra giải thích về cái quy trình thực hiện hai cái phương pháp chánh thai đó là đặt vòng và cái quê chánh thai chánh,1,"[{""text"": ""thai"", ""label"": ""DISEASESYMTOM"", ""score"": 0.477022, ""start"": 79, ""end"": 83}]"
474,utt_id_test_000475,VietMed_015,8.0,0.222222,thành kinh thường thì theo sinh lý kinh nhuột của chị em phụ nữ là tháng nào cũng da,7,"[{""text"": ""thành kinh"", ""label"": ""DISEASESYMTOM"", ""score"": 0.765171, ""start"": 0, ""end"": 10}, {""text"": ""chị"", ""label"": ""GENDER"", ""score"": 0.864526, ""start"": 50, ""end"": 53}, {""text"": ""em"", ""label"": ""GENDER"", ""score"": 0.241055, ""start"": 54, ""end"": 56}, {""text"": ""phụ"", ""label"": ""GENDER"", ""score"": 0.809103, ""start"": 57, ""end"": 60}, {""text"": ""nữ"", ""label"": ""AGE"", ""score"": 0.285125, ""start"": 61, ""end"": 63}, {""text"": ""tháng nào"", ""label"": ""DATETIME"", ""score"": 0.981392, ""start"": 67, ""end"": 76}, {""text"": ""da"", ""label"": ""ORGAN"", ""score"": 0.996077, ""start"": 82, ""end"": 84}]"
475,utt_id_test_000476,VietMed_015,6.0,0.178571,bình có nhận được một cuộc gọi của một thính giả đang mong nhận được sự tư vấn của bác sĩ ạ cho tôi xin được trao thính giả ạ,4,"[{""text"": ""thính giả"", ""label"": ""OCCUPATION"", ""score"": 0.812561, ""start"": 39, ""end"": 48}, {""text"": ""tư vấn"", ""label"": ""PERSONALCARE"", ""score"": 0.994047, ""start"": 72, ""end"": 78}, {""text"": ""bác sĩ"", ""label"": ""OCCUPATION"", ""score"": 0.997886, ""start"": 83, ""end"": 89}, {""text"": ""thính giả"", ""label"": ""OCCUPATION"", ""score"": 0.719953, ""start"": 114, ""end"": 123}]"
476,utt_id_test_000477,VietMed_015,5.0,0.388889,hiện nay trên thị trường thì có hai loại quê tránh thai quê tránh thai thứ nhất là quê,4,"[{""text"": ""hiện nay"", ""label"": ""DATETIME"", ""score"": 0.995076, ""start"": 0, ""end"": 8}, {""text"": ""tránh thai"", ""label"": ""TREATMENT"", ""score"": 0.751526, ""start"": 45, ""end"": 55}, {""text"": ""tránh thai"", ""label"": ""TREATMENT"", ""score"": 0.609969, ""start"": 60, ""end"": 70}, {""text"": ""thứ nhất"", ""label"": ""UNITCALIBRATOR"", ""score"": 0.995456, ""start"": 71, ""end"": 79}]"
477,utt_id_test_000478,VietMed_015,7.0,0.15,giày thì bạn sẽ nên đến cơ sở y tế để được bác sĩ thăm khám siêu âm và đặc biệt,4,"[{""text"": ""cơ sở y tế"", ""label"": ""LOCATION"", ""score"": 0.483658, ""start"": 24, ""end"": 34}, {""text"": ""bác sĩ"", ""label"": ""OCCUPATION"", ""score"": 0.99778, ""start"": 43, ""end"": 49}, {""text"": ""thăm khám"", ""label"": ""TREATMENT"", ""score"": 0.755824, ""start"": 50, ""end"": 59}, {""text"": ""siêu âm"", ""label"": ""DIAGNOSTICS"", ""score"": 0.970751, ""start"": 60, ""end"": 67}]"
478,utt_id_test_000479,VietMed_015,6.0,0.176471,ngực mình hơi căng đúng sau khi mà có kinh và xạ kinh thì các triệu chứng đấy,4,"[{""text"": ""ngực"", ""label"": ""ORGAN"", ""score"": 0.997553, ""start"": 0, ""end"": 4}, {""text"": ""có kinh"", ""label"": ""DISEASESYMTOM"", ""score"": 0.997305, ""start"": 35, ""end"": 42}, {""text"": ""xạ kinh"", ""label"": ""DISEASESYMTOM"", ""score"": 0.956124, ""start"": 46, ""end"": 53}, {""text"": ""triệu chứng"", ""label"": ""DISEASESYMTOM"", ""score"": 0.998776, ""start"": 62, ""end"": 73}]"
479,utt_id_test_000480,VietMed_015,6.0,0.3,muốn thì liệu có đúng như vậy không và cái liệu,0,[]
480,utt_id_test_000481,VietMed_015,6.0,0.368421,thay thì theo như là khuyến cáo của tổ chức y tế thế giới với nội tiết và trong,3,"[{""text"": ""khuyến cáo"", ""label"": ""PREVENTIVEMED"", ""score"": 0.991236, ""start"": 21, ""end"": 31}, {""text"": ""tổ chức y tế thế giới"", ""label"": ""ORGANIZATION"", ""score"": 0.714139, ""start"": 36, ""end"": 57}, {""text"": ""nội tiết"", ""label"": ""ORGAN"", ""score"": 0.726428, ""start"": 62, ""end"": 70}]"
481,utt_id_test_000482,VietMed_015,9.0,0.222222,xin cảm ơn bạn xin được chào bạn nhé vâng có thể nói rằng làm cái bác sĩ cũng là,1,"[{""text"": ""bác sĩ"", ""label"": ""OCCUPATION"", ""score"": 0.997932, ""start"": 66, ""end"": 72}]"
482,utt_id_test_000483,VietMed_015,6.0,0.235294,phương như là uống thuốc sánh thai và tôi thường gặp phải vấn đề là khá là bị đau đầu,2,"[{""text"": ""uống thuốc"", ""label"": ""TREATMENT"", ""score"": 0.996176, ""start"": 14, ""end"": 24}, {""text"": ""đau đầu"", ""label"": ""DISEASESYMTOM"", ""score"": 0.997564, ""start"": 78, ""end"": 85}]"
483,utt_id_test_000484,VietMed_015,5.0,0.4,bị dị dạng đấy đặc biệt là những cái khối u xưa to và chèn ép những cái lọc lực,3,"[{""text"": ""dị dạng"", ""label"": ""DISEASESYMTOM"", ""score"": 0.99875, ""start"": 3, ""end"": 10}, {""text"": ""khối u"", ""label"": ""DISEASESYMTOM"", ""score"": 0.998811, ""start"": 37, ""end"": 43}, {""text"": ""lọc lực"", ""label"": ""DIAGNOSTICS"", ""score"": 0.780367, ""start"": 72, ""end"": 79}]"
484,utt_id_test_000485,VietMed_015,5.0,0.388889,bé thì còn với trường hợp của bạn thì qua trao đổi thì hai phương pháp đã,1,"[{""text"": ""bé"", ""label"": ""AGE"", ""score"": 0.87015, ""start"": 0, ""end"": 2}]"
485,utt_id_test_000486,VietMed_015,5.0,0.176471,trình mình dùng thuốc thì mình có hay quên hoặc là mình có cái mình có,1,"[{""text"": ""thuốc"", ""label"": ""DRUGCHEMICAL"", ""score"": 0.996484, ""start"": 16, ""end"": 21}]"
486,utt_id_test_000487,VietMed_015,6.0,0.25,bạn phải đến khám và được bác sĩ tư vấn mình có chỉ định thực phẩm,5,"[{""text"": ""khám"", ""label"": ""DIAGNOSTICS"", ""score"": 0.992163, ""start"": 13, ""end"": 17}, {""text"": ""bác sĩ"", ""label"": ""OCCUPATION"", ""score"": 0.997736, ""start"": 26, ""end"": 32}, {""text"": ""tư vấn"", ""label"": ""PERSONALCARE"", ""score"": 0.975244, ""start"": 33, ""end"": 39}, {""text"": ""chỉ định"", ""label"": ""PREVENTIVEMED"", ""score"": 0.992468, ""start"": 48, ""end"": 56}, {""text"": ""thực phẩm"", ""label"": ""FOODDRINK"", ""score"": 0.988487, ""start"": 57, ""end"": 66}]"
487,utt_id_test_000488,VietMed_015,7.0,0.388889,là một biện pháp chứng thai an toàn hiệu quả và thường được đa số chị em phụ,3,"[{""text"": ""chị"", ""label"": ""GENDER"", ""score"": 0.908548, ""start"": 66, ""end"": 69}, {""text"": ""em"", ""label"": ""GENDER"", ""score"": 0.281556, ""start"": 70, ""end"": 72}, {""text"": ""phụ"", ""label"": ""GENDER"", ""score"": 0.409141, ""start"": 73, ""end"": 76}]"
488,utt_id_test_000489,VietMed_015,6.0,0.263158,cũng đó thì cố tạo của cái vòng chứng thai là bao giờ có cái dây dây vòng khi đó thì,0,[]
489,utt_id_test_000490,VietMed_015,6.0,0.588235,vâng thế còn thì khác với lại đặc biệt chính thai là quên cái chính thai cũng như là,0,[]
490,utt_id_test_000491,VietMed_015,6.0,0.294118,người đang uống một số thuốc làm giảm hiệu quả của cái thuốc ngừa thai cũng như là,2,"[{""text"": ""thuốc"", ""label"": ""DRUGCHEMICAL"", ""score"": 0.996522, ""start"": 23, ""end"": 28}, {""text"": ""thuốc ngừa thai"", ""label"": ""DRUGCHEMICAL"", ""score"": 0.991625, ""start"": 55, ""end"": 70}]"
491,utt_id_test_000492,VietMed_015,7.0,0.388889,đề những cái chủ đề về các biện pháp tánh thai như là đặt bòng và quen kể từ,0,[]
492,utt_id_test_000493,VietMed_015,7.0,0.25,cho mình tháo quê chánh thai và vẫn tiếp tục theo dõi thai định kỳ và,1,"[{""text"": ""định kỳ"", ""label"": ""DATETIME"", ""score"": 0.995049, ""start"": 59, ""end"": 66}]"
493,utt_id_test_000494,VietMed_015,8.0,0.227273,tại chỗ thì mình có thể đến khám bác sĩ ngay chảm vâng ạ cảm ơn bác sĩ ạ lại là mọi,3,"[{""text"": ""khám"", ""label"": ""DIAGNOSTICS"", ""score"": 0.991803, ""start"": 28, ""end"": 32}, {""text"": ""bác sĩ"", ""label"": ""OCCUPATION"", ""score"": 0.997923, ""start"": 33, ""end"": 39}, {""text"": ""bác sĩ"", ""label"": ""OCCUPATION"", ""score"": 0.997894, ""start"": 64, ""end"": 70}]"
494,utt_id_test_000495,VietMed_015,6.0,0.25,đó thì sau khi thực hiện hai biện pháp này thì bác sĩ có thể,1,"[{""text"": ""bác sĩ"", ""label"": ""OCCUPATION"", ""score"": 0.997817, ""start"": 47, ""end"": 53}]"
495,utt_id_test_000496,VietMed_015,5.0,0.357143,khám tư vấn các biện pháp trình thai phù hợp,2,"[{""text"": ""khám"", ""label"": ""DIAGNOSTICS"", ""score"": 0.791537, ""start"": 0, ""end"": 4}, {""text"": ""tư vấn"", ""label"": ""PERSONALCARE"", ""score"": 0.803562, ""start"": 5, ""end"": 11}]"
496,utt_id_test_000497,VietMed_015,6.0,0.3,an toàn bởi lẽ cái cái quê là một dụng cụ nhỏ và trong đó có chứa một cái,0,[]
497,utt_id_test_000498,VietMed_015,8.0,0.055556,cũng đã có nhưng mà không nhiều là không nhiều thế thì khi mà bạn đang dùng biện,0,[]
498,utt_id_test_000499,VietMed_015,7.0,0.222222,thì chúng ta sẽ kiểm tra hạn dùng và cái thời gian tháo quê khi mà chúng ta,2,"[{""text"": ""kiểm tra"", ""label"": ""DIAGNOSTICS"", ""score"": 0.991094, ""start"": 16, ""end"": 24}, {""text"": ""thời gian"", ""label"": ""DATETIME"", ""score"": 0.996131, ""start"": 41, ""end"": 50}]"
499,utt_id_test_000500,VietMed_015,7.0,0.222222,lượng kinh da có nhiều nhiều hơn nhiều không ví dụ như là số ngày da và lượng,2,"[{""text"": ""da"", ""label"": ""ORGAN"", ""score"": 0.997866, ""start"": 11, ""end"": 13}, {""text"": ""da"", ""label"": ""ORGAN"", ""score"": 0.997612, ""start"": 66, ""end"": 68}]"
