index,utterance_id,audio_name,duration,wer,transcript,entity_count,entities
0,utt_id_train_000001,VietMed_011,7.0,0.1,cái gì có phải là do cái cơn khó thở hay là còn có chuyện gì khác đôi khi nó có thể là hai ba nguyên nhân cùng một lúc có thể,1,"[{""text"": ""khó thở"", ""label"": ""DISEASESYMTOM"", ""score"": 0.998568, ""start"": 29, ""end"": 36}]"
1,utt_id_train_000002,VietMed_011,7.0,0.0,phải mang nịt rồi phải đi châm cứu rồi cho uống thuốc kết hợp đông tây luôn,3,"[{""text"": ""mang nịt"", ""label"": ""MEDDEVICETECHNIQUE"", ""score"": 0.958242, ""start"": 5, ""end"": 13}, {""text"": ""châm cứu"", ""label"": ""TREATMENT"", ""score"": 0.992417, ""start"": 26, ""end"": 34}, {""text"": ""uống thuốc"", ""label"": ""TREATMENT"", ""score"": 0.99662, ""start"": 43, ""end"": 53}]"
2,utt_id_train_000003,VietMed_011,6.0,0.0,chưa mạch máu của chúng ta vấn đề gì chưa tim của chúng ta có vấn đề chưa hoặc là chúng ta có cần có những cái,2,"[{""text"": ""mạch máu"", ""label"": ""ORGAN"", ""score"": 0.998162, ""start"": 5, ""end"": 13}, {""text"": ""tim"", ""label"": ""ORGAN"", ""score"": 0.99823, ""start"": 42, ""end"": 45}]"
3,utt_id_train_000004,VietMed_011,7.0,0.0,cho tất cả những khán giả mắc những vấn đề liên quan tới chủ đề của chương trình ngày hôm nay vâng thưa quý vị giao mùa thì,2,"[{""text"": ""khán giả"", ""label"": ""OCCUPATION"", ""score"": 0.991247, ""start"": 17, ""end"": 25}, {""text"": ""ngày hôm nay"", ""label"": ""DATETIME"", ""score"": 0.99651, ""start"": 81, ""end"": 93}]"
4,utt_id_train_000005,VietMed_011,5.0,0.0,bài tập nặng mạnh để hi vọng rằng nó vượt qua được nhưng mà thực tế mà nói thì chúng tôi rất là khuyên rằng là,0,[]
5,utt_id_train_000006,VietMed_011,7.0,0.0,khớp thì chúng ta thường nói tới đối tượng là người già đúng không ạ và nhất là trong cái thời tiết trở trời như thế này vậy thì như chúng ta có vừa chia sẻ,2,"[{""text"": ""khớp"", ""label"": ""ORGAN"", ""score"": 0.997636, ""start"": 0, ""end"": 4}, {""text"": ""người già"", ""label"": ""AGE"", ""score"": 0.961097, ""start"": 46, ""end"": 55}]"
6,utt_id_train_000007,VietMed_011,6.0,0.0,giận nó hay đau đau cả cả ngày đêm nhưng,2,"[{""text"": ""đau"", ""label"": ""DISEASESYMTOM"", ""score"": 0.998369, ""start"": 12, ""end"": 15}, {""text"": ""đau"", ""label"": ""DISEASESYMTOM"", ""score"": 0.998256, ""start"": 16, ""end"": 19}]"
7,utt_id_train_000008,VietMed_011,5.0,0.0,khớp tại việt nam để sản xuất nên cái thực phẩm bảo vệ sức khỏe viêm xương,6,"[{""text"": ""khớp"", ""label"": ""ORGAN"", ""score"": 0.996237, ""start"": 0, ""end"": 4}, {""text"": ""việt nam"", ""label"": ""LOCATION"", ""score"": 0.983121, ""start"": 9, ""end"": 17}, {""text"": ""thực phẩm"", ""label"": ""FOODDRINK"", ""score"": 0.990554, ""start"": 38, ""end"": 47}, {""text"": ""bảo vệ sức khỏe"", ""label"": ""PERSONALCARE"", ""score"": 0.981266, ""start"": 48, ""end"": 63}, {""text"": ""viêm"", ""label"": ""DISEASESYMTOM"", ""score"": 0.996349, ""start"": 64, ""end"": 68}, {""text"": ""xương"", ""label"": ""ORGAN"", ""score"": 0.988494, ""start"": 69, ""end"": 74}]"
8,utt_id_train_000009,VietMed_011,6.0,0.0,cái hệ cơ xương khớp thật là khỏe mạnh tuy nhiên thì bác cũng đã gặp phải tai nạn rồi cho nên cái việc mà khắc phục,3,"[{""text"": ""cơ xương khớp"", ""label"": ""ORGAN"", ""score"": 0.997346, ""start"": 7, ""end"": 20}, {""text"": ""bác"", ""label"": ""AGE"", ""score"": 0.995863, ""start"": 53, ""end"": 56}, {""text"": ""tai nạn"", ""label"": ""DISEASESYMTOM"", ""score"": 0.998221, ""start"": 74, ""end"": 81}]"
9,utt_id_train_000010,VietMed_011,6.0,0.310345,người ta mới mổ và đôi khi là nó bị tổn thương như này nhưng mà nếu mà mình mổ mình can thiệp vào trong nặng nhiều các,5,"[{""text"": ""mổ"", ""label"": ""SURGERY"", ""score"": 0.939246, ""start"": 13, ""end"": 15}, {""text"": ""bị"", ""label"": ""DISEASESYMTOM"", ""score"": 0.998692, ""start"": 33, ""end"": 35}, {""text"": ""tổn thương"", ""label"": ""DISEASESYMTOM"", ""score"": 0.998593, ""start"": 36, ""end"": 46}, {""text"": ""mổ"", ""label"": ""SURGERY"", ""score"": 0.908066, ""start"": 76, ""end"": 78}, {""text"": ""can thiệp"", ""label"": ""PREVENTIVEMED"", ""score"": 0.98871, ""start"": 84, ""end"": 93}]"
10,utt_id_train_000011,VietMed_011,5.0,0.0,gây ra ảnh hưởng đến các cái chất lượng và về lâu về dài khi mà chúng ta cứ tích lũy đi tích lũy lại như vậy thì bản thân,1,"[{""text"": ""về lâu về dài"", ""label"": ""DATETIME"", ""score"": 0.996986, ""start"": 43, ""end"": 56}]"
11,utt_id_train_000012,VietMed_011,5.0,0.0,thời gian quanh năm thì rất là khỏe mạnh nhưng mà khi mà thay đổi thời tiết thì tự nhiên cơ thể mình trở nên lại rất là,2,"[{""text"": ""thời gian"", ""label"": ""DATETIME"", ""score"": 0.995855, ""start"": 0, ""end"": 9}, {""text"": ""cơ thể"", ""label"": ""ORGAN"", ""score"": 0.997878, ""start"": 89, ""end"": 95}]"
12,utt_id_train_000013,VietMed_011,6.0,0.0,đầu tiên chúng tôi khuyên là như vậy và cái thứ hai nữa là có lẽ là bác nên có một cái đai thắt lưng để mình bảo vệ cái,3,"[{""text"": ""cái thứ hai"", ""label"": ""UNITCALIBRATOR"", ""score"": 0.996053, ""start"": 40, ""end"": 51}, {""text"": ""bác"", ""label"": ""AGE"", ""score"": 0.996293, ""start"": 68, ""end"": 71}, {""text"": ""thắt lưng"", ""label"": ""ORGAN"", ""score"": 0.990921, ""start"": 91, ""end"": 100}]"
13,utt_id_train_000014,VietMed_011,6.0,0.0,cái chế độ sinh hoạt một cách phù hợp và dựa trên những cái mô tả như thế này sơ bộ chúng tôi cũng cảm giác rằng là cái,0,[]
14,utt_id_train_000015,VietMed_011,6.0,0.0,một số các cái giải pháp điều trị nó vừa tin cậy với mình vừa an toàn với mình mà nó có thể đồng hành với mình trong cái,1,"[{""text"": ""điều trị"", ""label"": ""TREATMENT"", ""score"": 0.998353, ""start"": 25, ""end"": 33}]"
15,utt_id_train_000016,VietMed_011,5.0,0.0,ra là vô là nằm bẹp luôn ở lại đi chụp hình cột sống thì bác sĩ kết luận nói là,3,"[{""text"": ""chụp hình cột sống"", ""label"": ""MEDDEVICETECHNIQUE"", ""score"": 0.947578, ""start"": 34, ""end"": 52}, {""text"": ""bác sĩ"", ""label"": ""OCCUPATION"", ""score"": 0.997737, ""start"": 57, ""end"": 63}, {""text"": ""kết luận"", ""label"": ""PREVENTIVEMED"", ""score"": 0.973429, ""start"": 64, ""end"": 72}]"
16,utt_id_train_000017,VietMed_011,6.0,0.0,như này thì người ta lại hoàn toàn có thể làm tất cả những cái việc như vậy thế cho nên là cái việc mà chúng ta đến thăm khám để có cái phác đồ điều trị,3,"[{""text"": ""thăm khám"", ""label"": ""TREATMENT"", ""score"": 0.997304, ""start"": 116, ""end"": 125}, {""text"": ""phác đồ"", ""label"": ""MEDDEVICETECHNIQUE"", ""score"": 0.984626, ""start"": 136, ""end"": 143}, {""text"": ""điều trị"", ""label"": ""TREATMENT"", ""score"": 0.998359, ""start"": 144, ""end"": 152}]"
17,utt_id_train_000018,VietMed_011,5.0,0.0,muốn hỗ trợ giảm đau xương khớp thoái hóa nói chung thì phải đáp ứng được ba,4,"[{""text"": ""hỗ trợ"", ""label"": ""MEDDEVICETECHNIQUE"", ""score"": 0.992678, ""start"": 5, ""end"": 11}, {""text"": ""đau"", ""label"": ""DISEASESYMTOM"", ""score"": 0.998242, ""start"": 17, ""end"": 20}, {""text"": ""xương khớp"", ""label"": ""ORGAN"", ""score"": 0.997344, ""start"": 21, ""end"": 31}, {""text"": ""thoái hóa"", ""label"": ""DISEASESYMTOM"", ""score"": 0.99639, ""start"": 32, ""end"": 41}]"
18,utt_id_train_000019,VietMed_011,7.0,0.0,sẽ phải cần để làm những cái thăm dò để có thể khẳng định xem là liệu mình có các cái cái cái nghi ngờ hoặc là là một,1,"[{""text"": ""nghi ngờ"", ""label"": ""PREVENTIVEMED"", ""score"": 0.97382, ""start"": 94, ""end"": 102}]"
19,utt_id_train_000020,VietMed_011,7.0,0.0,động nhưng không nên đi lại nhiều nghĩa là gì chúng ta nên tập tại chỗ thôi bác ngồi tại chỗ bác tập bác nằm tại chỗ bác,7,"[{""text"": ""đi lại nhiều"", ""label"": ""PERSONALCARE"", ""score"": 0.990993, ""start"": 21, ""end"": 33}, {""text"": ""tập tại chỗ"", ""label"": ""PERSONALCARE"", ""score"": 0.984874, ""start"": 59, ""end"": 70}, {""text"": ""bác"", ""label"": ""AGE"", ""score"": 0.996543, ""start"": 76, ""end"": 79}, {""text"": ""ngồi tại chỗ"", ""label"": ""PERSONALCARE"", ""score"": 0.985356, ""start"": 80, ""end"": 92}, {""text"": ""bác"", ""label"": ""AGE"", ""score"": 0.996586, ""start"": 93, ""end"": 96}, {""text"": ""bác"", ""label"": ""AGE"", ""score"": 0.995625, ""start"": 101, ""end"": 104}, {""text"": ""bác"", ""label"": ""AGE"", ""score"": 0.996242, ""start"": 117, ""end"": 120}]"
20,utt_id_train_000021,VietMed_011,6.0,0.0,cái tình trạng này không ạ đúng là một cái vấn đề này khá là khá là phổ biến đặc biệt là trong những cái thời gian,1,"[{""text"": ""thời gian"", ""label"": ""DATETIME"", ""score"": 0.996062, ""start"": 105, ""end"": 114}]"
21,utt_id_train_000022,VietMed_011,6.0,0.0,biểu hiện của cái thoái hóa cột sống của chúng ta dường như nó không phải là quá không phải ở những giai đoạn rất là sớm,1,"[{""text"": ""thoái hóa cột sống"", ""label"": ""DISEASESYMTOM"", ""score"": 0.998818, ""start"": 18, ""end"": 36}]"
22,utt_id_train_000023,VietMed_011,6.0,0.0,biểu hiện đau nhức xương khớp nó ở từ những cái lứa tuổi rất là sớm tránh nó,2,"[{""text"": ""đau nhức"", ""label"": ""DISEASESYMTOM"", ""score"": 0.998748, ""start"": 10, ""end"": 18}, {""text"": ""xương khớp"", ""label"": ""ORGAN"", ""score"": 0.997058, ""start"": 19, ""end"": 29}]"
23,utt_id_train_000024,VietMed_011,6.0,0.047619,nhiều sức khỏe vâng mỗi người thì lại có một cái vấn đề khác nhau tuy nhiên thì bệnh xương trình,1,"[{""text"": ""bệnh xương"", ""label"": ""DISEASESYMTOM"", ""score"": 0.994047, ""start"": 80, ""end"": 90}]"
24,utt_id_train_000025,VietMed_011,7.0,0.0,của tôi với bác sĩ ạ thì chắc chắn là nhiều người có những cái thắc mắc liên quan tới bệnh xương khớp rồi và vừa rồi,2,"[{""text"": ""bác sĩ"", ""label"": ""OCCUPATION"", ""score"": 0.99797, ""start"": 12, ""end"": 18}, {""text"": ""bệnh xương khớp"", ""label"": ""DISEASESYMTOM"", ""score"": 0.998252, ""start"": 86, ""end"": 101}]"
25,utt_id_train_000026,VietMed_011,6.0,0.185185,rất là nhỏ bên trong cột sống này trong các cái thân đốt sống này thì chính vì vậy cho nên quay ngược lại ta lại thêm những cái,1,"[{""text"": ""cột sống"", ""label"": ""ORGAN"", ""score"": 0.996563, ""start"": 21, ""end"": 29}]"
26,utt_id_train_000027,VietMed_011,6.0,0.0,cái việc vận động đều nó sẽ giúp cho các cái mạch máu nó nuôi dưỡng các cái xương khớp và mang lại các cái nhiệt lượng một,4,"[{""text"": ""mạch máu"", ""label"": ""ORGAN"", ""score"": 0.997155, ""start"": 45, ""end"": 53}, {""text"": ""nuôi dưỡng"", ""label"": ""TREATMENT"", ""score"": 0.996533, ""start"": 57, ""end"": 67}, {""text"": ""cái xương"", ""label"": ""ORGAN"", ""score"": 0.996112, ""start"": 72, ""end"": 81}, {""text"": ""khớp"", ""label"": ""ORGAN"", ""score"": 0.651264, ""start"": 82, ""end"": 86}]"
27,utt_id_train_000028,VietMed_011,7.0,0.0,của chúng ta cần phải đến cái thời điểm chúng ta phải chữa trị cũng như là đến khám bác sĩ rồi ạ cảm ơn cái câu hỏi của,3,"[{""text"": ""chữa trị"", ""label"": ""TREATMENT"", ""score"": 0.99793, ""start"": 54, ""end"": 62}, {""text"": ""khám"", ""label"": ""DIAGNOSTICS"", ""score"": 0.99182, ""start"": 79, ""end"": 83}, {""text"": ""bác sĩ"", ""label"": ""OCCUPATION"", ""score"": 0.9978, ""start"": 84, ""end"": 90}]"
28,utt_id_train_000029,VietMed_011,7.0,0.222222,mình cái lời khuyên vâng xin hỏi bác sĩ trước hết thì cũng xin hỏi bác là bác muốn đặt câu hỏi gì cho mình,3,"[{""text"": ""bác sĩ"", ""label"": ""OCCUPATION"", ""score"": 0.997708, ""start"": 33, ""end"": 39}, {""text"": ""bác"", ""label"": ""AGE"", ""score"": 0.996099, ""start"": 67, ""end"": 70}, {""text"": ""bác"", ""label"": ""AGE"", ""score"": 0.996362, ""start"": 74, ""end"": 77}]"
29,utt_id_train_000030,VietMed_011,6.0,0.0,bệnh đau xương khớp thì nhiều người cũng bị tái phát vậy thì trong cái thời tiết hiện tại thì bác sĩ cũng lời khuyên nào,4,"[{""text"": ""đau"", ""label"": ""DISEASESYMTOM"", ""score"": 0.998594, ""start"": 5, ""end"": 8}, {""text"": ""xương khớp"", ""label"": ""ORGAN"", ""score"": 0.996388, ""start"": 9, ""end"": 19}, {""text"": ""tái phát"", ""label"": ""DISEASESYMTOM"", ""score"": 0.998672, ""start"": 44, ""end"": 52}, {""text"": ""bác sĩ"", ""label"": ""OCCUPATION"", ""score"": 0.997815, ""start"": 94, ""end"": 100}]"
30,utt_id_train_000031,VietMed_011,7.0,0.096774,khắc phục một trăm phần trăm đó là cái việc không thể tuy nhiên thì bác cũng có thể nghe theo bác sĩ và sử dụng những cái biện pháp nhẹ nhàng,3,"[{""text"": ""một trăm phần trăm"", ""label"": ""UNITCALIBRATOR"", ""score"": 0.994941, ""start"": 10, ""end"": 28}, {""text"": ""bác"", ""label"": ""AGE"", ""score"": 0.995532, ""start"": 68, ""end"": 71}, {""text"": ""bác sĩ"", ""label"": ""OCCUPATION"", ""score"": 0.997715, ""start"": 94, ""end"": 100}]"
31,utt_id_train_000032,VietMed_011,6.0,0.0,mà tại sao không đi đường này tại sao lại đau thắt lưng nhiều như thế đau gối nhiều như thế đúng không ạ đấy là việc,4,"[{""text"": ""đau"", ""label"": ""DISEASESYMTOM"", ""score"": 0.998474, ""start"": 42, ""end"": 45}, {""text"": ""thắt lưng"", ""label"": ""ORGAN"", ""score"": 0.992109, ""start"": 46, ""end"": 55}, {""text"": ""đau"", ""label"": ""DISEASESYMTOM"", ""score"": 0.998397, ""start"": 70, ""end"": 73}, {""text"": ""gối"", ""label"": ""ORGAN"", ""score"": 0.992145, ""start"": 74, ""end"": 77}]"
32,utt_id_train_000033,VietMed_011,4.0,0.0,rất là nhiều chúng ta thấy nó có hiệu nghiệm cho nên là mình thấy là mình rất là tin tưởng cái sản phẩm tương tác,0,[]
33,utt_id_train_000034,VietMed_011,5.0,0.0,xương là vấn đề chắc chắn nó sẽ xảy ra rồi và bây giờ nó đang xảy ra rồi nếu mà vấp ngã lần nữa thì không chắc là lần,2,"[{""text"": ""xương"", ""label"": ""ORGAN"", ""score"": 0.998199, ""start"": 0, ""end"": 5}, {""text"": ""bây giờ"", ""label"": ""DATETIME"", ""score"": 0.99684, ""start"": 46, ""end"": 53}]"
34,utt_id_train_000035,VietMed_011,6.0,0.0,đấy chính là những cái hàng rào để giúp chúng ta ngăn chặn lại những cái tác động của cái việc mà thời tiết nó thay,1,"[{""text"": ""ngăn chặn"", ""label"": ""TREATMENT"", ""score"": 0.992351, ""start"": 49, ""end"": 58}]"
35,utt_id_train_000036,VietMed_011,5.0,0.5,của mình vừa rồi là phần hình chia sẻ của cái,0,[]
36,utt_id_train_000037,VietMed_011,6.0,0.0,gì rõ lắm nhưng mà về sau này nó lại ảnh hưởng nhiều hơn kể cả cái câu chuyện là gì ạ đôi khi là cái tư thế vận động tư thế,0,[]
37,utt_id_train_000038,VietMed_011,6.0,0.137931,mình lại ngồi một chỗ như vậy thì lại có ảnh hưởng đến cái vấn đề là cơ xương khớp để chúng ta thấy rằng là bao giờ cơ xương,3,"[{""text"": ""cơ xương khớp"", ""label"": ""ORGAN"", ""score"": 0.991808, ""start"": 69, ""end"": 82}, {""text"": ""cơ"", ""label"": ""ORGAN"", ""score"": 0.998187, ""start"": 116, ""end"": 118}, {""text"": ""xương"", ""label"": ""ORGAN"", ""score"": 0.605713, ""start"": 119, ""end"": 124}]"
38,utt_id_train_000039,VietMed_011,6.0,0.0,liên quan đến các cái bệnh lý hoặc là các cái biểu hiện của câu nói cuộc sống giống như bác mô tả đấy thì thực ra là,2,"[{""text"": ""bệnh lý"", ""label"": ""DISEASESYMTOM"", ""score"": 0.998141, ""start"": 22, ""end"": 29}, {""text"": ""bác"", ""label"": ""AGE"", ""score"": 0.996377, ""start"": 88, ""end"": 91}]"
39,utt_id_train_000040,VietMed_011,7.0,0.0,hợp này gót chân mà đau mà chúng ta xoa bóp vào đấy quá nhiều đặc biệt là xoa bóp các cái dầu nóng nữa thì rất rất là,5,"[{""text"": ""gót chân"", ""label"": ""ORGAN"", ""score"": 0.986282, ""start"": 8, ""end"": 16}, {""text"": ""đau"", ""label"": ""DISEASESYMTOM"", ""score"": 0.998304, ""start"": 20, ""end"": 23}, {""text"": ""xoa bóp"", ""label"": ""TREATMENT"", ""score"": 0.989111, ""start"": 36, ""end"": 43}, {""text"": ""xoa bóp"", ""label"": ""TREATMENT"", ""score"": 0.987594, ""start"": 74, ""end"": 81}, {""text"": ""dầu nóng"", ""label"": ""DRUGCHEMICAL"", ""score"": 0.934906, ""start"": 90, ""end"": 98}]"
40,utt_id_train_000041,VietMed_011,7.0,0.0,thiện một cách tương đối rồi tránh tình trạng là nó làm cho nó nặng lên và cái thứ hai nữa là nếu mà chúng ta có thể đi,1,"[{""text"": ""cái thứ hai"", ""label"": ""UNITCALIBRATOR"", ""score"": 0.995879, ""start"": 75, ""end"": 86}]"
41,utt_id_train_000042,VietMed_011,6.0,0.0,các nhà khoa học khi mà người ta nghiên cứu chính là để đi tìm câu trả lời cho cái câu hỏi này thì người ta cũng bắt,2,"[{""text"": ""nhà khoa học"", ""label"": ""OCCUPATION"", ""score"": 0.983969, ""start"": 4, ""end"": 16}, {""text"": ""nghiên cứu"", ""label"": ""DIAGNOSTICS"", ""score"": 0.985791, ""start"": 33, ""end"": 43}]"
42,utt_id_train_000043,VietMed_011,5.0,0.0,nào tôi cũng phải vịn lúc nào tôi cũng phải bán bởi vì sao chẳng may mình sẩy chân chẳng may mình có những câu chuyện,1,"[{""text"": ""chân"", ""label"": ""ORGAN"", ""score"": 0.996941, ""start"": 78, ""end"": 82}]"
43,utt_id_train_000044,VietMed_011,6.0,0.0,máu não và thông thường là nó thoáng qua chính vì vậy cho nên những cái trường hợp như vậy thì rất là dễ gây cho chúng,2,"[{""text"": ""máu"", ""label"": ""ORGAN"", ""score"": 0.997322, ""start"": 0, ""end"": 3}, {""text"": ""não"", ""label"": ""ORGAN"", ""score"": 0.994238, ""start"": 4, ""end"": 7}]"
44,utt_id_train_000045,VietMed_011,7.0,0.0,đoán chính xác là bệnh lý này của chúng ta là đã bị thoái hóa khớp hay chưa thoái hóa ở mức độ nào bệnh nguyên nhân,4,"[{""text"": ""bệnh lý"", ""label"": ""DISEASESYMTOM"", ""score"": 0.998838, ""start"": 18, ""end"": 25}, {""text"": ""thoái hóa khớp"", ""label"": ""DISEASESYMTOM"", ""score"": 0.997819, ""start"": 52, ""end"": 66}, {""text"": ""thoái hóa"", ""label"": ""DISEASESYMTOM"", ""score"": 0.998713, ""start"": 76, ""end"": 85}, {""text"": ""mức độ"", ""label"": ""UNITCALIBRATOR"", ""score"": 0.995002, ""start"": 88, ""end"": 94}]"
45,utt_id_train_000046,VietMed_011,6.0,0.0,ngón chân ngón tay lại hai khớp ở bả vai hai khớp nói chung các,5,"[{""text"": ""ngón chân"", ""label"": ""ORGAN"", ""score"": 0.99687, ""start"": 0, ""end"": 9}, {""text"": ""ngón tay"", ""label"": ""ORGAN"", ""score"": 0.996642, ""start"": 10, ""end"": 18}, {""text"": ""khớp"", ""label"": ""ORGAN"", ""score"": 0.996768, ""start"": 27, ""end"": 31}, {""text"": ""bả vai"", ""label"": ""ORGAN"", ""score"": 0.99646, ""start"": 34, ""end"": 40}, {""text"": ""khớp"", ""label"": ""ORGAN"", ""score"": 0.997332, ""start"": 45, ""end"": 49}]"
46,utt_id_train_000047,VietMed_011,5.0,0.178571,phần việc rồi thì những cái bác sĩ sau chỉ cần làm những cái việc nhó nhỏ gọi lại là nó đã ra cái vấn đề mà,1,"[{""text"": ""bác sĩ"", ""label"": ""OCCUPATION"", ""score"": 0.997977, ""start"": 28, ""end"": 34}]"
47,utt_id_train_000048,VietMed_011,5.0,0.230769,cái khí huyết nó lưu thông chậm chẳng hạn thì khi mà thay đổi thời tiết đặc biệt là chuyển sang trày lạnh thì cái khí huyết,3,"[{""text"": ""huyết"", ""label"": ""ORGAN"", ""score"": 0.997613, ""start"": 8, ""end"": 13}, {""text"": ""chậm"", ""label"": ""DISEASESYMTOM"", ""score"": 0.990082, ""start"": 27, ""end"": 31}, {""text"": ""huyết"", ""label"": ""ORGAN"", ""score"": 0.9976, ""start"": 118, ""end"": 123}]"
48,utt_id_train_000049,VietMed_011,5.0,0.0,mình chỉ dám những cái có thể giảm thôi còn những cái vẫn phải làm thì vẫn phải làm đúng không ạ thế thì bằng cách là gì,0,[]
49,utt_id_train_000050,VietMed_011,5.0,0.0,bệnh nó liên quan đến cái vùng cột sống cổ là chính những có những cái trường hợp liên quan đến cái vùng cổ tay và,3,"[{""text"": ""cột sống"", ""label"": ""ORGAN"", ""score"": 0.99589, ""start"": 31, ""end"": 39}, {""text"": ""vùng"", ""label"": ""ORGAN"", ""score"": 0.909935, ""start"": 100, ""end"": 104}, {""text"": ""cổ tay"", ""label"": ""ORGAN"", ""score"": 0.992399, ""start"": 105, ""end"": 111}]"
50,utt_id_train_000051,VietMed_011,6.0,0.0,mà nó rất là hữu ích cho những cái trường hợp mà điều trị thoái hóa khớp như của bác mà nó lại sử dụng một cách,3,"[{""text"": ""điều trị"", ""label"": ""TREATMENT"", ""score"": 0.998442, ""start"": 49, ""end"": 57}, {""text"": ""thoái hóa khớp"", ""label"": ""DISEASESYMTOM"", ""score"": 0.998098, ""start"": 58, ""end"": 72}, {""text"": ""bác"", ""label"": ""AGE"", ""score"": 0.996344, ""start"": 81, ""end"": 84}]"
51,utt_id_train_000052,VietMed_011,6.0,0.0,khắp nơi đấy nhưng mà không chẩn đoán ra bệnh hoặc là điều trị tất cả các kiểu khác nhau nhưng mà không ra được cái kết,2,"[{""text"": ""chẩn đoán"", ""label"": ""DIAGNOSTICS"", ""score"": 0.987902, ""start"": 28, ""end"": 37}, {""text"": ""điều trị"", ""label"": ""TREATMENT"", ""score"": 0.998513, ""start"": 54, ""end"": 62}]"
52,utt_id_train_000053,VietMed_011,5.0,0.0,gánh hết đó là cảm thấy buồn mà tuyệt vọng nữa hàng triệu việt nam đang phải,1,"[{""text"": ""việt nam"", ""label"": ""LOCATION"", ""score"": 0.984776, ""start"": 58, ""end"": 66}]"
53,utt_id_train_000054,VietMed_011,2.0,0.4,là chày máu não ạ,2,"[{""text"": ""chày máu"", ""label"": ""DISEASESYMTOM"", ""score"": 0.959951, ""start"": 3, ""end"": 11}, {""text"": ""não"", ""label"": ""ORGAN"", ""score"": 0.533545, ""start"": 12, ""end"": 15}]"
54,utt_id_train_000055,VietMed_011,6.0,0.0,nó mềm nó ôm được cái chân của chúng ta nó nâng đỡ cho cái chân của chúng ta và chúng tôi vẫn thường dùng một cái khẩu,3,"[{""text"": ""cái chân"", ""label"": ""ORGAN"", ""score"": 0.995778, ""start"": 18, ""end"": 26}, {""text"": ""nâng đỡ"", ""label"": ""PERSONALCARE"", ""score"": 0.969054, ""start"": 43, ""end"": 50}, {""text"": ""cái chân"", ""label"": ""ORGAN"", ""score"": 0.99524, ""start"": 55, ""end"": 63}]"
55,utt_id_train_000056,VietMed_011,7.0,0.0,là như lời khuyên ban đầu của chúng tôi là nên hạn chế một cách tối đa chính vì vậy cho nên là tối đa thôi chứ còn cái,2,"[{""text"": ""tối"", ""label"": ""DATETIME"", ""score"": 0.993741, ""start"": 64, ""end"": 67}, {""text"": ""tối"", ""label"": ""DATETIME"", ""score"": 0.993696, ""start"": 95, ""end"": 98}]"
56,utt_id_train_000057,VietMed_011,7.0,0.178571,ngan thận nó phải xử lý đào thải hoặc là gọi là chuyển hóa các cái chất này thì nó cũng lại trời chịu gáy nặng chứ không,2,"[{""text"": ""thận"", ""label"": ""ORGAN"", ""score"": 0.997602, ""start"": 5, ""end"": 9}, {""text"": ""chuyển hóa"", ""label"": ""DIAGNOSTICS"", ""score"": 0.990416, ""start"": 48, ""end"": 58}]"
57,utt_id_train_000058,VietMed_011,2.0,0.0,hay là có thường xuyên không ạ,1,"[{""text"": ""thường xuyên"", ""label"": ""DATETIME"", ""score"": 0.994645, ""start"": 10, ""end"": 22}]"
58,utt_id_train_000059,VietMed_011,6.0,0.0,đột ngột là mình phải có cái phòng ngừa trong trường hợp của bác thì lại càng phải cẩn thận hơn lúc nào mình cũng phải,3,"[{""text"": ""đột ngộ"", ""label"": ""DATETIME"", ""score"": 0.994555, ""start"": 0, ""end"": 7}, {""text"": ""phòng ngừa"", ""label"": ""PREVENTIVEMED"", ""score"": 0.993889, ""start"": 29, ""end"": 39}, {""text"": ""bác"", ""label"": ""AGE"", ""score"": 0.996476, ""start"": 61, ""end"": 64}]"
59,utt_id_train_000060,VietMed_011,6.0,0.0,không nên chúng ta lại còn ngâm nước nóng nữa thì cũng lại rất là không nên mà chúng ta nên gượng nhẹ nên tránh các,0,[]
60,utt_id_train_000061,VietMed_011,5.0,0.0,không hiểu đau đớn một tí nào cho đến bây giờ thì mình coi rất là là sung,2,"[{""text"": ""đau"", ""label"": ""DISEASESYMTOM"", ""score"": 0.998228, ""start"": 11, ""end"": 14}, {""text"": ""bây giờ"", ""label"": ""DATETIME"", ""score"": 0.995666, ""start"": 38, ""end"": 45}]"
61,utt_id_train_000062,VietMed_011,5.0,0.0,thông dụng thôi nhưng mà mọi người nên để ý để tránh cái tình trạng là các cái tác động nó cứ tích lũy ngày một ngày,1,"[{""text"": ""một ngày"", ""label"": ""DATETIME"", ""score"": 0.996108, ""start"": 108, ""end"": 116}]"
62,utt_id_train_000063,VietMed_011,6.0,0.0,đấy nó đều có thể bị ảnh hưởng đầu tiên nhất là cái dạ dày nó tiếp nhận nó bị ảnh hưởng bởi nó bị viêm nó bị loét và,2,"[{""text"": ""dạ dày"", ""label"": ""ORGAN"", ""score"": 0.997705, ""start"": 52, ""end"": 58}, {""text"": ""viêm"", ""label"": ""DISEASESYMTOM"", ""score"": 0.99796, ""start"": 98, ""end"": 102}]"
63,utt_id_train_000064,VietMed_011,6.0,0.0,chuyện đấy khi chúng ta ngồi yên như thế này thì cũng là một cái lúc mà cái cơ và khớp của chúng ta nó chịu một cái lực,2,"[{""text"": ""cơ"", ""label"": ""ORGAN"", ""score"": 0.99818, ""start"": 76, ""end"": 78}, {""text"": ""khớp"", ""label"": ""ORGAN"", ""score"": 0.996723, ""start"": 82, ""end"": 86}]"
64,utt_id_train_000065,VietMed_011,6.0,0.0,một cái quá trình điều trị một cách phù hợp với cái độ tuổi như thế này với cái biểu hiện như anh mô tả đấy thì chúng,2,"[{""text"": ""điều trị"", ""label"": ""TREATMENT"", ""score"": 0.998165, ""start"": 18, ""end"": 26}, {""text"": ""anh"", ""label"": ""GENDER"", ""score"": 0.977802, ""start"": 94, ""end"": 97}]"
65,utt_id_train_000066,VietMed_011,6.0,0.241379,trong cái cái phần mô tả của khán giả thì chúng ta thấy rằng là cái đau thất lưng nó có thể gặp ở rất là nhiều,3,"[{""text"": ""khán giả"", ""label"": ""OCCUPATION"", ""score"": 0.991331, ""start"": 29, ""end"": 37}, {""text"": ""đau"", ""label"": ""DISEASESYMTOM"", ""score"": 0.998613, ""start"": 68, ""end"": 71}, {""text"": ""lưng"", ""label"": ""ORGAN"", ""score"": 0.991666, ""start"": 77, ""end"": 81}]"
66,utt_id_train_000067,VietMed_011,6.0,0.0,thời tiết mà nó giao mùa như thế này một số các cái lời khuyên mà chúng tôi cho rằng nó rất là quan trọng và hữu ích cho,0,[]
67,utt_id_train_000068,VietMed_011,7.0,0.0,khuyên rằng là bác nên đi tìm cái bệnh lý chính xác của mình trước khi mà mình điều trị bất kỳ một cái thuốc gì hay là,4,"[{""text"": ""bác"", ""label"": ""AGE"", ""score"": 0.996567, ""start"": 15, ""end"": 18}, {""text"": ""bệnh lý"", ""label"": ""DISEASESYMTOM"", ""score"": 0.998623, ""start"": 34, ""end"": 41}, {""text"": ""điều trị"", ""label"": ""TREATMENT"", ""score"": 0.998438, ""start"": 79, ""end"": 87}, {""text"": ""thuốc"", ""label"": ""DRUGCHEMICAL"", ""score"": 0.996596, ""start"": 103, ""end"": 108}]"
68,utt_id_train_000069,VietMed_011,6.0,0.0,chúng ta ngồi nhiều thứ hai nữa là chúng ta phải gần như là khi mà chúng ta làm việc với máy tính hoặc là các cái công,0,[]
69,utt_id_train_000070,VietMed_011,6.0,0.0,việc mà tại sao sau mà chúng tôi lại khuyên cái câu chuyện thần kinh trước là vì như vậy bởi vì cái đấy nó rất là căn,1,"[{""text"": ""thần kinh"", ""label"": ""ORGAN"", ""score"": 0.99694, ""start"": 59, ""end"": 68}]"
70,utt_id_train_000071,VietMed_011,6.0,0.0,những cái khó khăn mà bác gặp phải thì cũng rất là nhiều người bệnh người ta cũng đang gặp phải tuy nhiên là người ta,1,"[{""text"": ""bác"", ""label"": ""AGE"", ""score"": 0.995993, ""start"": 22, ""end"": 25}]"
71,utt_id_train_000072,VietMed_011,7.0,0.0,động này cũng như là do cái cái tư thế đi lại của mình đôi khi là cái tư thế đi lại của mình mà nó không có cân đối thì,0,[]
72,utt_id_train_000073,VietMed_011,6.0,0.178571,giới thì là bác cũng nên là gì ạ trong lúc mà nó đang đau nhiều như này trong lúc mà mình đang không đi lại được như thế này mình cũng nên,2,"[{""text"": ""bác"", ""label"": ""AGE"", ""score"": 0.995992, ""start"": 12, ""end"": 15}, {""text"": ""đau"", ""label"": ""DISEASESYMTOM"", ""score"": 0.998217, ""start"": 54, ""end"": 57}]"
73,utt_id_train_000074,VietMed_011,5.0,0.0,người rất là trẻ cũng đã có thể là mắc cái bệnh cơ xương khớp rồi nhất là ở cái,2,"[{""text"": ""trẻ"", ""label"": ""AGE"", ""score"": 0.938711, ""start"": 13, ""end"": 16}, {""text"": ""cơ xương khớp"", ""label"": ""ORGAN"", ""score"": 0.99776, ""start"": 48, ""end"": 61}]"
74,utt_id_train_000075,VietMed_011,7.0,0.0,cách để không ảnh hưởng tới những vấn đề khác và giải đáp ngày hôm nay thì chúng ta cũng sẽ nghe những chia sẻ của bác sĩ,2,"[{""text"": ""ngày hôm nay"", ""label"": ""DATETIME"", ""score"": 0.996604, ""start"": 58, ""end"": 70}, {""text"": ""bác sĩ"", ""label"": ""OCCUPATION"", ""score"": 0.997935, ""start"": 115, ""end"": 121}]"
75,utt_id_train_000076,VietMed_011,5.0,0.0,còn nặng hơn rất là nhiều và bản thân tai biến mạch máu não lần một lần hai nó có thể nhẹ nhưng những lần sau nó sẽ,1,"[{""text"": ""tai biến mạch máu não"", ""label"": ""DISEASESYMTOM"", ""score"": 0.998698, ""start"": 38, ""end"": 59}]"
76,utt_id_train_000077,VietMed_011,6.0,0.185185,vì cái bệnh mà viêm phổi tắc nghẽn mãn tính đấy thì là cái bệnh phổi tắc nghẽn mãn tính này thì nó lại phải xảy ra,4,"[{""text"": ""viêm phổi tắc nghẽn"", ""label"": ""DISEASESYMTOM"", ""score"": 0.972847, ""start"": 15, ""end"": 34}, {""text"": ""mãn tính"", ""label"": ""DISEASESYMTOM"", ""score"": 0.998664, ""start"": 35, ""end"": 43}, {""text"": ""bệnh phổi tắc nghẽn"", ""label"": ""DISEASESYMTOM"", ""score"": 0.998228, ""start"": 59, ""end"": 78}, {""text"": ""mãn tính"", ""label"": ""DISEASESYMTOM"", ""score"": 0.998595, ""start"": 79, ""end"": 87}]"
77,utt_id_train_000078,VietMed_011,6.0,0.0,chính của nó là cái gì và sau đó thì chúng ta mới tìm cái cách để điều trị cũng như là có cái phác đồ hoặc là có,2,"[{""text"": ""điều trị"", ""label"": ""TREATMENT"", ""score"": 0.998473, ""start"": 66, ""end"": 74}, {""text"": ""phác đồ"", ""label"": ""MEDDEVICETECHNIQUE"", ""score"": 0.98645, ""start"": 94, ""end"": 101}]"
78,utt_id_train_000079,VietMed_011,6.0,0.0,bác sĩ và sau đây thì xin được kết nối ngắn với vị khán giả tiếp theo xin kết,2,"[{""text"": ""bác sĩ"", ""label"": ""OCCUPATION"", ""score"": 0.997941, ""start"": 0, ""end"": 6}, {""text"": ""khán giả"", ""label"": ""OCCUPATION"", ""score"": 0.990443, ""start"": 51, ""end"": 59}]"
79,utt_id_train_000080,VietMed_011,6.0,0.0,rất là nặng và càng về sau mà mình càng muộn phát hiện thì cái việc điều trị nó lại càng khó khăn hơn chính vì thế cho,1,"[{""text"": ""điều trị"", ""label"": ""TREATMENT"", ""score"": 0.998367, ""start"": 68, ""end"": 76}]"
80,utt_id_train_000081,VietMed_011,7.0,0.0,quá trình mà mình vẫn đang phải làm việc như thế này vâng và bác sĩ cũng đã chia sẻ với mình về,1,"[{""text"": ""bác sĩ"", ""label"": ""OCCUPATION"", ""score"": 0.997871, ""start"": 61, ""end"": 67}]"
81,utt_id_train_000082,VietMed_011,6.0,0.0,trở lạnh nhiều hơn thì cái đau nhức nó tăng lên nó khó chịu hơn và nó ảnh hưởng đến cái vận động đến các cái sinh hoạt,1,"[{""text"": ""đau nhức"", ""label"": ""DISEASESYMTOM"", ""score"": 0.998858, ""start"": 27, ""end"": 35}]"
82,utt_id_train_000083,VietMed_011,5.0,0.0,cái thứ hai nữa là mình sẽ cùng tìm một cái cái hướng đi nào đó để có thể góp,1,"[{""text"": ""cái thứ hai"", ""label"": ""UNITCALIBRATOR"", ""score"": 0.995849, ""start"": 0, ""end"": 11}]"
83,utt_id_train_000084,VietMed_011,6.0,0.0,có cái nền tảng từ sâu ở bên trong có những cái trường hợp liên quan đến cái hệ miễn dịch có những trường hợp nó liên,1,"[{""text"": ""hệ miễn dịch"", ""label"": ""ORGAN"", ""score"": 0.996509, ""start"": 77, ""end"": 89}]"
84,utt_id_train_000085,VietMed_011,6.0,0.0,một cái cái thoái hóa cột sống thắt lưng bác có đau cột sống thắt lưng tuy nhiên ngoài ra lại có cái câu chuyện là đau,7,"[{""text"": ""thoái hóa cột sống"", ""label"": ""DISEASESYMTOM"", ""score"": 0.998706, ""start"": 12, ""end"": 30}, {""text"": ""thắt lưng"", ""label"": ""ORGAN"", ""score"": 0.982474, ""start"": 31, ""end"": 40}, {""text"": ""bác"", ""label"": ""AGE"", ""score"": 0.996444, ""start"": 41, ""end"": 44}, {""text"": ""đau"", ""label"": ""DISEASESYMTOM"", ""score"": 0.998644, ""start"": 48, ""end"": 51}, {""text"": ""cột sống"", ""label"": ""ORGAN"", ""score"": 0.997208, ""start"": 52, ""end"": 60}, {""text"": ""thắt lưng"", ""label"": ""ORGAN"", ""score"": 0.985298, ""start"": 61, ""end"": 70}, {""text"": ""đau"", ""label"": ""DISEASESYMTOM"", ""score"": 0.998518, ""start"": 115, ""end"": 118}]"
85,utt_id_train_000086,VietMed_011,6.0,0.0,biện pháp phòng ngừa để giảm thiểu những cái rủi ro hay không thì cái việc đấy tôi cho là nó là còn quan trọng nhất trong cái trường hợp này đấy là trường,3,"[{""text"": ""biện pháp"", ""label"": ""PREVENTIVEMED"", ""score"": 0.985106, ""start"": 0, ""end"": 9}, {""text"": ""phòng ngừa"", ""label"": ""PREVENTIVEMED"", ""score"": 0.931405, ""start"": 10, ""end"": 20}, {""text"": ""giảm thiểu"", ""label"": ""PREVENTIVEMED"", ""score"": 0.991609, ""start"": 24, ""end"": 34}]"
86,utt_id_train_000087,VietMed_011,6.0,0.0,điều trị thời ban đầu và sau này khi mà nó muộn rồi cột sống nó dính rồi thì chúng ta lại không thể làm thế nào mà nó,2,"[{""text"": ""điều trị"", ""label"": ""TREATMENT"", ""score"": 0.998257, ""start"": 0, ""end"": 8}, {""text"": ""cột sống"", ""label"": ""ORGAN"", ""score"": 0.997745, ""start"": 52, ""end"": 60}]"
87,utt_id_train_000088,VietMed_011,7.0,0.76,nó quan đến thì nó ngay vì trên trường khó mũ đi nó lại trảm giảm ấy quá dạ vâng đúng rồi ở những,0,[]
88,utt_id_train_000089,VietMed_011,6.0,0.0,mình trước sau đó thì chúng ta sẽ sẽ trả lời cho cái câu hỏi của bác là liệu là chúng ta có nên đi lại nhiều không phải,2,"[{""text"": ""bác"", ""label"": ""AGE"", ""score"": 0.996401, ""start"": 65, ""end"": 68}, {""text"": ""đi lại nhiều"", ""label"": ""PERSONALCARE"", ""score"": 0.990999, ""start"": 96, ""end"": 108}]"
89,utt_id_train_000090,VietMed_011,6.0,0.0,mọi cách bạn nâng niu cái bàn chân nâng niu cái gót chân của mình thì cái câu chuyện này của chúng ta nó đã được cải,3,"[{""text"": ""nâng niu cái"", ""label"": ""PERSONALCARE"", ""score"": 0.984022, ""start"": 13, ""end"": 25}, {""text"": ""bàn chân"", ""label"": ""ORGAN"", ""score"": 0.945447, ""start"": 26, ""end"": 34}, {""text"": ""nâng niu cái gót chân"", ""label"": ""PERSONALCARE"", ""score"": 0.983311, ""start"": 35, ""end"": 56}]"
90,utt_id_train_000091,VietMed_011,7.0,0.0,chí nó nặng dần lên như vậy nếu mà bác chưa có điều kiện để đi thăm khám nhiều chẳng hạn vậy thế thì bác cũng nên có,3,"[{""text"": ""bác"", ""label"": ""AGE"", ""score"": 0.9961, ""start"": 35, ""end"": 38}, {""text"": ""thăm khám"", ""label"": ""TREATMENT"", ""score"": 0.997537, ""start"": 63, ""end"": 72}, {""text"": ""bác"", ""label"": ""AGE"", ""score"": 0.995926, ""start"": 101, ""end"": 104}]"
91,utt_id_train_000092,VietMed_011,5.0,0.0,đổi như thế này hoặc là có những cái đợt nhất định nào đó bệnh người ta nặng lên người ta sẽ tập trung chữa rồi là dùng,0,[]
92,utt_id_train_000093,VietMed_011,5.0,0.0,hiện tại thì miền bắc cũng đang chuyển mùa rồi đúng không ạ thời tiết nồng ẩm thì khá là nhiều vì vậy là những cái,1,"[{""text"": ""miền bắc"", ""label"": ""LOCATION"", ""score"": 0.962726, ""start"": 13, ""end"": 21}]"
93,utt_id_train_000094,VietMed_011,6.0,0.137931,nó sẽ nó giống như bây giờ chúng ta điều trị covid thì nó sẽ phải có từng tần từng mức một chính vì vậy cho nên cái quan điểm,3,"[{""text"": ""bây giờ"", ""label"": ""DATETIME"", ""score"": 0.996298, ""start"": 19, ""end"": 26}, {""text"": ""điều trị"", ""label"": ""TREATMENT"", ""score"": 0.998378, ""start"": 36, ""end"": 44}, {""text"": ""covid"", ""label"": ""DISEASESYMTOM"", ""score"": 0.993224, ""start"": 45, ""end"": 50}]"
94,utt_id_train_000095,VietMed_011,7.0,0.0,trong một cái tâm thế là nếu chẳng may bây giờ mình bị ngã thì mình bám vào đâu thì như thế thì mình mới có cái cái cái,1,"[{""text"": ""bây giờ"", ""label"": ""DATETIME"", ""score"": 0.996874, ""start"": 39, ""end"": 46}]"
95,utt_id_train_000096,VietMed_011,6.0,0.0,vâng và hiện tại thì thời lượng của chương trình cũng không còn nhiều tuy nhiên còn rất là nhiều khán giả đã gọi điện tới và mong đợi được sự tư vấn của,2,"[{""text"": ""khán giả"", ""label"": ""OCCUPATION"", ""score"": 0.987676, ""start"": 97, ""end"": 105}, {""text"": ""tư vấn"", ""label"": ""PERSONALCARE"", ""score"": 0.993519, ""start"": 142, ""end"": 148}]"
96,utt_id_train_000097,VietMed_011,5.0,0.0,khớp gối này bây giờ đi lại không có được này phải ngồi một chỗ này bảy mươi tuổi thì nó cũng là nhiều nhưng không phải là,3,"[{""text"": ""khớp gối"", ""label"": ""ORGAN"", ""score"": 0.994845, ""start"": 0, ""end"": 8}, {""text"": ""bây giờ"", ""label"": ""DATETIME"", ""score"": 0.99669, ""start"": 13, ""end"": 20}, {""text"": ""bảy mươi tuổi"", ""label"": ""AGE"", ""score"": 0.966032, ""start"": 68, ""end"": 81}]"
97,utt_id_train_000098,VietMed_011,8.0,0.0,mong manh rất là dễ có những cái biểu hiện là như như vậy thế và cái câu hỏi đặt ra của mc mà mà chúng ta sẽ phải trả,0,[]
98,utt_id_train_000099,VietMed_011,6.0,0.107143,dụng như vậy thì cái việc lạp đi lạp lại như vậy cái tác dụng phụ lúc đầu ở những giai đoạn ngắn có thể là các bác sĩ,2,"[{""text"": ""tác dụng phụ"", ""label"": ""DISEASESYMTOM"", ""score"": 0.998745, ""start"": 53, ""end"": 65}, {""text"": ""bác sĩ"", ""label"": ""OCCUPATION"", ""score"": 0.997867, ""start"": 111, ""end"": 117}]"
99,utt_id_train_000100,VietMed_011,6.0,0.0,là chúng ta cần phải khám các cái bệnh lý về cơ xương khớp xem là cái bệnh lý cột sống gì hoặc là bệnh lý khớp gối gì,7,"[{""text"": ""khám"", ""label"": ""DIAGNOSTICS"", ""score"": 0.990532, ""start"": 21, ""end"": 25}, {""text"": ""bệnh lý"", ""label"": ""DISEASESYMTOM"", ""score"": 0.997782, ""start"": 34, ""end"": 41}, {""text"": ""cơ xương khớp"", ""label"": ""ORGAN"", ""score"": 0.997606, ""start"": 45, ""end"": 58}, {""text"": ""bệnh lý"", ""label"": ""DISEASESYMTOM"", ""score"": 0.998377, ""start"": 70, ""end"": 77}, {""text"": ""cột sống"", ""label"": ""ORGAN"", ""score"": 0.997018, ""start"": 78, ""end"": 86}, {""text"": ""bệnh lý"", ""label"": ""DISEASESYMTOM"", ""score"": 0.998242, ""start"": 98, ""end"": 105}, {""text"": ""khớp gối"", ""label"": ""ORGAN"", ""score"": 0.996758, ""start"": 106, ""end"": 114}]"
100,utt_id_train_000101,VietMed_011,5.0,0.0,tương đương các thuốc tân dược đang được sử dụng phổ biến trong điều trị bệnh xương khớp hiện nay ưu điểm vượt,5,"[{""text"": ""thuốc"", ""label"": ""DRUGCHEMICAL"", ""score"": 0.997295, ""start"": 16, ""end"": 21}, {""text"": ""tân dược"", ""label"": ""DRUGCHEMICAL"", ""score"": 0.987766, ""start"": 22, ""end"": 30}, {""text"": ""điều trị"", ""label"": ""TREATMENT"", ""score"": 0.998414, ""start"": 64, ""end"": 72}, {""text"": ""bệnh xương khớp"", ""label"": ""DISEASESYMTOM"", ""score"": 0.998131, ""start"": 73, ""end"": 88}, {""text"": ""hiện nay"", ""label"": ""DATETIME"", ""score"": 0.994473, ""start"": 89, ""end"": 97}]"
101,utt_id_train_000102,VietMed_011,5.0,0.0,khác về cái câu chuyện mà chúng ta biết rằng là những người cao tuổi thì cái cái biểu hiện đau nhức xương khớp nó rất là,3,"[{""text"": ""cao tuổi"", ""label"": ""AGE"", ""score"": 0.971127, ""start"": 60, ""end"": 68}, {""text"": ""đau nhức"", ""label"": ""DISEASESYMTOM"", ""score"": 0.99882, ""start"": 91, ""end"": 99}, {""text"": ""xương khớp"", ""label"": ""ORGAN"", ""score"": 0.997426, ""start"": 100, ""end"": 110}]"
102,utt_id_train_000103,VietMed_011,6.0,0.107143,cũng được không thì ở việt nam chúng ta có củ địa liền là một trong những cái thảo dược mà để điều trị cho cái bệnh lý xương không,5,"[{""text"": ""việt nam"", ""label"": ""LOCATION"", ""score"": 0.983917, ""start"": 22, ""end"": 30}, {""text"": ""thảo dược"", ""label"": ""DRUGCHEMICAL"", ""score"": 0.99048, ""start"": 78, ""end"": 87}, {""text"": ""điều trị"", ""label"": ""TREATMENT"", ""score"": 0.998398, ""start"": 94, ""end"": 102}, {""text"": ""bệnh lý"", ""label"": ""DISEASESYMTOM"", ""score"": 0.998114, ""start"": 111, ""end"": 118}, {""text"": ""xương"", ""label"": ""ORGAN"", ""score"": 0.997348, ""start"": 119, ""end"": 124}]"
103,utt_id_train_000104,VietMed_011,6.0,0.0,cái tác động trực tiếp đó bằng cách là gì ạ chúng ta mặc đủ ấm này bằng cách là chúng ta che chắn vào những cái vùng mà,1,"[{""text"": ""che chắn"", ""label"": ""PREVENTIVEMED"", ""score"": 0.982331, ""start"": 89, ""end"": 97}]"
104,utt_id_train_000105,VietMed_011,6.0,0.0,nghĩa là không phải chỉ những người cao tuổi mới bị đâu còn rất là nhiều người còn rất là trẻ thậm chí là còn chưa đến,2,"[{""text"": ""cao tuổi"", ""label"": ""AGE"", ""score"": 0.970277, ""start"": 36, ""end"": 44}, {""text"": ""trẻ"", ""label"": ""AGE"", ""score"": 0.931663, ""start"": 90, ""end"": 93}]"
105,utt_id_train_000106,VietMed_011,5.0,0.0,giả là nó cũng rất là rõ ràng và cái đau này của chúng ta nó không phải chỉ là những cái đau lướt thoáng qua hay chỉ là,2,"[{""text"": ""đau"", ""label"": ""DISEASESYMTOM"", ""score"": 0.998411, ""start"": 37, ""end"": 40}, {""text"": ""đau"", ""label"": ""DISEASESYMTOM"", ""score"": 0.998298, ""start"": 89, ""end"": 92}]"
106,utt_id_train_000107,VietMed_011,7.0,0.0,hợp thứ nhất vấn đề thứ nhất mà chúng tôi muốn chia sẻ trường hợp thứ hai chúng ta muốn chia sẻ ở đây là gì ạ khi mà chúng ta bị ngã như vậy thì cái quá,2,"[{""text"": ""thứ nhất"", ""label"": ""UNITCALIBRATOR"", ""score"": 0.996508, ""start"": 4, ""end"": 12}, {""text"": ""thứ nhất"", ""label"": ""UNITCALIBRATOR"", ""score"": 0.996276, ""start"": 20, ""end"": 28}]"
107,utt_id_train_000108,VietMed_011,6.0,0.0,việc rồi là tất cả các yếu tố khác cho nên là cũng là một cái khó để chúng ta nói một chính xác xem là bệnh lý như thế,1,"[{""text"": ""bệnh lý"", ""label"": ""DISEASESYMTOM"", ""score"": 0.998434, ""start"": 103, ""end"": 110}]"
108,utt_id_train_000109,VietMed_011,6.0,0.0,ngày của chúng ta nó cũng sẽ là những cái nguyên nhân mà nó có thể gây lên một số các cái bệnh lý xương khớp cụ thể ở,2,"[{""text"": ""bệnh lý"", ""label"": ""DISEASESYMTOM"", ""score"": 0.997504, ""start"": 90, ""end"": 97}, {""text"": ""xương khớp"", ""label"": ""ORGAN"", ""score"": 0.997183, ""start"": 98, ""end"": 108}]"
109,utt_id_train_000110,VietMed_011,5.0,0.0,cuối cùng cho nên cái việc mà anh đi khám nhiều lần như này chúng tôi rất là ủng hộ anh và chúng tôi vẫn khuyên là gì,3,"[{""text"": ""anh"", ""label"": ""GENDER"", ""score"": 0.98046, ""start"": 30, ""end"": 33}, {""text"": ""khám"", ""label"": ""DIAGNOSTICS"", ""score"": 0.993585, ""start"": 37, ""end"": 41}, {""text"": ""anh"", ""label"": ""GENDER"", ""score"": 0.982145, ""start"": 84, ""end"": 87}]"
110,utt_id_train_000111,VietMed_011,6.0,0.133333,và bởi vì sao bao giờ khi mà cái vấn đề mà phẫu thuật sọ não hoặc là bất kỳ một cái phẫu thuật nào bác cũng,5,"[{""text"": ""phẫu thuật"", ""label"": ""SURGERY"", ""score"": 0.99655, ""start"": 43, ""end"": 53}, {""text"": ""sọ"", ""label"": ""ORGAN"", ""score"": 0.753446, ""start"": 54, ""end"": 56}, {""text"": ""não"", ""label"": ""ORGAN"", ""score"": 0.986301, ""start"": 57, ""end"": 60}, {""text"": ""phẫu thuật"", ""label"": ""SURGERY"", ""score"": 0.996777, ""start"": 84, ""end"": 94}, {""text"": ""bác"", ""label"": ""AGE"", ""score"": 0.996341, ""start"": 99, ""end"": 102}]"
111,utt_id_train_000112,VietMed_011,5.0,0.0,chuyện là gì ạ mặc dù cái tác dụng thì rất là mạnh đấy và khi mà chúng ta sử dụng kể cả cái nhóm thuốc corticoid,2,"[{""text"": ""thuốc"", ""label"": ""DRUGCHEMICAL"", ""score"": 0.996102, ""start"": 97, ""end"": 102}, {""text"": ""corticoid"", ""label"": ""DRUGCHEMICAL"", ""score"": 0.9848, ""start"": 103, ""end"": 112}]"
112,utt_id_train_000113,VietMed_011,6.0,0.0,tuy nhiên các bác sĩ người ta sẽ phải cân nhắc ở hai khía cạnh thứ nhất là nó đã bị những cái cơn như vậy rồi cái thứ,2,"[{""text"": ""bác sĩ"", ""label"": ""OCCUPATION"", ""score"": 0.997988, ""start"": 14, ""end"": 20}, {""text"": ""thứ nhất"", ""label"": ""UNITCALIBRATOR"", ""score"": 0.996069, ""start"": 63, ""end"": 71}]"
113,utt_id_train_000114,VietMed_011,7.0,0.0,rất là vui mừng vì đã mang lại một cái sản phẩm tốt và có hiệu quả cao để hỗ trợ cho hàng triệu người bị đau cơ xương,5,"[{""text"": ""hiệu quả cao"", ""label"": ""UNITCALIBRATOR"", ""score"": 0.993276, ""start"": 58, ""end"": 70}, {""text"": ""hỗ trợ"", ""label"": ""MEDDEVICETECHNIQUE"", ""score"": 0.991769, ""start"": 74, ""end"": 80}, {""text"": ""đau"", ""label"": ""DISEASESYMTOM"", ""score"": 0.99848, ""start"": 105, ""end"": 108}, {""text"": ""cơ"", ""label"": ""ORGAN"", ""score"": 0.997089, ""start"": 109, ""end"": 111}, {""text"": ""xương"", ""label"": ""ORGAN"", ""score"": 0.99675, ""start"": 112, ""end"": 117}]"
114,utt_id_train_000115,VietMed_011,7.0,0.0,nên nghe theo và sẽ có thể là phần nào khắc phục được tình trạng của mình bác nhé điều trị xương khớp thì rõ ràng,3,"[{""text"": ""bác"", ""label"": ""AGE"", ""score"": 0.99619, ""start"": 74, ""end"": 77}, {""text"": ""điều trị"", ""label"": ""TREATMENT"", ""score"": 0.998412, ""start"": 82, ""end"": 90}, {""text"": ""xương khớp"", ""label"": ""ORGAN"", ""score"": 0.997194, ""start"": 91, ""end"": 101}]"
115,utt_id_train_000116,VietMed_011,7.0,0.0,trị dài chính vì vậy cho nên cái việc mà nó an toàn như thế này lại hết sức là quan trọng cảm ơn bác sĩ vâng,1,"[{""text"": ""bác sĩ"", ""label"": ""OCCUPATION"", ""score"": 0.997849, ""start"": 97, ""end"": 103}]"
116,utt_id_train_000117,VietMed_011,5.0,0.0,dụng phụ nó cũng lại gì ạ không kém phần long trọng chúng tôi vẫn nói là như vậy nghĩa là nó có rất là nhiều các cái tác,0,[]
117,utt_id_train_000118,VietMed_011,7.0,0.0,thuốc thậm chí là đi khám rất đầy đủ tuy nhiên khi mà qua cái những cái giai đoạn đấy rồi thì người ta lại không còn đi,2,"[{""text"": ""thuốc"", ""label"": ""DRUGCHEMICAL"", ""score"": 0.996711, ""start"": 0, ""end"": 5}, {""text"": ""khám"", ""label"": ""DIAGNOSTICS"", ""score"": 0.991629, ""start"": 21, ""end"": 25}]"
118,utt_id_train_000119,VietMed_011,6.0,0.0,lứa văn phòng á thì cái bệnh cơ xương khớp nó thường là nó sẽ gặp nhiều ở đốt sống cổ này đốt sống thắt lưng đúng,3,"[{""text"": ""văn phòng"", ""label"": ""LOCATION"", ""score"": 0.974112, ""start"": 4, ""end"": 13}, {""text"": ""cơ xương khớp"", ""label"": ""ORGAN"", ""score"": 0.997245, ""start"": 29, ""end"": 42}, {""text"": ""thắt lưng"", ""label"": ""ORGAN"", ""score"": 0.990207, ""start"": 99, ""end"": 108}]"
119,utt_id_train_000120,VietMed_011,6.0,0.0,mà chúng ta lưu ý cũng như là duy trì các cái biện pháp điều trị duy trì của chúng ta là hết sức là quan trọng bởi,2,"[{""text"": ""duy trì"", ""label"": ""PERSONALCARE"", ""score"": 0.988091, ""start"": 30, ""end"": 37}, {""text"": ""điều trị duy trì"", ""label"": ""TREATMENT"", ""score"": 0.997001, ""start"": 56, ""end"": 72}]"
120,utt_id_train_000121,VietMed_011,5.0,0.0,thì mình có cái giải pháp ngay lập tức là như nào cá nhân tôi chẳng hạn bây giờ tôi chưa bị như bác đâu nhưng mà đi lúc,2,"[{""text"": ""bây giờ"", ""label"": ""DATETIME"", ""score"": 0.996817, ""start"": 72, ""end"": 79}, {""text"": ""bác"", ""label"": ""AGE"", ""score"": 0.996031, ""start"": 96, ""end"": 99}]"
121,utt_id_train_000122,VietMed_011,6.0,0.0,ta không nên sờ nắn bóp vào đấy đấy có một cái câu chuyện rất là nhiều người đấy là khi chúng ta đau ở đâu chúng ta hãy bóp vào đấy nhưng mà trong trường,1,"[{""text"": ""đau"", ""label"": ""DISEASESYMTOM"", ""score"": 0.998368, ""start"": 97, ""end"": 100}]"
122,utt_id_train_000123,VietMed_011,6.0,0.0,thời gian đầu là mình uống là một ngày là bốn viên sáng hai viên chiều hai viên,5,"[{""text"": ""thời gian"", ""label"": ""DATETIME"", ""score"": 0.996218, ""start"": 0, ""end"": 9}, {""text"": ""một ngày"", ""label"": ""DATETIME"", ""score"": 0.996282, ""start"": 30, ""end"": 38}, {""text"": ""bốn viên"", ""label"": ""UNITCALIBRATOR"", ""score"": 0.991399, ""start"": 42, ""end"": 50}, {""text"": ""hai viên"", ""label"": ""UNITCALIBRATOR"", ""score"": 0.98853, ""start"": 56, ""end"": 64}, {""text"": ""hai viên"", ""label"": ""UNITCALIBRATOR"", ""score"": 0.992797, ""start"": 71, ""end"": 79}]"
123,utt_id_train_000124,VietMed_011,7.0,0.0,thì nó cũng có những cái tác dụng phụ lên cái hệ thần kinh trung ương ảnh hưởng đến cái các vấn đề về tâm thần về,3,"[{""text"": ""tác dụng phụ"", ""label"": ""DISEASESYMTOM"", ""score"": 0.99898, ""start"": 25, ""end"": 37}, {""text"": ""thần kinh"", ""label"": ""ORGAN"", ""score"": 0.997543, ""start"": 49, ""end"": 58}, {""text"": ""tâm thần"", ""label"": ""DISEASESYMTOM"", ""score"": 0.998784, ""start"": 102, ""end"": 110}]"
124,utt_id_train_000125,VietMed_011,5.0,0.0,đến cuộc sống thì có cả cột sống cổ này cuộc sống ngực này cột sống lưng này chứ không phải chỉ có mỗi là cuộc sống lưng,5,"[{""text"": ""cột sống"", ""label"": ""ORGAN"", ""score"": 0.997146, ""start"": 24, ""end"": 32}, {""text"": ""ngực"", ""label"": ""ORGAN"", ""score"": 0.997889, ""start"": 50, ""end"": 54}, {""text"": ""cột sống"", ""label"": ""ORGAN"", ""score"": 0.997197, ""start"": 59, ""end"": 67}, {""text"": ""lưng"", ""label"": ""ORGAN"", ""score"": 0.996071, ""start"": 68, ""end"": 72}, {""text"": ""lưng"", ""label"": ""ORGAN"", ""score"": 0.997977, ""start"": 116, ""end"": 120}]"
125,utt_id_train_000126,VietMed_011,5.0,0.0,như này thì sử dụng lại rất là hiệu quả và khi nghiên cứu cái củ địa liền này thì người ta nghiên cứu người ta nhận,2,"[{""text"": ""nghiên cứu"", ""label"": ""DIAGNOSTICS"", ""score"": 0.991141, ""start"": 47, ""end"": 57}, {""text"": ""nghiên cứu"", ""label"": ""DIAGNOSTICS"", ""score"": 0.989554, ""start"": 91, ""end"": 101}]"
126,utt_id_train_000127,VietMed_011,6.0,0.210526,khớp và các cái bệnh lý đau nhức xương khớp phổ biến thì nó lại lại lại đảm bảo cũng như là,4,"[{""text"": ""khớp"", ""label"": ""ORGAN"", ""score"": 0.997508, ""start"": 0, ""end"": 4}, {""text"": ""bệnh lý"", ""label"": ""DISEASESYMTOM"", ""score"": 0.998543, ""start"": 16, ""end"": 23}, {""text"": ""đau nhức"", ""label"": ""DISEASESYMTOM"", ""score"": 0.998857, ""start"": 24, ""end"": 32}, {""text"": ""xương khớp"", ""label"": ""ORGAN"", ""score"": 0.997491, ""start"": 33, ""end"": 43}]"
127,utt_id_train_000128,VietMed_011,6.0,0.0,cái câu hỏi thêm như thế này câu hỏi thứ nhất ý là cái đau của mình là anh bảo là nó đau lan lên trên đúng không chứ không,4,"[{""text"": ""thứ nhất"", ""label"": ""UNITCALIBRATOR"", ""score"": 0.996349, ""start"": 37, ""end"": 45}, {""text"": ""đau"", ""label"": ""DISEASESYMTOM"", ""score"": 0.998433, ""start"": 55, ""end"": 58}, {""text"": ""anh"", ""label"": ""GENDER"", ""score"": 0.979617, ""start"": 71, ""end"": 74}, {""text"": ""đau"", ""label"": ""DISEASESYMTOM"", ""score"": 0.998479, ""start"": 85, ""end"": 88}]"
128,utt_id_train_000129,VietMed_011,5.0,0.16,trường hợp đặc biệt cho nên là những cái thuốc corticoid để điều trị cho bệnh gút phải là những cái thuốc corticoid,6,"[{""text"": ""thuốc"", ""label"": ""DRUGCHEMICAL"", ""score"": 0.996995, ""start"": 41, ""end"": 46}, {""text"": ""corticoid"", ""label"": ""DRUGCHEMICAL"", ""score"": 0.988546, ""start"": 47, ""end"": 56}, {""text"": ""điều trị"", ""label"": ""TREATMENT"", ""score"": 0.998468, ""start"": 60, ""end"": 68}, {""text"": ""bệnh gút"", ""label"": ""DISEASESYMTOM"", ""score"": 0.998666, ""start"": 73, ""end"": 81}, {""text"": ""thuốc"", ""label"": ""DRUGCHEMICAL"", ""score"": 0.996852, ""start"": 100, ""end"": 105}, {""text"": ""corticoid"", ""label"": ""DRUGCHEMICAL"", ""score"": 0.987407, ""start"": 106, ""end"": 115}]"
129,utt_id_train_000130,VietMed_011,6.0,0.214286,khớp của chúng ta vừa là hạn chế được các cái tác dụng của hạn chế được cái diễn biến các cái cũng như là cái chiết,1,"[{""text"": ""khớp"", ""label"": ""ORGAN"", ""score"": 0.997316, ""start"": 0, ""end"": 4}]"
130,utt_id_train_000131,VietMed_011,5.0,0.0,không được nghỉ ngơi chính vì vậy cho nên là cái lời khuyên của chúng ta trong trường hợp này thì khi mà chúng ta làm,1,"[{""text"": ""nghỉ ngơi"", ""label"": ""PERSONALCARE"", ""score"": 0.983058, ""start"": 11, ""end"": 20}]"
131,utt_id_train_000132,VietMed_011,7.0,0.107143,biện pháp điều trị một cách phù hợp và nó phải an toàn thì các cái giải pháp ở những cái giai đoạn cấp tính thì chúng ta đến từ,1,"[{""text"": ""điều trị"", ""label"": ""TREATMENT"", ""score"": 0.998178, ""start"": 10, ""end"": 18}]"
132,utt_id_train_000133,VietMed_011,6.0,0.272727,thời tiết lạnh hoặc là thời tiết thay đổi như thế này nên các lên các cái hệ thống xương khớp và các cái hệ thống tổng đài,1,"[{""text"": ""xương khớp"", ""label"": ""ORGAN"", ""score"": 0.997484, ""start"": 83, ""end"": 93}]"
133,utt_id_train_000134,VietMed_011,6.0,0.0,chính là các cái tác động về mặt vật lý nghĩa là bị quá tải bị chấn động bị các cái vi chấn thương tất cả những cái,2,"[{""text"": ""chấn động"", ""label"": ""DISEASESYMTOM"", ""score"": 0.998593, ""start"": 63, ""end"": 72}, {""text"": ""chấn thương"", ""label"": ""DISEASESYMTOM"", ""score"": 0.998554, ""start"": 87, ""end"": 98}]"
134,utt_id_train_000135,VietMed_011,6.0,0.0,nó cũng rất dễ ảnh hưởng đến cái gót chân và cái thứ hai nữa là các cái dây chằng cũng như là các cái gân ở cái vùng,4,"[{""text"": ""gót chân"", ""label"": ""ORGAN"", ""score"": 0.993951, ""start"": 33, ""end"": 41}, {""text"": ""cái thứ hai"", ""label"": ""UNITCALIBRATOR"", ""score"": 0.995551, ""start"": 45, ""end"": 56}, {""text"": ""dây chằng"", ""label"": ""ORGAN"", ""score"": 0.997022, ""start"": 72, ""end"": 81}, {""text"": ""gân"", ""label"": ""ORGAN"", ""score"": 0.995319, ""start"": 102, ""end"": 105}]"
135,utt_id_train_000136,VietMed_011,6.0,0.0,dễ có những cái ảnh hưởng đến vừa là các cái khớp ở gót chân vừa là các cái dây chằng và gân ở gót chân chính vì vậy cho,5,"[{""text"": ""các cái khớp"", ""label"": ""ORGAN"", ""score"": 0.996819, ""start"": 37, ""end"": 49}, {""text"": ""gót chân"", ""label"": ""ORGAN"", ""score"": 0.995954, ""start"": 52, ""end"": 60}, {""text"": ""dây chằng"", ""label"": ""ORGAN"", ""score"": 0.992793, ""start"": 76, ""end"": 85}, {""text"": ""gân"", ""label"": ""ORGAN"", ""score"": 0.996077, ""start"": 89, ""end"": 92}, {""text"": ""gót chân"", ""label"": ""ORGAN"", ""score"": 0.995399, ""start"": 95, ""end"": 103}]"
136,utt_id_train_000137,VietMed_011,6.0,0.0,viện các bác sĩ sẽ có những cái biện pháp điều trị đặc hiệu cho từng cái bệnh nhưng mà sau khi mà qua những cái giai đoạn như vậy mà chúng ta điều trị duy,3,"[{""text"": ""bác sĩ"", ""label"": ""OCCUPATION"", ""score"": 0.997969, ""start"": 9, ""end"": 15}, {""text"": ""điều trị"", ""label"": ""TREATMENT"", ""score"": 0.998372, ""start"": 42, ""end"": 50}, {""text"": ""điều trị"", ""label"": ""TREATMENT"", ""score"": 0.998397, ""start"": 142, ""end"": 150}]"
137,utt_id_train_000138,VietMed_011,6.0,0.0,thì không phải là của riêng ai cả đối tượng nào chúng ta cũng rất là dễ gặp phải và chúng tôi cũng để ý là có những,0,[]
138,utt_id_train_000139,VietMed_011,7.0,0.0,thấy làm sao cả nhưng mà bây giờ nó lại nặng như thế này thì chúng ta cũng cần phải hiểu rằng là rất nhiều trường hợp sau khi ngã xong sau khi thế nọ thế kia,2,"[{""text"": ""bây giờ"", ""label"": ""DATETIME"", ""score"": 0.996549, ""start"": 25, ""end"": 32}, {""text"": ""rất nhiều"", ""label"": ""UNITCALIBRATOR"", ""score"": 0.99487, ""start"": 97, ""end"": 106}]"
139,utt_id_train_000140,VietMed_011,6.0,0.0,biến chứng tiếp theo mà chúng tôi cũng muốn cảnh báo với bác là gì ạ sau khi đã bị năm năm bốn năm sáu năm như của bác ấy là ở,7,"[{""text"": ""biến chứng"", ""label"": ""DISEASESYMTOM"", ""score"": 0.998935, ""start"": 0, ""end"": 10}, {""text"": ""cảnh báo"", ""label"": ""PREVENTIVEMED"", ""score"": 0.989818, ""start"": 44, ""end"": 52}, {""text"": ""bác"", ""label"": ""AGE"", ""score"": 0.996176, ""start"": 57, ""end"": 60}, {""text"": ""năm năm"", ""label"": ""DATETIME"", ""score"": 0.995215, ""start"": 83, ""end"": 90}, {""text"": ""bốn năm"", ""label"": ""DATETIME"", ""score"": 0.995008, ""start"": 91, ""end"": 98}, {""text"": ""sáu năm"", ""label"": ""DATETIME"", ""score"": 0.995626, ""start"": 99, ""end"": 106}, {""text"": ""bác"", ""label"": ""AGE"", ""score"": 0.99605, ""start"": 115, ""end"": 118}]"
140,utt_id_train_000141,VietMed_011,6.0,0.0,cái trường hợp là năm năm bảy năm đây là những cái nghiên cứu ở nước ngoài là những cái nước phát triển là người ta cũng nhận thấy rằng là phần lớn là mọi người được,4,"[{""text"": ""năm năm"", ""label"": ""DATETIME"", ""score"": 0.993235, ""start"": 18, ""end"": 25}, {""text"": ""nghiên cứu"", ""label"": ""DIAGNOSTICS"", ""score"": 0.990244, ""start"": 51, ""end"": 61}, {""text"": ""nước ngoài"", ""label"": ""LOCATION"", ""score"": 0.977881, ""start"": 64, ""end"": 74}, {""text"": ""phần lớn"", ""label"": ""UNITCALIBRATOR"", ""score"": 0.993771, ""start"": 139, ""end"": 147}]"
141,utt_id_train_000142,VietMed_011,6.0,0.0,là làm việc hàng ngày để phần nào có thể khắc phục được cái tình trạng mà bác phải di chuyển nhiều như vậy mà cái bệnh,2,"[{""text"": ""hàng ngày"", ""label"": ""DATETIME"", ""score"": 0.995678, ""start"": 12, ""end"": 21}, {""text"": ""bác"", ""label"": ""AGE"", ""score"": 0.995936, ""start"": 74, ""end"": 77}]"
142,utt_id_train_000143,VietMed_011,7.0,0.0,chải đầu chải tóc tha hồ ngắm nghía bên phải bên trái quay ngược quay xuôi rồi tay mình giơ lên giơ xuống thoải mái,2,"[{""text"": ""tóc"", ""label"": ""ORGAN"", ""score"": 0.992685, ""start"": 14, ""end"": 17}, {""text"": ""tay"", ""label"": ""ORGAN"", ""score"": 0.99355, ""start"": 79, ""end"": 82}]"
143,utt_id_train_000144,VietMed_011,6.0,0.0,nhắc một cái câu chuyện cũng không phải là do số má gì đâu mà đôi khi là do gì ạ các bác sĩ trước người ta đã làm hết,2,"[{""text"": ""má"", ""label"": ""GENDER"", ""score"": 0.795491, ""start"": 49, ""end"": 51}, {""text"": ""bác sĩ"", ""label"": ""OCCUPATION"", ""score"": 0.997929, ""start"": 85, ""end"": 91}]"
144,utt_id_train_000145,VietMed_011,5.0,0.0,thấy rằng là có một cái hoạt chất nó có cái tác dụng mà chống viêm giảm đau chính là để để phát huy cái tác dụng này,3,"[{""text"": ""hoạt chất"", ""label"": ""DRUGCHEMICAL"", ""score"": 0.992267, ""start"": 24, ""end"": 33}, {""text"": ""viêm"", ""label"": ""DISEASESYMTOM"", ""score"": 0.998567, ""start"": 62, ""end"": 66}, {""text"": ""đau"", ""label"": ""DISEASESYMTOM"", ""score"": 0.998425, ""start"": 72, ""end"": 75}]"
145,utt_id_train_000146,VietMed_011,6.0,0.0,từ oxy này với tất cả các thứ nó sẽ không đến được với xương khớp của chúng ta một cách đầy đủ và chính vì vậy cho,3,"[{""text"": """", ""label"": ""DRUGCHEMICAL"", ""score"": 0.996514, ""start"": 3, ""end"": 4}, {""text"": ""oxy"", ""label"": ""DRUGCHEMICAL"", ""score"": 0.712797, ""start"": 3, ""end"": 6}, {""text"": ""xương khớp"", ""label"": ""ORGAN"", ""score"": 0.99732, ""start"": 55, ""end"": 65}]"
146,utt_id_train_000147,VietMed_011,5.0,0.0,gần đây bản thân chúng tôi cũng phải đánh giá là như này thực ra là cái công việc văn phòng cũng là một cái công việc,3,"[{""text"": ""gần đây"", ""label"": ""DATETIME"", ""score"": 0.995537, ""start"": 0, ""end"": 7}, {""text"": ""đánh giá"", ""label"": ""TREATMENT"", ""score"": 0.996644, ""start"": 37, ""end"": 45}, {""text"": ""công việc văn phòng"", ""label"": ""OCCUPATION"", ""score"": 0.966357, ""start"": 72, ""end"": 91}]"
147,utt_id_train_000148,VietMed_011,6.0,0.0,với tất cả những cái biểu hiện như vậy thì chúng tôi thấy khá là rõ ràng là nó có khả năng là cái biểu hiện của một cái,0,[]
148,utt_id_train_000149,VietMed_011,6.0,0.0,biểu hiện tê bì dọc theo tay hoặc là cái vùng cổ vai gáy này cái thứ ba nữa là nó lại còn liên quan đến cái câu chuyện là,4,"[{""text"": ""tê bì dọc theo tay"", ""label"": ""DISEASESYMTOM"", ""score"": 0.997397, ""start"": 10, ""end"": 28}, {""text"": ""vùng cổ"", ""label"": ""ORGAN"", ""score"": 0.997205, ""start"": 41, ""end"": 48}, {""text"": ""vai"", ""label"": ""ORGAN"", ""score"": 0.995955, ""start"": 49, ""end"": 52}, {""text"": ""gáy"", ""label"": ""ORGAN"", ""score"": 0.993952, ""start"": 53, ""end"": 56}]"
149,utt_id_train_000150,VietMed_011,6.0,0.0,chương trình là cam kết hoàn lại một trăm phần trăm tiền cho người bệnh nếu như mà sau hai tháng sử dụng mà tình trạng đau nhức,3,"[{""text"": ""một trăm phần trăm"", ""label"": ""UNITCALIBRATOR"", ""score"": 0.996044, ""start"": 33, ""end"": 51}, {""text"": ""hai tháng"", ""label"": ""DATETIME"", ""score"": 0.994157, ""start"": 87, ""end"": 96}, {""text"": ""đau nhức"", ""label"": ""DISEASESYMTOM"", ""score"": 0.998806, ""start"": 119, ""end"": 127}]"
150,utt_id_train_000151,VietMed_011,7.0,0.0,người bạn đồng hành đáng tin cậy mà lại rất rẻ tiền rất là hợp lý đúng không ạ cái thứ hai nữa là gì ạ cái thứ hai nữa,2,"[{""text"": ""cái thứ hai"", ""label"": ""UNITCALIBRATOR"", ""score"": 0.995894, ""start"": 79, ""end"": 90}, {""text"": ""cái thứ hai"", ""label"": ""UNITCALIBRATOR"", ""score"": 0.995823, ""start"": 103, ""end"": 114}]"
151,utt_id_train_000152,VietMed_011,5.0,0.0,kính chào quý vị và các bạn đang theo dõi chương trình tư vấn sức khỏe trực tiếp sống khỏe mỗi ngày được phát vào,2,"[{""text"": ""tư vấn"", ""label"": ""PERSONALCARE"", ""score"": 0.992055, ""start"": 55, ""end"": 61}, {""text"": ""mỗi ngày"", ""label"": ""DATETIME"", ""score"": 0.996141, ""start"": 91, ""end"": 99}]"
152,utt_id_train_000153,VietMed_011,6.0,0.0,viện và nhiều lần như thế này cũng là một cái câu chuyện rất là có ý nghĩa có rất nhiều người khi mà đến thăm khám với,2,"[{""text"": ""rất nhiều"", ""label"": ""UNITCALIBRATOR"", ""score"": 0.995145, ""start"": 78, ""end"": 87}, {""text"": ""thăm khám"", ""label"": ""TREATMENT"", ""score"": 0.997449, ""start"": 105, ""end"": 114}]"
153,utt_id_train_000154,VietMed_011,7.0,0.0,giảm cái bệnh tình của mình thì đây cũng như là một cái lời khẳng định cho cái tác dụng của sản phẩm của chúng tôi vừa giới thiệu tới ông và trong thời tiết,1,"[{""text"": ""ông"", ""label"": ""GENDER"", ""score"": 0.971974, ""start"": 134, ""end"": 137}]"
154,utt_id_train_000155,VietMed_011,6.0,0.0,mà cũng có một vài các cái điều mà chúng tôi muốn chia sẻ thứ nhất là để cùng cùng mình mình cùng hiểu cái vấn đề và,2,"[{""text"": ""một vài"", ""label"": ""UNITCALIBRATOR"", ""score"": 0.996392, ""start"": 11, ""end"": 18}, {""text"": ""thứ nhất"", ""label"": ""UNITCALIBRATOR"", ""score"": 0.996344, ""start"": 58, ""end"": 66}]"
155,utt_id_train_000156,VietMed_011,5.0,0.0,nhất là chúng ta có thể làm một số các cái động tác vươn vai nho nhỏ thì chính những cái động tác như vậy cũng là những,2,"[{""text"": ""vươn vai"", ""label"": ""PERSONALCARE"", ""score"": 0.985658, ""start"": 52, ""end"": 60}, {""text"": ""nho"", ""label"": ""FOODDRINK"", ""score"": 0.955236, ""start"": 61, ""end"": 64}]"
156,utt_id_train_000157,VietMed_011,5.0,0.0,trạng ở trong người là hàn chẳng hạn thì rõ ràng khi mà gặp cái thời tiết lạnh thì ở bên trong lạnh ở bên ngoài lạnh nó,1,"[{""text"": ""bên ngoài"", ""label"": ""LOCATION"", ""score"": 0.981841, ""start"": 102, ""end"": 111}]"
157,utt_id_train_000158,VietMed_011,5.0,0.0,bao nhiêu tuổi và sau khi đi bộ đội về thì ạ lâu nay thì bác còn làm,2,"[{""text"": ""đi bộ"", ""label"": ""PERSONALCARE"", ""score"": 0.989195, ""start"": 26, ""end"": 31}, {""text"": ""bác"", ""label"": ""AGE"", ""score"": 0.995402, ""start"": 57, ""end"": 60}]"
158,utt_id_train_000159,VietMed_011,5.0,0.0,nhiều người gặp đấy là bệnh viêm cột sống dính khớp và trong trường hợp này của anh thì chúng tôi nghi rằng là anh,3,"[{""text"": ""bệnh viêm cột sống dính khớp"", ""label"": ""DISEASESYMTOM"", ""score"": 0.996606, ""start"": 23, ""end"": 51}, {""text"": ""anh"", ""label"": ""GENDER"", ""score"": 0.980292, ""start"": 80, ""end"": 83}, {""text"": ""anh"", ""label"": ""GENDER"", ""score"": 0.978156, ""start"": 111, ""end"": 114}]"
159,utt_id_train_000160,VietMed_011,6.0,0.0,nghĩa là chúng tôi vẫn hay khuyên là gì ạ chúng ta có thể sau một thời gian ba mươi phút một tiếng chúng ta sẽ dậy đi vệ,3,"[{""text"": ""thời gian"", ""label"": ""DATETIME"", ""score"": 0.996028, ""start"": 66, ""end"": 75}, {""text"": ""ba mươi phút"", ""label"": ""DATETIME"", ""score"": 0.995249, ""start"": 76, ""end"": 88}, {""text"": ""một tiếng"", ""label"": ""DATETIME"", ""score"": 0.995506, ""start"": 89, ""end"": 98}]"
160,utt_id_train_000161,VietMed_011,5.0,0.0,người bệnh đấy là gì ạ chúng ta phải làm sao để làm giảm thiểu tối đa những cái tác động của cái việc mà thời tiết lạnh,2,"[{""text"": ""giảm thiểu"", ""label"": ""PREVENTIVEMED"", ""score"": 0.99236, ""start"": 52, ""end"": 62}, {""text"": ""tối"", ""label"": ""DATETIME"", ""score"": 0.988061, ""start"": 63, ""end"": 66}]"
161,utt_id_train_000162,VietMed_011,7.0,0.0,câu hỏi của bác trước hết thì chúng ta sẽ chia sẻ một vài các cái lời khuyên và phân tích về cái vấn đề sức khỏe của,3,"[{""text"": ""bác"", ""label"": ""AGE"", ""score"": 0.996411, ""start"": 12, ""end"": 15}, {""text"": ""một vài"", ""label"": ""UNITCALIBRATOR"", ""score"": 0.996431, ""start"": 50, ""end"": 57}, {""text"": ""phân tích"", ""label"": ""MEDDEVICETECHNIQUE"", ""score"": 0.785762, ""start"": 80, ""end"": 89}]"
162,utt_id_train_000163,VietMed_011,6.0,0.142857,cái tuyến thuộc vào cái thận thôi nhưng mà toàn cái thận nó cũng có thể bị suy nghĩa là sau này nó sẽ,2,"[{""text"": ""thận"", ""label"": ""ORGAN"", ""score"": 0.997735, ""start"": 24, ""end"": 28}, {""text"": ""thận"", ""label"": ""ORGAN"", ""score"": 0.998084, ""start"": 52, ""end"": 56}]"
163,utt_id_train_000164,VietMed_011,7.0,0.0,lại gì nhiều nữa cái cái việc này cũng rất là là là quan trọng thế và cái cái,0,[]
164,utt_id_train_000165,VietMed_011,7.0,0.0,bác thì cũng sẽ cân nhắc cái việc điều trị cho nó phù hợp tránh cái tình trạng là là mình không có hình dung được cái,2,"[{""text"": ""bác"", ""label"": ""AGE"", ""score"": 0.995783, ""start"": 0, ""end"": 3}, {""text"": ""điều trị"", ""label"": ""TREATMENT"", ""score"": 0.998393, ""start"": 34, ""end"": 42}]"
165,utt_id_train_000166,VietMed_011,6.0,0.0,tay đau chân mà lại đau ở cái gót chân cơ thì bản thân cái tư thế vận động của chúng ta cũng như là cái sinh hoạt hàng,4,"[{""text"": ""tay"", ""label"": ""ORGAN"", ""score"": 0.993631, ""start"": 0, ""end"": 3}, {""text"": ""đau chân"", ""label"": ""DISEASESYMTOM"", ""score"": 0.99532, ""start"": 4, ""end"": 12}, {""text"": ""đau"", ""label"": ""DISEASESYMTOM"", ""score"": 0.998411, ""start"": 20, ""end"": 23}, {""text"": ""gót chân"", ""label"": ""ORGAN"", ""score"": 0.994637, ""start"": 30, ""end"": 38}]"
166,utt_id_train_000167,VietMed_011,5.0,0.0,phương tức là những cái bài thuốc mà đã được tích lũy để chuyên điều trị cho các cái bệnh lý mà đau nhức xương khớp thoái,5,"[{""text"": ""thuốc"", ""label"": ""DRUGCHEMICAL"", ""score"": 0.99664, ""start"": 28, ""end"": 33}, {""text"": ""điều trị"", ""label"": ""TREATMENT"", ""score"": 0.998448, ""start"": 64, ""end"": 72}, {""text"": ""bệnh lý"", ""label"": ""DISEASESYMTOM"", ""score"": 0.998573, ""start"": 85, ""end"": 92}, {""text"": ""đau nhức"", ""label"": ""DISEASESYMTOM"", ""score"": 0.99887, ""start"": 96, ""end"": 104}, {""text"": ""xương khớp"", ""label"": ""ORGAN"", ""score"": 0.99741, ""start"": 105, ""end"": 115}]"
167,utt_id_train_000168,VietMed_011,5.0,0.0,những cái câu chuyện tiếp theo mà chúng tôi cũng muốn cảnh báo trước để thứ nhất là các quý vị khán giả cũng như là của,3,"[{""text"": ""cảnh báo"", ""label"": ""PREVENTIVEMED"", ""score"": 0.990304, ""start"": 54, ""end"": 62}, {""text"": ""thứ nhất"", ""label"": ""UNITCALIBRATOR"", ""score"": 0.996308, ""start"": 72, ""end"": 80}, {""text"": ""khán giả"", ""label"": ""OCCUPATION"", ""score"": 0.993129, ""start"": 95, ""end"": 103}]"
168,utt_id_train_000169,VietMed_011,6.0,0.0,đang bị vôi hóa đốt sống lưng cũng như là lồng ngực của bác cũng đang có một vài vấn đề đúng không ạ,4,"[{""text"": ""lưng"", ""label"": ""ORGAN"", ""score"": 0.99624, ""start"": 25, ""end"": 29}, {""text"": ""ngực"", ""label"": ""ORGAN"", ""score"": 0.988573, ""start"": 47, ""end"": 51}, {""text"": ""bác"", ""label"": ""AGE"", ""score"": 0.996056, ""start"": 56, ""end"": 59}, {""text"": ""một vài"", ""label"": ""UNITCALIBRATOR"", ""score"": 0.996421, ""start"": 73, ""end"": 80}]"
169,utt_id_train_000170,VietMed_011,6.0,0.0,bảo vệ được các cái phần cơ thể đặc biệt là các cái khớp của chúng ta và cái thứ hai nữa là chúng ta nên có cái chế độ,3,"[{""text"": ""cơ thể"", ""label"": ""ORGAN"", ""score"": 0.996941, ""start"": 25, ""end"": 31}, {""text"": ""các cái khớp"", ""label"": ""ORGAN"", ""score"": 0.995903, ""start"": 44, ""end"": 56}, {""text"": ""cái thứ hai"", ""label"": ""UNITCALIBRATOR"", ""score"": 0.995602, ""start"": 73, ""end"": 84}]"
170,utt_id_train_000171,VietMed_011,6.0,0.0,có những cái biến chứng của cái việc sử dụng chống viêm corticoid rồi đó là chảy máu dạ dày đó là viêm loét dạ dày,7,"[{""text"": ""biến chứng"", ""label"": ""DISEASESYMTOM"", ""score"": 0.998699, ""start"": 13, ""end"": 23}, {""text"": ""viêm"", ""label"": ""DISEASESYMTOM"", ""score"": 0.996182, ""start"": 51, ""end"": 55}, {""text"": ""corticoid"", ""label"": ""DRUGCHEMICAL"", ""score"": 0.972214, ""start"": 56, ""end"": 65}, {""text"": ""chảy máu"", ""label"": ""DISEASESYMTOM"", ""score"": 0.998737, ""start"": 76, ""end"": 84}, {""text"": ""dạ dày"", ""label"": ""ORGAN"", ""score"": 0.997031, ""start"": 85, ""end"": 91}, {""text"": ""viêm loét"", ""label"": ""DISEASESYMTOM"", ""score"": 0.99866, ""start"": 98, ""end"": 107}, {""text"": ""dạ dày"", ""label"": ""ORGAN"", ""score"": 0.996363, ""start"": 108, ""end"": 114}]"
171,utt_id_train_000172,VietMed_011,5.0,0.0,bản và rất là quan trọng và cái thứ hai nó cũng giống như một số các bệnh nhân lúc nãy chúng tôi tư vấn là gì ạ chúng,3,"[{""text"": ""cái thứ hai"", ""label"": ""UNITCALIBRATOR"", ""score"": 0.996076, ""start"": 28, ""end"": 39}, {""text"": ""bệnh nhân"", ""label"": ""OCCUPATION"", ""score"": 0.993888, ""start"": 69, ""end"": 78}, {""text"": ""tư vấn"", ""label"": ""PERSONALCARE"", ""score"": 0.992965, ""start"": 97, ""end"": 103}]"
172,utt_id_train_000173,VietMed_011,8.0,0.0,theo như bộ phận tiếp nhận của chúng tôi vừa mới chia sẻ thì có vẻ là anh bị thoái hóa đốt sống đúng không ạ vâng vậy,2,"[{""text"": ""anh"", ""label"": ""GENDER"", ""score"": 0.97952, ""start"": 70, ""end"": 73}, {""text"": ""thoái hóa"", ""label"": ""DISEASESYMTOM"", ""score"": 0.998256, ""start"": 77, ""end"": 86}]"
173,utt_id_train_000174,VietMed_011,6.0,0.0,đấy thì cái câu chuyện là gì ạ đạp xe ở trong nhà nó rất là an toàn nhưng mà đạp xe ra ngoài thì nó lại rất nhiều chuyện,2,"[{""text"": ""nhà"", ""label"": ""LOCATION"", ""score"": 0.966828, ""start"": 46, ""end"": 49}, {""text"": ""rất nhiều"", ""label"": ""UNITCALIBRATOR"", ""score"": 0.993856, ""start"": 104, ""end"": 113}]"
174,utt_id_train_000175,VietMed_011,6.0,0.0,của bác rất tốt nhưng nếu bác ngã một cái thì có khi tất cả nó lại quay trở lại với vạch xuất phát thì cái điều đấy,2,"[{""text"": ""bác"", ""label"": ""AGE"", ""score"": 0.996283, ""start"": 4, ""end"": 7}, {""text"": ""bác"", ""label"": ""AGE"", ""score"": 0.996009, ""start"": 26, ""end"": 29}]"
175,utt_id_train_000176,VietMed_011,7.0,0.0,còn phục hồi sụn khớp thoái hóa hiệu quả cứ mười người dùng thì chín người thấy hiệu quả,2,"[{""text"": ""phục hồi"", ""label"": ""MEDDEVICETECHNIQUE"", ""score"": 0.980375, ""start"": 4, ""end"": 12}, {""text"": ""sụn khớp thoái"", ""label"": ""DISEASESYMTOM"", ""score"": 0.997224, ""start"": 13, ""end"": 27}]"
176,utt_id_train_000177,VietMed_011,7.0,0.0,biểu hiện của cái bệnh lý thoái hóa khớp và thoái hóa cột sống ở trong trường hợp này chúng ta thấy cái mô tả của quý khán,3,"[{""text"": ""bệnh lý thoái hóa"", ""label"": ""DISEASESYMTOM"", ""score"": 0.998212, ""start"": 18, ""end"": 35}, {""text"": ""khớp"", ""label"": ""ORGAN"", ""score"": 0.952068, ""start"": 36, ""end"": 40}, {""text"": ""thoái hóa cột sống"", ""label"": ""DISEASESYMTOM"", ""score"": 0.998504, ""start"": 44, ""end"": 62}]"
177,utt_id_train_000178,VietMed_011,6.0,0.066667,dày đó là đã phải cắt dạ dày thậm chí bây giờ lại tiếp tục viêm loét ở cái miệng nối như vậy thì rõ ràng là cái vấn đề này,4,"[{""text"": ""dạ dày"", ""label"": ""ORGAN"", ""score"": 0.997664, ""start"": 22, ""end"": 28}, {""text"": ""bây giờ"", ""label"": ""DATETIME"", ""score"": 0.996418, ""start"": 38, ""end"": 45}, {""text"": ""viêm loét"", ""label"": ""DISEASESYMTOM"", ""score"": 0.998528, ""start"": 59, ""end"": 68}, {""text"": ""miệng"", ""label"": ""ORGAN"", ""score"": 0.998081, ""start"": 75, ""end"": 80}]"
178,utt_id_train_000179,VietMed_011,5.0,0.0,hai tay thế trong trường hợp như thế này chúng ta cũng phải cần phải phân biệt rõ là các cái vùng mà cột sống cổ,2,"[{""text"": ""tay"", ""label"": ""ORGAN"", ""score"": 0.991682, ""start"": 4, ""end"": 7}, {""text"": ""cột sống"", ""label"": ""ORGAN"", ""score"": 0.996953, ""start"": 101, ""end"": 109}]"
179,utt_id_train_000180,VietMed_011,1.0,0.0,không,0,[]
180,utt_id_train_000181,VietMed_011,6.0,0.285714,vên vai này có thể là uống nước này vân vân hoặc thậm chí có những người không rồi được khỏi vị trí thì ít nhất là nó,1,"[{""text"": ""vai"", ""label"": ""ORGAN"", ""score"": 0.99737, ""start"": 4, ""end"": 7}]"
181,utt_id_train_000182,VietMed_011,5.0,0.3,ta phải tìm ra cái chẩn đoán chính xác và cuối cùng cho cho anh để có một cái phác đồ điện thoại,3,"[{""text"": ""chẩn đoán"", ""label"": ""DIAGNOSTICS"", ""score"": 0.985866, ""start"": 19, ""end"": 28}, {""text"": ""anh"", ""label"": ""GENDER"", ""score"": 0.981139, ""start"": 60, ""end"": 63}, {""text"": ""phác đồ điện"", ""label"": ""MEDDEVICETECHNIQUE"", ""score"": 0.947564, ""start"": 78, ""end"": 90}]"
182,utt_id_train_000183,VietMed_011,7.0,0.0,tiết và phải khắc phục như thế nào để cái tình trạng đau xương khớp nó không bị tái đi tái lại nhiều lần và bây giờ thì ở thông qua số điện thoại không vay,3,"[{""text"": ""đau"", ""label"": ""DISEASESYMTOM"", ""score"": 0.998371, ""start"": 53, ""end"": 56}, {""text"": ""xương khớp"", ""label"": ""ORGAN"", ""score"": 0.997569, ""start"": 57, ""end"": 67}, {""text"": ""bây giờ"", ""label"": ""DATETIME"", ""score"": 0.996598, ""start"": 108, ""end"": 115}]"
183,utt_id_train_000184,VietMed_011,6.0,0.0,trước và chúng ta sẽ phải đương đầu với nó cái vấn đề xương khớp của chúng ta bây giờ khi nó bị loãng xương cho nên nó,3,"[{""text"": ""xương khớp"", ""label"": ""ORGAN"", ""score"": 0.99756, ""start"": 54, ""end"": 64}, {""text"": ""bây giờ"", ""label"": ""DATETIME"", ""score"": 0.996544, ""start"": 78, ""end"": 85}, {""text"": ""loãng xương"", ""label"": ""DISEASESYMTOM"", ""score"": 0.99767, ""start"": 96, ""end"": 107}]"
184,utt_id_train_000185,VietMed_011,5.0,0.0,cái bằng chứng để khẳng định được là mình bị cái nhóm bệnh lý này hay không bởi vì sao cái nhóm bệnh lý cột sống này,3,"[{""text"": ""bệnh lý"", ""label"": ""DISEASESYMTOM"", ""score"": 0.998561, ""start"": 54, ""end"": 61}, {""text"": ""bệnh lý"", ""label"": ""DISEASESYMTOM"", ""score"": 0.998238, ""start"": 96, ""end"": 103}, {""text"": ""cột sống"", ""label"": ""ORGAN"", ""score"": 0.99734, ""start"": 104, ""end"": 112}]"
185,utt_id_train_000186,VietMed_011,5.0,0.0,chính xác cũng rất là quan trọng để chúng ta có cái định hướng cũng như là có cái phác đồ điều trị một cách phù hợp,2,"[{""text"": ""phác đồ"", ""label"": ""MEDDEVICETECHNIQUE"", ""score"": 0.985363, ""start"": 82, ""end"": 89}, {""text"": ""điều trị"", ""label"": ""TREATMENT"", ""score"": 0.997417, ""start"": 90, ""end"": 98}]"
186,utt_id_train_000187,VietMed_011,5.0,0.230769,người không biết tới lại có những cái cách điều trị khác nhau cũng như là có thể nói là triệu,1,"[{""text"": ""điều trị"", ""label"": ""TREATMENT"", ""score"": 0.998447, ""start"": 43, ""end"": 51}]"
187,utt_id_train_000188,VietMed_011,5.0,0.0,động một cách trực tiếp chúng ta cần nhớ rằng là những người làm việc văn phòng mặc dù là không phải là gặp mưa gặp nắng,1,"[{""text"": ""người làm việc văn phòng"", ""label"": ""OCCUPATION"", ""score"": 0.948477, ""start"": 55, ""end"": 79}]"
188,utt_id_train_000189,VietMed_011,7.0,0.0,là chúng tôi cũng sẽ tư vấn thêm một chút là như này này có hai cái câu chuyện giống như lúc nãy chúng tôi nói câu chuyện thứ nhất là nó bị tai biến,3,"[{""text"": ""tư vấn"", ""label"": ""PERSONALCARE"", ""score"": 0.993459, ""start"": 21, ""end"": 27}, {""text"": ""thứ nhất"", ""label"": ""UNITCALIBRATOR"", ""score"": 0.996229, ""start"": 122, ""end"": 130}, {""text"": ""tai biến"", ""label"": ""DISEASESYMTOM"", ""score"": 0.998528, ""start"": 140, ""end"": 148}]"
189,utt_id_train_000190,VietMed_011,5.0,0.333333,ta hay không bởi vì sao bởi vì đối với cái thoái hóa cột sống của chúng ta thông tin là gì,1,"[{""text"": ""thoái hóa cột sống"", ""label"": ""DISEASESYMTOM"", ""score"": 0.998812, ""start"": 43, ""end"": 61}]"
190,utt_id_train_000191,VietMed_011,6.0,0.074074,rằng là chúng ta làm thế nào để phòng tránh làm thế nào để cải thiện được các cái vấn đề của chúng ta thì trong cái tế bào,3,"[{""text"": ""phòng tránh"", ""label"": ""PREVENTIVEMED"", ""score"": 0.992646, ""start"": 32, ""end"": 43}, {""text"": ""cải thiện"", ""label"": ""TREATMENT"", ""score"": 0.997206, ""start"": 59, ""end"": 68}, {""text"": ""tế bào"", ""label"": ""ORGAN"", ""score"": 0.997792, ""start"": 116, ""end"": 122}]"
191,utt_id_train_000192,VietMed_011,5.0,0.0,dạ vâng và cái việc mà bác nói khó như này nó đã có lâu chưa ạ,1,"[{""text"": ""bác"", ""label"": ""AGE"", ""score"": 0.995735, ""start"": 23, ""end"": 26}]"
192,utt_id_train_000193,VietMed_011,6.0,0.230769,bệnh lý của mình để thứ nhất là kiểm soát được bệnh và cái thứ hai nữa là phòng tránh những cái biến chứng và một là khi,6,"[{""text"": ""bệnh lý"", ""label"": ""DISEASESYMTOM"", ""score"": 0.998752, ""start"": 0, ""end"": 7}, {""text"": ""thứ nhất"", ""label"": ""UNITCALIBRATOR"", ""score"": 0.996374, ""start"": 20, ""end"": 28}, {""text"": ""kiểm soát"", ""label"": ""PREVENTIVEMED"", ""score"": 0.99481, ""start"": 32, ""end"": 41}, {""text"": ""cái thứ hai"", ""label"": ""UNITCALIBRATOR"", ""score"": 0.99642, ""start"": 55, ""end"": 66}, {""text"": ""phòng tránh"", ""label"": ""PREVENTIVEMED"", ""score"": 0.994348, ""start"": 74, ""end"": 85}, {""text"": ""biến chứng"", ""label"": ""DISEASESYMTOM"", ""score"": 0.998921, ""start"": 96, ""end"": 106}]"
193,utt_id_train_000194,VietMed_011,6.0,0.0,với cột sống ngực đâu bởi vì là sao bây giờ nó đã có những cái câu chuyện là tê liên quan đến cả tay nữa thậm chí là cả,5,"[{""text"": ""cột sống"", ""label"": ""ORGAN"", ""score"": 0.997173, ""start"": 4, ""end"": 12}, {""text"": ""ngực"", ""label"": ""ORGAN"", ""score"": 0.992085, ""start"": 13, ""end"": 17}, {""text"": ""bây giờ"", ""label"": ""DATETIME"", ""score"": 0.996556, ""start"": 36, ""end"": 43}, {""text"": ""tê"", ""label"": ""DISEASESYMTOM"", ""score"": 0.996991, ""start"": 77, ""end"": 79}, {""text"": ""tay"", ""label"": ""ORGAN"", ""score"": 0.99653, ""start"": 97, ""end"": 100}]"
194,utt_id_train_000195,VietMed_011,7.0,0.0,bởi vì chúng ta cũng nhận thấy rằng là có nhiều vấn đề chứ không phải là một vấn đề và cái thứ hai nữa là thực sự là,1,"[{""text"": ""cái thứ hai"", ""label"": ""UNITCALIBRATOR"", ""score"": 0.995597, ""start"": 87, ""end"": 98}]"
195,utt_id_train_000196,VietMed_011,6.0,0.0,là chúng ta không bị làm sao cả đấy cái chuyện này nó hết sức là rõ ràng vì sao sau khi mà đi đi thăm khám rất là nhiều,1,"[{""text"": ""thăm khám"", ""label"": ""TREATMENT"", ""score"": 0.996831, ""start"": 97, ""end"": 106}]"
196,utt_id_train_000197,VietMed_011,6.0,0.0,phổ biến đặc biệt là khi thay đổi thời tiết thì với cái cơ địa của những người ví dụ như có những người là cái cái thể,1,"[{""text"": ""cơ địa"", ""label"": ""ORGAN"", ""score"": 0.997473, ""start"": 56, ""end"": 62}]"
197,utt_id_train_000198,VietMed_011,7.0,0.269231,cái mạch máu nó đến một cách trực tiếp nhưng mà khớp và xương thông thường là do các cái mạch máu nó đến và nó thẩm thấu từ xương,6,"[{""text"": ""mạch máu"", ""label"": ""ORGAN"", ""score"": 0.998102, ""start"": 4, ""end"": 12}, {""text"": ""khớp"", ""label"": ""ORGAN"", ""score"": 0.997856, ""start"": 48, ""end"": 52}, {""text"": ""xương"", ""label"": ""ORGAN"", ""score"": 0.998139, ""start"": 56, ""end"": 61}, {""text"": ""mạch máu"", ""label"": ""ORGAN"", ""score"": 0.998083, ""start"": 89, ""end"": 97}, {""text"": ""thẩm thấu"", ""label"": ""DIAGNOSTICS"", ""score"": 0.973115, ""start"": 111, ""end"": 120}, {""text"": ""xương"", ""label"": ""ORGAN"", ""score"": 0.998193, ""start"": 124, ""end"": 129}]"
198,utt_id_train_000199,VietMed_011,5.0,0.0,không không thích đâu vâng thế thường thì bác đi khám bệnh viện có nhiều lần,3,"[{""text"": ""bác"", ""label"": ""AGE"", ""score"": 0.996082, ""start"": 42, ""end"": 45}, {""text"": ""khám"", ""label"": ""DIAGNOSTICS"", ""score"": 0.989163, ""start"": 49, ""end"": 53}, {""text"": ""bệnh viện"", ""label"": ""LOCATION"", ""score"": 0.976541, ""start"": 54, ""end"": 63}]"
199,utt_id_train_000200,VietMed_011,6.0,0.473684,câu tháng là b một cái thuốc nước cũng b không nổi luôn thì chạy xe về xe nhà là buồn,4,"[{""text"": ""tháng"", ""label"": ""DATETIME"", ""score"": 0.510489, ""start"": 4, ""end"": 9}, {""text"": ""thuốc"", ""label"": ""DRUGCHEMICAL"", ""score"": 0.99535, ""start"": 23, ""end"": 28}, {""text"": ""b"", ""label"": ""GENDER"", ""score"": 0.484194, ""start"": 39, ""end"": 40}, {""text"": ""nhà"", ""label"": ""LOCATION"", ""score"": 0.839007, ""start"": 74, ""end"": 77}]"
200,utt_id_train_000201,VietMed_011,7.0,0.0,ảnh hưởng gì nữa có những người khi tê không để đi bộ được không thể sử dụng cái tay được kể cả như là cầm nắm hoặc,3,"[{""text"": ""tê không để"", ""label"": ""DISEASESYMTOM"", ""score"": 0.996403, ""start"": 36, ""end"": 47}, {""text"": ""đi bộ"", ""label"": ""PERSONALCARE"", ""score"": 0.991287, ""start"": 48, ""end"": 53}, {""text"": ""không thể sử dụng cái tay"", ""label"": ""DISEASESYMTOM"", ""score"": 0.9977, ""start"": 59, ""end"": 84}]"
201,utt_id_train_000202,VietMed_011,7.0,0.2,cái đi đó nó cũng có thể ảnh hưởng lên các cái bệnh lý mà nó đang đó dạ vâng chính vì vậy cho nên là cái,1,"[{""text"": ""bệnh lý"", ""label"": ""DISEASESYMTOM"", ""score"": 0.998496, ""start"": 47, ""end"": 54}]"
202,utt_id_train_000203,VietMed_011,6.0,0.0,là viêm đa khớp hay không và tôi sẽ nên sử dụng thuốc gì dạ vâng thời gian nó,3,"[{""text"": ""viêm đa khớp"", ""label"": ""DISEASESYMTOM"", ""score"": 0.998442, ""start"": 3, ""end"": 15}, {""text"": ""thuốc"", ""label"": ""DRUGCHEMICAL"", ""score"": 0.99661, ""start"": 48, ""end"": 53}, {""text"": ""thời gian"", ""label"": ""DATETIME"", ""score"": 0.996382, ""start"": 65, ""end"": 74}]"
203,utt_id_train_000204,VietMed_011,5.0,0.0,rằng là tất cả những cái thông tin này thực ra mới chỉ là những cái thông tin ban đầu mà thôi kể cả là mình đã chụp,0,[]
204,utt_id_train_000205,VietMed_011,5.0,0.0,phải là đau lan xuống đùi xuống mông xuống chân đúng không vâng cái thứ hai nữa là cái đau của anh,7,"[{""text"": ""đau"", ""label"": ""DISEASESYMTOM"", ""score"": 0.998522, ""start"": 8, ""end"": 11}, {""text"": ""đùi"", ""label"": ""ORGAN"", ""score"": 0.994668, ""start"": 22, ""end"": 25}, {""text"": ""mông"", ""label"": ""ORGAN"", ""score"": 0.993726, ""start"": 32, ""end"": 36}, {""text"": ""chân"", ""label"": ""ORGAN"", ""score"": 0.996368, ""start"": 43, ""end"": 47}, {""text"": ""cái thứ hai"", ""label"": ""UNITCALIBRATOR"", ""score"": 0.995815, ""start"": 64, ""end"": 75}, {""text"": ""đau"", ""label"": ""DISEASESYMTOM"", ""score"": 0.998361, ""start"": 87, ""end"": 90}, {""text"": ""anh"", ""label"": ""GENDER"", ""score"": 0.958985, ""start"": 95, ""end"": 98}]"
205,utt_id_train_000206,VietMed_011,8.0,0.0,sáu tư tuổi tôi tôi bị tai nạn bốn năm nay rồi nhưng mà đi lại nó khó nhưng mà bây mấy,2,"[{""text"": ""tai nạn"", ""label"": ""DISEASESYMTOM"", ""score"": 0.99837, ""start"": 23, ""end"": 30}, {""text"": ""bốn năm"", ""label"": ""DATETIME"", ""score"": 0.994233, ""start"": 31, ""end"": 38}]"
206,utt_id_train_000207,VietMed_011,7.0,0.0,kín đáp ứng trọn vẹn được mục tiêu hỗ trợ điều trị bệnh xương khớp là giảm đau chống viêm và phục hồi sụn khớp thoái,7,"[{""text"": ""hỗ trợ"", ""label"": ""MEDDEVICETECHNIQUE"", ""score"": 0.992468, ""start"": 35, ""end"": 41}, {""text"": ""điều trị"", ""label"": ""TREATMENT"", ""score"": 0.99829, ""start"": 42, ""end"": 50}, {""text"": ""bệnh xương khớp"", ""label"": ""DISEASESYMTOM"", ""score"": 0.997277, ""start"": 51, ""end"": 66}, {""text"": ""đau"", ""label"": ""DISEASESYMTOM"", ""score"": 0.998483, ""start"": 75, ""end"": 78}, {""text"": ""viêm"", ""label"": ""DISEASESYMTOM"", ""score"": 0.99845, ""start"": 85, ""end"": 89}, {""text"": ""phục hồi"", ""label"": ""MEDDEVICETECHNIQUE"", ""score"": 0.981957, ""start"": 93, ""end"": 101}, {""text"": ""sụn khớp thoái"", ""label"": ""DISEASESYMTOM"", ""score"": 0.99802, ""start"": 102, ""end"": 116}]"
207,utt_id_train_000208,VietMed_011,6.0,0.0,ý là cái bệnh gút của bác là một trong những cái vấn đề mà nó đã thường trực rồi nó đã xảy ra năm sáu năm nay rồi mặc,3,"[{""text"": ""bệnh gút"", ""label"": ""DISEASESYMTOM"", ""score"": 0.998744, ""start"": 9, ""end"": 17}, {""text"": ""bác"", ""label"": ""AGE"", ""score"": 0.995924, ""start"": 22, ""end"": 25}, {""text"": ""năm sáu năm nay"", ""label"": ""DATETIME"", ""score"": 0.994599, ""start"": 94, ""end"": 109}]"
208,utt_id_train_000209,VietMed_011,5.0,0.0,các bác sĩ chuyên khoa cơ xương khớp như chúng tôi chẳng hạn thì là người ta thường thắc mắc thậm chí là phàn nàn là,2,"[{""text"": ""bác sĩ chuyên khoa"", ""label"": ""OCCUPATION"", ""score"": 0.997069, ""start"": 4, ""end"": 22}, {""text"": ""cơ xương khớp"", ""label"": ""ORGAN"", ""score"": 0.996079, ""start"": 23, ""end"": 36}]"
209,utt_id_train_000210,VietMed_011,6.0,0.214286,gì ạ chúng ta phải phòng ngừa cho những cái chuyện đó xảy ra giống như lúc nãy tôi nói rằng là đi xe đà phải rất tốt đi làm gì,1,"[{""text"": ""phòng ngừa"", ""label"": ""PREVENTIVEMED"", ""score"": 0.993496, ""start"": 19, ""end"": 29}]"
210,utt_id_train_000211,VietMed_011,6.0,0.225806,màn hình quý vị và các bạn cũng có thể nhìn thấy một mã quý rồi cốt và đây chính là mã quý rồi khi mà quý vị và các bạn quét cái,1,"[{""text"": ""màn"", ""label"": ""MEDDEVICETECHNIQUE"", ""score"": 0.763105, ""start"": 0, ""end"": 3}]"
211,utt_id_train_000212,VietMed_011,6.0,0.0,trước để có những cái thăm dò có những cái đánh giá trước sau đó thì khi mà tham khám như vậy các bác sĩ người ta sẽ,3,"[{""text"": ""đánh giá"", ""label"": ""TREATMENT"", ""score"": 0.996089, ""start"": 43, ""end"": 51}, {""text"": ""khám"", ""label"": ""DIAGNOSTICS"", ""score"": 0.989248, ""start"": 81, ""end"": 85}, {""text"": ""bác sĩ"", ""label"": ""OCCUPATION"", ""score"": 0.997931, ""start"": 98, ""end"": 104}]"
212,utt_id_train_000213,VietMed_011,6.0,0.0,người ta kiểm soát được nhưng nếu khi mà mình tự ý sử dụng hoặc là đôi khi chúng ta có thể gọi là quá lạm dụng đi chăng,1,"[{""text"": ""kiểm soát"", ""label"": ""PREVENTIVEMED"", ""score"": 0.992877, ""start"": 9, ""end"": 18}]"
213,utt_id_train_000214,VietMed_011,6.0,0.0,trở nên rất là rõ ràng lời khuyên chúng tôi đầu tiên việc số một là gì ạ là bác nên thăm khám để đánh giá một cách chính,3,"[{""text"": ""bác"", ""label"": ""AGE"", ""score"": 0.9964, ""start"": 76, ""end"": 79}, {""text"": ""thăm khám"", ""label"": ""TREATMENT"", ""score"": 0.99658, ""start"": 84, ""end"": 93}, {""text"": ""đánh giá"", ""label"": ""TREATMENT"", ""score"": 0.997114, ""start"": 97, ""end"": 105}]"
214,utt_id_train_000215,VietMed_011,5.0,0.0,bối cảnh và đến lúc mà được chẩn đoán là suy thận thì cái câu chuyện lại quá là muộn để cái việc khắc phục để hồi phục,2,"[{""text"": ""chẩn đoán"", ""label"": ""DIAGNOSTICS"", ""score"": 0.988446, ""start"": 28, ""end"": 37}, {""text"": ""suy thận"", ""label"": ""DISEASESYMTOM"", ""score"": 0.998424, ""start"": 41, ""end"": 49}]"
215,utt_id_train_000216,VietMed_011,5.0,0.0,kiện để đi thăm khám thì trong trường hợp này thì bác sử dụng một số các cái giải pháp về mặt thảo dược cũng như là,3,"[{""text"": ""thăm khám"", ""label"": ""TREATMENT"", ""score"": 0.99734, ""start"": 11, ""end"": 20}, {""text"": ""bác"", ""label"": ""AGE"", ""score"": 0.996243, ""start"": 50, ""end"": 53}, {""text"": ""thảo dược"", ""label"": ""DRUGCHEMICAL"", ""score"": 0.988873, ""start"": 94, ""end"": 103}]"
216,utt_id_train_000217,VietMed_011,6.0,0.0,trị sớm đủ đúng cách thì bạn có thể khỏi hoàn toàn được có nghĩa là gì sau đó hoàn toàn có thể không còn tê không còn,1,"[{""text"": ""tê"", ""label"": ""DISEASESYMTOM"", ""score"": 0.996678, ""start"": 105, ""end"": 107}]"
217,utt_id_train_000218,VietMed_011,5.0,0.0,ta phải rất rất là phòng tránh cái chuyện té ngã bởi vì nếu mà chúng tôi điều trị tất cả các vấn đề xương khớp,3,"[{""text"": ""phòng tránh"", ""label"": ""PREVENTIVEMED"", ""score"": 0.994003, ""start"": 19, ""end"": 30}, {""text"": ""điều trị"", ""label"": ""TREATMENT"", ""score"": 0.998325, ""start"": 73, ""end"": 81}, {""text"": ""xương khớp"", ""label"": ""ORGAN"", ""score"": 0.997082, ""start"": 100, ""end"": 110}]"
218,utt_id_train_000219,VietMed_011,6.0,0.0,thương ở bên trong não chảy máu não hoặc là dập não thì nó cũng sẽ ảnh hưởng nhiều hơn rất là nhiều tuy nhiên chúng,4,"[{""text"": ""não"", ""label"": ""ORGAN"", ""score"": 0.998235, ""start"": 19, ""end"": 22}, {""text"": ""chảy máu"", ""label"": ""DISEASESYMTOM"", ""score"": 0.998678, ""start"": 23, ""end"": 31}, {""text"": ""não"", ""label"": ""ORGAN"", ""score"": 0.993968, ""start"": 32, ""end"": 35}, {""text"": ""não"", ""label"": ""ORGAN"", ""score"": 0.998242, ""start"": 48, ""end"": 51}]"
219,utt_id_train_000220,VietMed_011,5.0,0.0,vấn trực tiếp đến từ bác sĩ của chúng ta ngày hôm nay thì quý vị và các bạn cũng có thể cải thiện phần nào cái tình trạng,3,"[{""text"": ""bác sĩ"", ""label"": ""OCCUPATION"", ""score"": 0.997987, ""start"": 21, ""end"": 27}, {""text"": ""ngày hôm nay"", ""label"": ""DATETIME"", ""score"": 0.996495, ""start"": 41, ""end"": 53}, {""text"": ""cải thiện"", ""label"": ""TREATMENT"", ""score"": 0.997407, ""start"": 88, ""end"": 97}]"
220,utt_id_train_000221,VietMed_011,6.0,0.0,yếu nó cũng sẽ dẫn đến cái việc mà bác đứng lên đứng xuống nó giảm cho nên cái việc đầu tiên chính là mình phải điều,1,"[{""text"": ""bác"", ""label"": ""AGE"", ""score"": 0.996, ""start"": 35, ""end"": 38}]"
221,utt_id_train_000222,VietMed_011,5.0,0.0,việc về văn phòng thường là chúng ta phải ngồi rất là yên tĩnh khá lâu lâu thì tất cả những cái chuyện nọ chuyện,1,"[{""text"": ""văn phòng"", ""label"": ""LOCATION"", ""score"": 0.969135, ""start"": 8, ""end"": 17}]"
222,utt_id_train_000223,VietMed_011,6.0,0.103448,thời đại chính vì là có rất là nhiều các cái tác dụng phụ như thế này cho nên bản thân các bác sĩ rồi bên cạnh những,2,"[{""text"": ""tác dụng phụ"", ""label"": ""DISEASESYMTOM"", ""score"": 0.998758, ""start"": 45, ""end"": 57}, {""text"": ""bác sĩ"", ""label"": ""OCCUPATION"", ""score"": 0.997943, ""start"": 91, ""end"": 97}]"
223,utt_id_train_000224,VietMed_011,7.0,0.148148,là sắc nhau cho nên là chúng ta cùng cần phải nhận định một số trường hợp nó có liên quan đến thiếu máu liên não này hội tế,2,"[{""text"": ""thiếu máu liên"", ""label"": ""DISEASESYMTOM"", ""score"": 0.99393, ""start"": 94, ""end"": 108}, {""text"": ""não"", ""label"": ""ORGAN"", ""score"": 0.904149, ""start"": 109, ""end"": 112}]"
224,utt_id_train_000225,VietMed_011,6.0,0.0,biểu hiện bệnh hạn chế được các cái triệu chứng của bệnh và hạn chế được các cái diễn biến của bệnh chính vì vậy cho,1,"[{""text"": ""triệu chứng"", ""label"": ""DISEASESYMTOM"", ""score"": 0.99891, ""start"": 36, ""end"": 47}]"
225,utt_id_train_000226,VietMed_011,5.0,0.275862,và cho đến bây giờ ông bà tôi và tất cả những rất là nhiều các cái bệnh nhân cao tuổi đúng không,5,"[{""text"": ""bây giờ"", ""label"": ""DATETIME"", ""score"": 0.995699, ""start"": 11, ""end"": 18}, {""text"": ""ông"", ""label"": ""GENDER"", ""score"": 0.856069, ""start"": 19, ""end"": 22}, {""text"": ""bà"", ""label"": ""GENDER"", ""score"": 0.40155, ""start"": 23, ""end"": 25}, {""text"": ""bệnh nhân"", ""label"": ""OCCUPATION"", ""score"": 0.99477, ""start"": 67, ""end"": 76}, {""text"": ""cao tuổi"", ""label"": ""AGE"", ""score"": 0.938252, ""start"": 77, ""end"": 85}]"
226,utt_id_train_000227,VietMed_011,5.0,0.0,được cái tình trạng của anh hiện tại đúng không ạ chứ ở đây thì chúng tôi cũng chỉ thăm khám qua những cái lời,2,"[{""text"": ""anh"", ""label"": ""GENDER"", ""score"": 0.978208, ""start"": 24, ""end"": 27}, {""text"": ""thăm khám"", ""label"": ""TREATMENT"", ""score"": 0.997477, ""start"": 83, ""end"": 92}]"
227,utt_id_train_000228,VietMed_011,7.0,0.0,không có nắm được như thế này là bao nhiêu lâu nay rồi ạ nó có tê bì nhiều ở cái bàn tay không ạ,2,"[{""text"": ""tê bì"", ""label"": ""DISEASESYMTOM"", ""score"": 0.998491, ""start"": 63, ""end"": 68}, {""text"": ""bàn tay"", ""label"": ""ORGAN"", ""score"": 0.997263, ""start"": 81, ""end"": 88}]"
228,utt_id_train_000229,VietMed_011,5.0,0.0,yếu tố giảm đau giảm viêm và nuôi dưỡng sụn khớp đồng thời an toàn khi sử dụng,3,"[{""text"": ""đau"", ""label"": ""DISEASESYMTOM"", ""score"": 0.998318, ""start"": 12, ""end"": 15}, {""text"": ""viêm"", ""label"": ""DISEASESYMTOM"", ""score"": 0.997183, ""start"": 21, ""end"": 25}, {""text"": ""nuôi dưỡng sụn khớp"", ""label"": ""TREATMENT"", ""score"": 0.992795, ""start"": 29, ""end"": 48}]"
229,utt_id_train_000230,VietMed_011,6.0,0.0,cùng các bài thuốc là độc hoạt tăng ký sinh giúp cho giảm đau an toàn hiệu quả mà nó rất an toàn trên đường tiêu hóa,4,"[{""text"": ""thuốc"", ""label"": ""DRUGCHEMICAL"", ""score"": 0.996203, ""start"": 13, ""end"": 18}, {""text"": ""ký sinh"", ""label"": ""DISEASESYMTOM"", ""score"": 0.998599, ""start"": 36, ""end"": 43}, {""text"": ""đau"", ""label"": ""DISEASESYMTOM"", ""score"": 0.998188, ""start"": 58, ""end"": 61}, {""text"": ""đường tiêu hóa"", ""label"": ""ORGAN"", ""score"": 0.997335, ""start"": 102, ""end"": 116}]"
230,utt_id_train_000231,VietMed_011,5.0,0.0,là chúng tôi hiểu hơn rằng là bác khó nắm chứ không phải là không nắm được đúng không ạ,1,"[{""text"": ""bác"", ""label"": ""AGE"", ""score"": 0.996036, ""start"": 30, ""end"": 33}]"
231,utt_id_train_000232,VietMed_011,5.0,0.1875,ta có thể hiểu một cách nôn na là mạch máu nó đế ở đây nhưng mà xương nó ở đây khớp nó ở đây nghĩa là nó,3,"[{""text"": ""mạch máu"", ""label"": ""ORGAN"", ""score"": 0.998195, ""start"": 34, ""end"": 42}, {""text"": ""xương"", ""label"": ""ORGAN"", ""score"": 0.998344, ""start"": 64, ""end"": 69}, {""text"": ""khớp"", ""label"": ""ORGAN"", ""score"": 0.998255, ""start"": 79, ""end"": 83}]"
232,utt_id_train_000233,VietMed_011,6.0,0.178571,mà lại là bác cũng nên sắp xếp một cái thời gian có thể là hợp lý để mình sớm đi thăm khám tìm ra cái,3,"[{""text"": ""bác"", ""label"": ""AGE"", ""score"": 0.996378, ""start"": 10, ""end"": 13}, {""text"": ""thời gian"", ""label"": ""DATETIME"", ""score"": 0.996184, ""start"": 39, ""end"": 48}, {""text"": ""thăm khám"", ""label"": ""TREATMENT"", ""score"": 0.99683, ""start"": 81, ""end"": 90}]"
233,utt_id_train_000234,VietMed_011,5.0,0.0,chẹt lại hoặc là nó không bị thông không được thông thoáng thì nó sẽ ảnh hưởng đến cả cái bàn tay và trong những cái,1,"[{""text"": ""bàn tay"", ""label"": ""ORGAN"", ""score"": 0.997003, ""start"": 90, ""end"": 97}]"
234,utt_id_train_000235,VietMed_011,6.0,0.5,và khi trang tiền cũa vào bệnh viện này mắt đang nhìn nhìn chần tự nhiên cái là cũng thấy quốc quay của,2,"[{""text"": ""bệnh viện"", ""label"": ""LOCATION"", ""score"": 0.975279, ""start"": 26, ""end"": 35}, {""text"": ""mắt"", ""label"": ""ORGAN"", ""score"": 0.996121, ""start"": 40, ""end"": 43}]"
235,utt_id_train_000236,VietMed_011,5.0,0.0,cái gì cho nên là ở một mức độ nào đó phải đến một cái cỡ nào đó cái lợi nó nhiều hơn rất là nhiều thì người ta mới,1,"[{""text"": ""mức độ"", ""label"": ""UNITCALIBRATOR"", ""score"": 0.995487, ""start"": 24, ""end"": 30}]"
236,utt_id_train_000237,VietMed_011,7.0,0.241379,là đập thủ và gần đây thì nó cái chúng ta sẽ phải làm việc như thế nành nhiều hơn lại với cái mùa dịch covid thì nó,2,"[{""text"": ""gần đây"", ""label"": ""DATETIME"", ""score"": 0.995944, ""start"": 14, ""end"": 21}, {""text"": ""covid"", ""label"": ""DISEASESYMTOM"", ""score"": 0.996967, ""start"": 103, ""end"": 108}]"
237,utt_id_train_000238,VietMed_011,5.0,0.0,thể chia sẻ với bác sĩ của chúng tôi ngay lập tức bây giờ đấy ạ,2,"[{""text"": ""bác sĩ"", ""label"": ""OCCUPATION"", ""score"": 0.99797, ""start"": 16, ""end"": 22}, {""text"": ""bây giờ"", ""label"": ""DATETIME"", ""score"": 0.996967, ""start"": 50, ""end"": 57}]"
238,utt_id_train_000239,VietMed_011,7.0,0.0,các cái hoạt chất như là kga1 như thế này nó vừa có cái tác dụng chống viêm cho cái phần lý gân cũng như là khớp của,6,"[{""text"": ""hoạt chất"", ""label"": ""DRUGCHEMICAL"", ""score"": 0.99281, ""start"": 8, ""end"": 17}, {""text"": ""kg"", ""label"": ""DRUGCHEMICAL"", ""score"": 0.995839, ""start"": 25, ""end"": 27}, {""text"": ""a1"", ""label"": ""DRUGCHEMICAL"", ""score"": 0.630133, ""start"": 27, ""end"": 29}, {""text"": ""viêm"", ""label"": ""DISEASESYMTOM"", ""score"": 0.998206, ""start"": 71, ""end"": 75}, {""text"": ""gân"", ""label"": ""ORGAN"", ""score"": 0.993964, ""start"": 92, ""end"": 95}, {""text"": ""khớp"", ""label"": ""ORGAN"", ""score"": 0.997743, ""start"": 108, ""end"": 112}]"
239,utt_id_train_000240,VietMed_011,5.0,0.0,này là hay bị chuột rút hỏi bác sĩ là uống thuốc gì nó đỡ hay nó khỏi,3,"[{""text"": ""chuột rút"", ""label"": ""DISEASESYMTOM"", ""score"": 0.998852, ""start"": 14, ""end"": 23}, {""text"": ""bác sĩ"", ""label"": ""OCCUPATION"", ""score"": 0.997895, ""start"": 28, ""end"": 34}, {""text"": ""uống thuốc"", ""label"": ""TREATMENT"", ""score"": 0.996454, ""start"": 38, ""end"": 48}]"
240,utt_id_train_000241,VietMed_011,6.0,0.0,như là vôi hóa chẳng hạn thì nó sẽ như thế nào ngay sau đây thì chúng tôi sẽ được kết nối với một vị khán giả đến từ,1,"[{""text"": ""khán giả"", ""label"": ""OCCUPATION"", ""score"": 0.993886, ""start"": 101, ""end"": 109}]"
241,utt_id_train_000242,VietMed_011,6.0,0.0,cái việc mà thoái hóa đốt sống thì gần như là ở người bệnh cao tuổi gặp phải khá là nhiều tuy nhiên thì ở người trẻ,3,"[{""text"": ""thoái hóa"", ""label"": ""DISEASESYMTOM"", ""score"": 0.99829, ""start"": 12, ""end"": 21}, {""text"": ""cao tuổi"", ""label"": ""AGE"", ""score"": 0.971813, ""start"": 59, ""end"": 67}, {""text"": ""người trẻ"", ""label"": ""AGE"", ""score"": 0.961896, ""start"": 106, ""end"": 115}]"
242,utt_id_train_000243,VietMed_011,5.0,0.0,có cái vấn đề tương tự như thế này chúng tôi khuyên là chúng ta nên đi khám bệnh để có một cái đánh giá có một cái chẩn,2,"[{""text"": ""khám"", ""label"": ""DIAGNOSTICS"", ""score"": 0.992137, ""start"": 71, ""end"": 75}, {""text"": ""đánh giá"", ""label"": ""TREATMENT"", ""score"": 0.996101, ""start"": 95, ""end"": 103}]"
243,utt_id_train_000244,VietMed_011,5.0,0.0,lâu quá trong cái trường hợp này thì chúng tôi,0,[]
244,utt_id_train_000245,VietMed_011,6.0,0.0,và các bạn và trong ngày hôm nay thì bác sĩ sẽ ở đây để có thể tư vấn trực tiếp,3,"[{""text"": ""ngày hôm nay"", ""label"": ""DATETIME"", ""score"": 0.996347, ""start"": 20, ""end"": 32}, {""text"": ""bác sĩ"", ""label"": ""OCCUPATION"", ""score"": 0.997967, ""start"": 37, ""end"": 43}, {""text"": ""tư vấn"", ""label"": ""PERSONALCARE"", ""score"": 0.993283, ""start"": 63, ""end"": 69}]"
245,utt_id_train_000246,VietMed_011,6.0,0.0,thì nó cũng có cái tác dụng là góp phần là là bổ sung bù lại cái lượng canxi mà,1,"[{""text"": ""canxi"", ""label"": ""DRUGCHEMICAL"", ""score"": 0.991356, ""start"": 71, ""end"": 76}]"
246,utt_id_train_000247,VietMed_011,5.0,0.0,trạng đau nhức xương khớp lại không thuyên giảm vâng và đặc biệt trong ngày hôm nay thì khách hàng có câu hỏi hay,3,"[{""text"": ""đau nhức"", ""label"": ""DISEASESYMTOM"", ""score"": 0.998809, ""start"": 6, ""end"": 14}, {""text"": ""xương khớp"", ""label"": ""ORGAN"", ""score"": 0.997607, ""start"": 15, ""end"": 25}, {""text"": ""ngày hôm nay"", ""label"": ""DATETIME"", ""score"": 0.996495, ""start"": 71, ""end"": 83}]"
247,utt_id_train_000248,VietMed_011,5.0,0.0,lại không phải chỉ có mỗi thời tiết thì nó mới đau thì rõ ràng là trong cơ thể của chúng ta đã có vấn đề rồi các cái,2,"[{""text"": ""đau"", ""label"": ""DISEASESYMTOM"", ""score"": 0.998201, ""start"": 47, ""end"": 50}, {""text"": ""cơ thể"", ""label"": ""ORGAN"", ""score"": 0.9981, ""start"": 72, ""end"": 78}]"
248,utt_id_train_000249,VietMed_011,7.0,0.178571,thuốc một cách phù hợp và đủ về đúng liều cái thứ hai nữa là các cái biểu hiện về thoái hóa khớp của mình thì chúng ta chắc chắn có thể,4,"[{""text"": ""thuốc"", ""label"": ""DRUGCHEMICAL"", ""score"": 0.996478, ""start"": 0, ""end"": 5}, {""text"": ""liều"", ""label"": ""UNITCALIBRATOR"", ""score"": 0.770013, ""start"": 37, ""end"": 41}, {""text"": ""cái thứ hai"", ""label"": ""UNITCALIBRATOR"", ""score"": 0.995475, ""start"": 42, ""end"": 53}, {""text"": ""thoái hóa khớp"", ""label"": ""DISEASESYMTOM"", ""score"": 0.998653, ""start"": 82, ""end"": 96}]"
249,utt_id_train_000250,VietMed_011,6.0,0.206897,vậy được một cái câu chuyện là chúng ta lại không phải lo cái câu chuyện mà tác dụng phụ lên các cái nội tạng tôi nói,2,"[{""text"": ""tác dụng phụ"", ""label"": ""DISEASESYMTOM"", ""score"": 0.998813, ""start"": 76, ""end"": 88}, {""text"": ""nội tạng"", ""label"": ""ORGAN"", ""score"": 0.996918, ""start"": 101, ""end"": 109}]"
250,utt_id_train_000251,VietMed_011,6.0,0.285714,thăm khám cũng như là theo dõi để làm gì ạ để các bác sĩ thần kinh này các bác sĩ về bệnh lý này,5,"[{""text"": ""thăm khám"", ""label"": ""TREATMENT"", ""score"": 0.997443, ""start"": 0, ""end"": 9}, {""text"": ""bác sĩ"", ""label"": ""OCCUPATION"", ""score"": 0.997781, ""start"": 50, ""end"": 56}, {""text"": ""thần kinh"", ""label"": ""ORGAN"", ""score"": 0.995523, ""start"": 57, ""end"": 66}, {""text"": ""bác sĩ"", ""label"": ""OCCUPATION"", ""score"": 0.997902, ""start"": 75, ""end"": 81}, {""text"": ""bệnh lý"", ""label"": ""DISEASESYMTOM"", ""score"": 0.995934, ""start"": 85, ""end"": 92}]"
251,utt_id_train_000252,VietMed_011,6.0,0.0,vâng chào bác xin lỗi bác vì đã để bác chờ hơi lâu vâng bác ơi ngày hôm nay thì bác có vấn đề gì liên quan tới xương,7,"[{""text"": ""bác"", ""label"": ""AGE"", ""score"": 0.996097, ""start"": 10, ""end"": 13}, {""text"": ""bác"", ""label"": ""AGE"", ""score"": 0.995946, ""start"": 22, ""end"": 25}, {""text"": ""bác"", ""label"": ""AGE"", ""score"": 0.996224, ""start"": 35, ""end"": 38}, {""text"": ""bác"", ""label"": ""AGE"", ""score"": 0.996287, ""start"": 56, ""end"": 59}, {""text"": ""ngày hôm nay"", ""label"": ""DATETIME"", ""score"": 0.996385, ""start"": 63, ""end"": 75}, {""text"": ""bác"", ""label"": ""AGE"", ""score"": 0.996386, ""start"": 80, ""end"": 83}, {""text"": ""xương"", ""label"": ""ORGAN"", ""score"": 0.998183, ""start"": 111, ""end"": 116}]"
252,utt_id_train_000253,VietMed_011,6.0,0.0,này đặc biệt là các bác sĩ về cơ xương khớp người ta sẽ phải đánh giá xem là cái mức độ thoái hóa nặng như thế nào,5,"[{""text"": ""bác sĩ"", ""label"": ""OCCUPATION"", ""score"": 0.997933, ""start"": 20, ""end"": 26}, {""text"": ""cơ xương khớp"", ""label"": ""ORGAN"", ""score"": 0.997077, ""start"": 30, ""end"": 43}, {""text"": ""đánh giá"", ""label"": ""TREATMENT"", ""score"": 0.996804, ""start"": 61, ""end"": 69}, {""text"": ""mức độ"", ""label"": ""UNITCALIBRATOR"", ""score"": 0.994774, ""start"": 81, ""end"": 87}, {""text"": ""thoái hóa"", ""label"": ""DISEASESYMTOM"", ""score"": 0.998435, ""start"": 88, ""end"": 97}]"
253,utt_id_train_000254,VietMed_011,6.0,0.0,trường hợp như của bác chẳng hạn bác bị tê cả hai cái bàn tay thì thông thường chúng tôi rất là cần phải có những cái bác sĩ cơ xương khớp để người ta có,5,"[{""text"": ""bác"", ""label"": ""AGE"", ""score"": 0.996588, ""start"": 19, ""end"": 22}, {""text"": ""bác"", ""label"": ""AGE"", ""score"": 0.99652, ""start"": 33, ""end"": 36}, {""text"": ""tê cả hai cái bàn tay"", ""label"": ""DISEASESYMTOM"", ""score"": 0.995795, ""start"": 40, ""end"": 61}, {""text"": ""bác sĩ"", ""label"": ""OCCUPATION"", ""score"": 0.997699, ""start"": 118, ""end"": 124}, {""text"": ""cơ xương khớp"", ""label"": ""ORGAN"", ""score"": 0.997028, ""start"": 125, ""end"": 138}]"
254,utt_id_train_000255,VietMed_011,7.0,0.142857,chương trình thì rất nhiều khán giả khi sử dụng sản phẩm này đều cho thấy cái hiệu quả rõ rệt và đặc biệt là nhắn hàng của,2,"[{""text"": ""rất nhiều"", ""label"": ""UNITCALIBRATOR"", ""score"": 0.995041, ""start"": 17, ""end"": 26}, {""text"": ""khán giả"", ""label"": ""OCCUPATION"", ""score"": 0.992719, ""start"": 27, ""end"": 35}]"
255,utt_id_train_000256,VietMed_011,5.0,0.0,ích và cái thứ hai cái thứ ba nữa là các bác hoặc là các anh chị em phụ nữ thì chúng ta có thể sử dụng các cái khăn để,7,"[{""text"": ""cái thứ hai"", ""label"": ""UNITCALIBRATOR"", ""score"": 0.995645, ""start"": 7, ""end"": 18}, {""text"": ""bác"", ""label"": ""AGE"", ""score"": 0.989682, ""start"": 41, ""end"": 44}, {""text"": ""anh"", ""label"": ""GENDER"", ""score"": 0.953235, ""start"": 57, ""end"": 60}, {""text"": ""chị"", ""label"": ""GENDER"", ""score"": 0.778733, ""start"": 61, ""end"": 64}, {""text"": ""em"", ""label"": ""GENDER"", ""score"": 0.404884, ""start"": 65, ""end"": 67}, {""text"": ""phụ"", ""label"": ""GENDER"", ""score"": 0.906237, ""start"": 68, ""end"": 71}, {""text"": ""nữ"", ""label"": ""GENDER"", ""score"": 0.265656, ""start"": 72, ""end"": 74}]"
256,utt_id_train_000257,VietMed_011,7.0,0.107143,lời chia sẻ của anh thôi chắc chắn là anh sẽ phải đi để thăm khám trực tiếp ở những cái chuyên khoa xương khớp để có thể cải thiện,6,"[{""text"": ""anh"", ""label"": ""GENDER"", ""score"": 0.979371, ""start"": 16, ""end"": 19}, {""text"": ""anh"", ""label"": ""GENDER"", ""score"": 0.979303, ""start"": 38, ""end"": 41}, {""text"": ""thăm khám"", ""label"": ""TREATMENT"", ""score"": 0.99748, ""start"": 56, ""end"": 65}, {""text"": ""chuyên khoa"", ""label"": ""LOCATION"", ""score"": 0.978664, ""start"": 88, ""end"": 99}, {""text"": ""xương khớp"", ""label"": ""ORGAN"", ""score"": 0.994951, ""start"": 100, ""end"": 110}, {""text"": ""cải thiện"", ""label"": ""TREATMENT"", ""score"": 0.997756, ""start"": 121, ""end"": 130}]"
257,utt_id_train_000258,VietMed_011,6.0,0.0,lại có cái tác động phụ lên cái hệ xương khớp của chúng ta đặc biệt là gây ra các cái loãng xương và bản thân bác cũng đã,3,"[{""text"": ""xương khớp"", ""label"": ""ORGAN"", ""score"": 0.997499, ""start"": 35, ""end"": 45}, {""text"": ""loãng xương"", ""label"": ""DISEASESYMTOM"", ""score"": 0.997311, ""start"": 86, ""end"": 97}, {""text"": ""bác"", ""label"": ""AGE"", ""score"": 0.996494, ""start"": 110, ""end"": 113}]"
258,utt_id_train_000259,VietMed_011,6.0,0.0,vùng chân và gối thậm chí là nó hạn chế cái việc đi lại thì tất cả ít nhất là ba,2,"[{""text"": ""chân"", ""label"": ""ORGAN"", ""score"": 0.995559, ""start"": 5, ""end"": 9}, {""text"": ""gối"", ""label"": ""ORGAN"", ""score"": 0.994709, ""start"": 13, ""end"": 16}]"
259,utt_id_train_000260,VietMed_011,6.0,0.0,trường hợp có tiền sử bệnh dạ dày đại tràng hay là những bệnh về gan nữa và để có thêm thông tin về sản phẩm mà chúng,3,"[{""text"": ""dạ dày"", ""label"": ""ORGAN"", ""score"": 0.998053, ""start"": 27, ""end"": 33}, {""text"": ""đại tràng"", ""label"": ""ORGAN"", ""score"": 0.997395, ""start"": 34, ""end"": 43}, {""text"": ""gan"", ""label"": ""ORGAN"", ""score"": 0.997195, ""start"": 65, ""end"": 68}]"
260,utt_id_train_000261,VietMed_011,9.0,0.0,khớp xương lúc làm hay bị chuột rút hai vắt chân hai bắp chân là chuột rút và nó móng cái bắp chân,7,"[{""text"": ""khớp"", ""label"": ""ORGAN"", ""score"": 0.997488, ""start"": 0, ""end"": 4}, {""text"": ""xương"", ""label"": ""ORGAN"", ""score"": 0.971044, ""start"": 5, ""end"": 10}, {""text"": ""chuột rút"", ""label"": ""DISEASESYMTOM"", ""score"": 0.998804, ""start"": 26, ""end"": 35}, {""text"": ""vắt chân"", ""label"": ""ORGAN"", ""score"": 0.972406, ""start"": 40, ""end"": 48}, {""text"": ""bắp chân"", ""label"": ""ORGAN"", ""score"": 0.98788, ""start"": 53, ""end"": 61}, {""text"": ""chuột rút"", ""label"": ""DISEASESYMTOM"", ""score"": 0.998784, ""start"": 65, ""end"": 74}, {""text"": ""bắp chân"", ""label"": ""ORGAN"", ""score"": 0.986794, ""start"": 90, ""end"": 98}]"
261,utt_id_train_000262,VietMed_011,6.0,0.0,mình để có thể sử dụng thuốc một cách an toàn cũng như là cụ thể để có thể đánh trúng vào bệnh của mình khắc phục sớm được cái tình trạng mà mình đã gặp phải,1,"[{""text"": ""thuốc"", ""label"": ""DRUGCHEMICAL"", ""score"": 0.996301, ""start"": 23, ""end"": 28}]"
262,utt_id_train_000263,VietMed_011,6.0,0.185185,thường là không được nuôi dưỡng một cách trực tiếp bởi các cái mạch máu ví dụ như cơ của chúng ta chẳng hạn là mạch máu của chúng ta,4,"[{""text"": ""nuôi dưỡng"", ""label"": ""TREATMENT"", ""score"": 0.996849, ""start"": 21, ""end"": 31}, {""text"": ""mạch máu"", ""label"": ""ORGAN"", ""score"": 0.998123, ""start"": 63, ""end"": 71}, {""text"": ""cơ"", ""label"": ""ORGAN"", ""score"": 0.99838, ""start"": 82, ""end"": 84}, {""text"": ""mạch máu"", ""label"": ""ORGAN"", ""score"": 0.998037, ""start"": 111, ""end"": 119}]"
263,utt_id_train_000264,VietMed_011,6.0,0.068966,cái bác sĩ về sau này đấy thế và đôi khi chúng ta hay nói rằng là gặp thầy gặp thuốc thì đôi khi chúng ta cũng,3,"[{""text"": ""bác sĩ"", ""label"": ""OCCUPATION"", ""score"": 0.997612, ""start"": 4, ""end"": 10}, {""text"": ""thầy"", ""label"": ""OCCUPATION"", ""score"": 0.985298, ""start"": 70, ""end"": 74}, {""text"": ""thuốc"", ""label"": ""DRUGCHEMICAL"", ""score"": 0.993019, ""start"": 79, ""end"": 84}]"
264,utt_id_train_000265,VietMed_011,5.0,0.0,đi lặp lại nhiều lần rồi cho nên là lời khuyên đầu tiên của chúng tôi là gì ạ bệnh gút của bác không phải là chưa phá,2,"[{""text"": ""bệnh gút"", ""label"": ""DISEASESYMTOM"", ""score"": 0.99873, ""start"": 78, ""end"": 86}, {""text"": ""bác"", ""label"": ""AGE"", ""score"": 0.996397, ""start"": 91, ""end"": 94}]"
265,utt_id_train_000266,VietMed_011,6.0,0.0,nên vận động tại chỗ mà thôi ví dụ như bác nằm ở trên giường bác dùng các cái động tác như đạp xe đạp này hoặc là nâng,3,"[{""text"": ""bác"", ""label"": ""AGE"", ""score"": 0.996664, ""start"": 39, ""end"": 42}, {""text"": ""bác"", ""label"": ""AGE"", ""score"": 0.996766, ""start"": 61, ""end"": 64}, {""text"": ""xe đạp"", ""label"": ""MEDDEVICETECHNIQUE"", ""score"": 0.235464, ""start"": 95, ""end"": 101}]"
266,utt_id_train_000267,VietMed_011,6.0,0.0,không không vấn đề gì tôi cứ tự nhiên đang nằm đang truyền thuốc cái này,1,"[{""text"": ""thuốc"", ""label"": ""DRUGCHEMICAL"", ""score"": 0.994993, ""start"": 59, ""end"": 64}]"
267,utt_id_train_000268,VietMed_011,7.0,0.0,những cái ngày mà bị bệnh của chú thì chú cảm thấy là bây giờ nó như trở lại thời thanh niên đấy phấn khởi lắm ngày,5,"[{""text"": ""bị bệnh"", ""label"": ""DISEASESYMTOM"", ""score"": 0.997942, ""start"": 18, ""end"": 25}, {""text"": ""chú"", ""label"": ""GENDER"", ""score"": 0.962645, ""start"": 30, ""end"": 33}, {""text"": ""chú"", ""label"": ""GENDER"", ""score"": 0.96316, ""start"": 38, ""end"": 41}, {""text"": ""bây giờ"", ""label"": ""DATETIME"", ""score"": 0.996361, ""start"": 54, ""end"": 61}, {""text"": ""thanh niên"", ""label"": ""AGE"", ""score"": 0.90479, ""start"": 82, ""end"": 92}]"
268,utt_id_train_000269,VietMed_011,7.0,0.0,sau này đúng không ạ và thế và ở đây thì chúng ta cũng biết rằng là không biết là,0,[]
269,utt_id_train_000270,VietMed_011,6.0,0.310345,trường hợp mà bị tai nạn thậm chí là nhất bỏng lên mà rơi xuống mà lại rách ra đầu rồi nhưng mà nó chưa bị trả lời,1,"[{""text"": ""tai nạn"", ""label"": ""DISEASESYMTOM"", ""score"": 0.998309, ""start"": 17, ""end"": 24}]"
270,utt_id_train_000271,VietMed_011,7.0,0.0,thế này chúng ta cần phải đánh giá cũng như là cần ghi nhớ ở đây có hai việc nguyên nhân mà nó ngã như này nó là cái,1,"[{""text"": ""đánh giá"", ""label"": ""TREATMENT"", ""score"": 0.996221, ""start"": 26, ""end"": 34}]"
271,utt_id_train_000272,VietMed_011,6.0,0.0,cách đầy đủ cũng là đứng là một cái biện pháp để hạn chế các cái tác động của cái thời tiết và cái thứ ba nữa là cái việc,0,[]
272,utt_id_train_000273,VietMed_011,5.0,0.0,trình và chúc bác thật là nhiều sức khỏe vâng vừa rồi thì chúng ta thấy là rất là nhiều người bệnh cao tuổi đúng không ạ,2,"[{""text"": ""bác"", ""label"": ""AGE"", ""score"": 0.99652, ""start"": 14, ""end"": 17}, {""text"": ""cao tuổi"", ""label"": ""AGE"", ""score"": 0.974708, ""start"": 99, ""end"": 107}]"
273,utt_id_train_000274,VietMed_011,6.0,0.0,là suy nhiều thì chúng ta sẽ sử dụng các cái máy thận nhân tạo để lọc thận thay cho kết quả thận đấy ạ thì đấy chính là,4,"[{""text"": ""các"", ""label"": ""MEDDEVICETECHNIQUE"", ""score"": 0.569054, ""start"": 37, ""end"": 40}, {""text"": ""cái máy thận nhân tạo"", ""label"": ""MEDDEVICETECHNIQUE"", ""score"": 0.887212, ""start"": 41, ""end"": 62}, {""text"": ""lọc thận"", ""label"": ""TREATMENT"", ""score"": 0.970192, ""start"": 66, ""end"": 74}, {""text"": ""thận"", ""label"": ""ORGAN"", ""score"": 0.998157, ""start"": 92, ""end"": 96}]"
274,utt_id_train_000275,VietMed_011,7.0,0.0,dấu hiệu nhận biết rõ rệt trong thời điểm mà bệnh mới tiến triển người bệnh chỉ tìm tới phương pháp điều trị khi mà,1,"[{""text"": ""điều trị"", ""label"": ""TREATMENT"", ""score"": 0.998215, ""start"": 100, ""end"": 108}]"
275,utt_id_train_000276,VietMed_011,6.0,0.0,bác đang gặp phải cũng như là để giảm thiểu cũng như là hỗ trợ điều trị cái việc đau xương khớp của bác đúng không ạ,7,"[{""text"": ""bác"", ""label"": ""AGE"", ""score"": 0.99648, ""start"": 0, ""end"": 3}, {""text"": ""giảm thiểu"", ""label"": ""PREVENTIVEMED"", ""score"": 0.990986, ""start"": 33, ""end"": 43}, {""text"": ""hỗ trợ"", ""label"": ""MEDDEVICETECHNIQUE"", ""score"": 0.986136, ""start"": 56, ""end"": 62}, {""text"": ""điều trị"", ""label"": ""TREATMENT"", ""score"": 0.997367, ""start"": 63, ""end"": 71}, {""text"": ""đau"", ""label"": ""DISEASESYMTOM"", ""score"": 0.998287, ""start"": 81, ""end"": 84}, {""text"": ""xương khớp"", ""label"": ""ORGAN"", ""score"": 0.997374, ""start"": 85, ""end"": 95}, {""text"": ""bác"", ""label"": ""AGE"", ""score"": 0.996418, ""start"": 100, ""end"": 103}]"
276,utt_id_train_000277,VietMed_011,6.0,0.0,như vậy thế tại sao bây giờ mới đặt ra cái câu chuyện là tác dụng phụ thế chính vì vậy cho nên là người ta quay ngược trở lại nghiên cứu những cái loại,3,"[{""text"": ""bây giờ"", ""label"": ""DATETIME"", ""score"": 0.996372, ""start"": 20, ""end"": 27}, {""text"": ""tác dụng phụ"", ""label"": ""DISEASESYMTOM"", ""score"": 0.998768, ""start"": 57, ""end"": 69}, {""text"": ""nghiên cứu"", ""label"": ""DIAGNOSTICS"", ""score"": 0.989358, ""start"": 126, ""end"": 136}]"
277,utt_id_train_000278,VietMed_011,8.0,0.0,trội của hoạt chất kga1 là được chiết xuất chuẩn hóa từ thảo dược đảm bảo tính an toàn cho người bệnh khi kga1 kết,5,"[{""text"": ""hoạt chất"", ""label"": ""DRUGCHEMICAL"", ""score"": 0.991545, ""start"": 9, ""end"": 18}, {""text"": ""kga1"", ""label"": ""DRUGCHEMICAL"", ""score"": 0.952439, ""start"": 19, ""end"": 23}, {""text"": ""chiết xuất"", ""label"": ""MEDDEVICETECHNIQUE"", ""score"": 0.947142, ""start"": 32, ""end"": 42}, {""text"": ""thảo dược"", ""label"": ""DRUGCHEMICAL"", ""score"": 0.982558, ""start"": 56, ""end"": 65}, {""text"": ""kga1"", ""label"": ""DRUGCHEMICAL"", ""score"": 0.930629, ""start"": 106, ""end"": 110}]"
278,utt_id_train_000279,VietMed_011,6.0,0.0,chống viêm này có cái nhóm chống viêm liên quan đến corticoid và có cái những cái thuốc chống viêm mà không có corticoid,6,"[{""text"": ""viêm"", ""label"": ""DISEASESYMTOM"", ""score"": 0.998075, ""start"": 6, ""end"": 10}, {""text"": ""viêm"", ""label"": ""DISEASESYMTOM"", ""score"": 0.998106, ""start"": 33, ""end"": 37}, {""text"": ""corticoid"", ""label"": ""DRUGCHEMICAL"", ""score"": 0.978417, ""start"": 52, ""end"": 61}, {""text"": ""thuốc"", ""label"": ""DRUGCHEMICAL"", ""score"": 0.997206, ""start"": 82, ""end"": 87}, {""text"": ""viêm"", ""label"": ""DISEASESYMTOM"", ""score"": 0.997905, ""start"": 94, ""end"": 98}, {""text"": ""corticoid"", ""label"": ""DRUGCHEMICAL"", ""score"": 0.986039, ""start"": 111, ""end"": 120}]"
279,utt_id_train_000280,VietMed_011,5.0,0.0,ta sẽ đánh giá cả hai vấn đề một cách đầy đủ rồi mà không cần phải làm thêm chẳng hạn thì nó sẽ có cái chẩn đoán,2,"[{""text"": ""đánh giá"", ""label"": ""TREATMENT"", ""score"": 0.99565, ""start"": 6, ""end"": 14}, {""text"": ""chẩn đoán"", ""label"": ""DIAGNOSTICS"", ""score"": 0.98297, ""start"": 103, ""end"": 112}]"
280,utt_id_train_000281,VietMed_011,7.0,0.0,lúc đó thì tôi thấy sướng lắm tung tăng đi lại nhẹ nhàng rồi là mỗi một lần mình,0,[]
281,utt_id_train_000282,VietMed_011,5.0,0.241379,tích và bản thân chúng tôi cảm nhận được là là bác nói một cách rất là đầy đủ cho nên gần những cái lần,1,"[{""text"": ""bác"", ""label"": ""AGE"", ""score"": 0.99618, ""start"": 47, ""end"": 50}]"
282,utt_id_train_000283,VietMed_011,6.0,0.0,cơ quan khác từ tay chân cho đến xương cột sống mặc dù không bị gãy xương nhưng mà điều đấy nó cũng không có nghĩa rằng,4,"[{""text"": ""tay chân"", ""label"": ""ORGAN"", ""score"": 0.997028, ""start"": 16, ""end"": 24}, {""text"": ""xương"", ""label"": ""ORGAN"", ""score"": 0.997311, ""start"": 33, ""end"": 38}, {""text"": ""cột sống"", ""label"": ""ORGAN"", ""score"": 0.995303, ""start"": 39, ""end"": 47}, {""text"": ""gãy xương"", ""label"": ""DISEASESYMTOM"", ""score"": 0.998022, ""start"": 64, ""end"": 73}]"
283,utt_id_train_000284,VietMed_011,6.0,0.0,hóa cộng với cái phá hủy do nó bệnh khớp cộng với do do cái quá trình điều trị không phù hợp dẫn đến kể cả xương nó,3,"[{""text"": ""khớp"", ""label"": ""ORGAN"", ""score"": 0.990614, ""start"": 36, ""end"": 40}, {""text"": ""điều trị"", ""label"": ""TREATMENT"", ""score"": 0.998309, ""start"": 70, ""end"": 78}, {""text"": ""xương"", ""label"": ""ORGAN"", ""score"": 0.998204, ""start"": 107, ""end"": 112}]"
284,utt_id_train_000285,VietMed_011,7.0,0.0,nó bị thiếu và nếu mà những cái chuyện đó mà nó không giúp được nhiều thì rõ ràng chúng ta cần những cái thăm khám một cách chính xác xét nghiệm xem cụ thể,2,"[{""text"": ""thăm khám"", ""label"": ""TREATMENT"", ""score"": 0.993919, ""start"": 105, ""end"": 114}, {""text"": ""xét nghiệm"", ""label"": ""DIAGNOSTICS"", ""score"": 0.991059, ""start"": 134, ""end"": 144}]"
285,utt_id_train_000286,VietMed_011,6.0,0.107143,tính thì nó lại là một trong những cái mà cứu cánh cho nên là cái câu chuyện mà nó ảnh hưởng đến dạ dày chuyện đó,1,"[{""text"": ""dạ dày"", ""label"": ""ORGAN"", ""score"": 0.997603, ""start"": 97, ""end"": 103}]"
286,utt_id_train_000287,VietMed_011,5.0,0.0,chúng ta bị trục trặc mà chẳng qua là cái hệ thần kinh ở trung ương tức là ở sọ não đấy nó không điều khiển được một,3,"[{""text"": ""thần kinh"", ""label"": ""ORGAN"", ""score"": 0.99719, ""start"": 45, ""end"": 54}, {""text"": ""sọ"", ""label"": ""ORGAN"", ""score"": 0.98617, ""start"": 77, ""end"": 79}, {""text"": ""não"", ""label"": ""ORGAN"", ""score"": 0.993816, ""start"": 80, ""end"": 83}]"
287,utt_id_train_000288,VietMed_011,8.0,0.0,thể chia sẻ kỹ hơn một chút là bác bị tai nạn cách đây lâu chưa tai nạn như thế nào và sau bốn năm rồi ạ vâng và tai,5,"[{""text"": ""bác"", ""label"": ""AGE"", ""score"": 0.996333, ""start"": 31, ""end"": 34}, {""text"": ""tai nạn"", ""label"": ""DISEASESYMTOM"", ""score"": 0.998616, ""start"": 38, ""end"": 45}, {""text"": ""tai nạn"", ""label"": ""DISEASESYMTOM"", ""score"": 0.998584, ""start"": 64, ""end"": 71}, {""text"": ""bốn năm"", ""label"": ""DATETIME"", ""score"": 0.99064, ""start"": 91, ""end"": 98}, {""text"": ""tai"", ""label"": ""ORGAN"", ""score"": 0.997571, ""start"": 113, ""end"": 116}]"
288,utt_id_train_000289,VietMed_011,6.0,0.074074,nó bị có bị gãy xương hay là bị cái tổn thương gì đặc biệt không ạ bây giờ đi lại có khó không ạ,3,"[{""text"": ""gãy xương"", ""label"": ""DISEASESYMTOM"", ""score"": 0.998464, ""start"": 12, ""end"": 21}, {""text"": ""tổn thương"", ""label"": ""DISEASESYMTOM"", ""score"": 0.998732, ""start"": 36, ""end"": 46}, {""text"": ""bây giờ"", ""label"": ""DATETIME"", ""score"": 0.996499, ""start"": 67, ""end"": 74}]"
289,utt_id_train_000290,VietMed_011,5.0,0.0,thì tôi cũng đã nhận được một câu hỏi của một vị khán giả đến từ bắc giang với cái nội dung như thế này ạ thưa bác sĩ,3,"[{""text"": ""khán giả"", ""label"": ""OCCUPATION"", ""score"": 0.994425, ""start"": 49, ""end"": 57}, {""text"": ""bắc giang"", ""label"": ""LOCATION"", ""score"": 0.886545, ""start"": 65, ""end"": 74}, {""text"": ""bác sĩ"", ""label"": ""OCCUPATION"", ""score"": 0.997931, ""start"": 111, ""end"": 117}]"
290,utt_id_train_000291,VietMed_011,6.0,0.0,hai tháng sử dụng không thấy hiệu quả và không khắc phục được cái tình trạng đau nhức các xương khớp đặc biệt là trong,3,"[{""text"": ""hai tháng"", ""label"": ""DATETIME"", ""score"": 0.995196, ""start"": 0, ""end"": 9}, {""text"": ""đau nhức"", ""label"": ""DISEASESYMTOM"", ""score"": 0.998885, ""start"": 77, ""end"": 85}, {""text"": ""xương khớp"", ""label"": ""ORGAN"", ""score"": 0.99744, ""start"": 90, ""end"": 100}]"
291,utt_id_train_000292,VietMed_011,6.0,0.0,trình mà nó ảnh hưởng không phải chỉ có mỗi gãy xương mà nó còn có những cái vi gãy xương có nghĩa là gãy xương rất là,3,"[{""text"": ""gãy xương"", ""label"": ""DISEASESYMTOM"", ""score"": 0.996702, ""start"": 44, ""end"": 53}, {""text"": ""gãy xương"", ""label"": ""DISEASESYMTOM"", ""score"": 0.997767, ""start"": 80, ""end"": 89}, {""text"": ""gãy xương"", ""label"": ""DISEASESYMTOM"", ""score"": 0.996619, ""start"": 102, ""end"": 111}]"
292,utt_id_train_000293,VietMed_011,7.0,0.035714,bệnh lý thoái hóa cột sống nó đã có từ trước có sẵn rồi và chỉ là những cái thời điểm nhất định thì nó khó chịu tắc,1,"[{""text"": ""bệnh lý thoái hóa cột sống"", ""label"": ""DISEASESYMTOM"", ""score"": 0.998114, ""start"": 0, ""end"": 26}]"
293,utt_id_train_000294,VietMed_011,6.0,0.0,bác đang gặp phải và cái đai thắt lưng này cũng sẽ là một vật để hỗ trợ bác trong cái việc mà bác di chuyển cũng như,5,"[{""text"": ""bác"", ""label"": ""AGE"", ""score"": 0.996542, ""start"": 0, ""end"": 3}, {""text"": ""thắt lưng"", ""label"": ""ORGAN"", ""score"": 0.992163, ""start"": 29, ""end"": 38}, {""text"": ""hỗ trợ"", ""label"": ""MEDDEVICETECHNIQUE"", ""score"": 0.992421, ""start"": 65, ""end"": 71}, {""text"": ""bác"", ""label"": ""AGE"", ""score"": 0.996502, ""start"": 72, ""end"": 75}, {""text"": ""bác"", ""label"": ""AGE"", ""score"": 0.996435, ""start"": 94, ""end"": 97}]"
294,utt_id_train_000295,VietMed_011,5.0,0.241379,chẳng hạn một số các cái tôm cua thì đấy cũng là những cái nguồn canxi nó rất là tự nhiên và đẹp nhiều,1,"[{""text"": ""canxi"", ""label"": ""DRUGCHEMICAL"", ""score"": 0.990954, ""start"": 65, ""end"": 70}]"
295,utt_id_train_000296,VietMed_011,5.0,0.0,khám nữa người ta không được theo dõi nữa mà người ta hoặc là người ta dùng theo kinh nghiệm hoặc là người ta tiếp,1,"[{""text"": ""khám"", ""label"": ""DIAGNOSTICS"", ""score"": 0.987092, ""start"": 0, ""end"": 4}]"
296,utt_id_train_000297,VietMed_011,6.0,0.0,thứ nhất việc thứ hai chúng ta cũng phải kiểm tra về các cái bệnh lý thần kinh đôi khi các bác sĩ cơ xương khớp người,6,"[{""text"": ""thứ nhất"", ""label"": ""UNITCALIBRATOR"", ""score"": 0.995733, ""start"": 0, ""end"": 8}, {""text"": ""kiểm tra"", ""label"": ""DIAGNOSTICS"", ""score"": 0.991446, ""start"": 41, ""end"": 49}, {""text"": ""bệnh lý"", ""label"": ""DISEASESYMTOM"", ""score"": 0.997039, ""start"": 61, ""end"": 68}, {""text"": ""thần kinh"", ""label"": ""ORGAN"", ""score"": 0.995035, ""start"": 69, ""end"": 78}, {""text"": ""bác sĩ"", ""label"": ""OCCUPATION"", ""score"": 0.997816, ""start"": 91, ""end"": 97}, {""text"": ""cơ xương khớp"", ""label"": ""ORGAN"", ""score"": 0.996797, ""start"": 98, ""end"": 111}]"
297,utt_id_train_000298,VietMed_011,6.0,0.0,cùng xảy ra và cái thứ hai nữa là liệu là cái việc mà chúng ta giống như bác nói là đi khám ngã rồi đi kiểm tra chẳng,4,"[{""text"": ""cái thứ hai"", ""label"": ""UNITCALIBRATOR"", ""score"": 0.995428, ""start"": 15, ""end"": 26}, {""text"": ""bác"", ""label"": ""AGE"", ""score"": 0.996039, ""start"": 73, ""end"": 76}, {""text"": ""khám"", ""label"": ""DIAGNOSTICS"", ""score"": 0.992915, ""start"": 87, ""end"": 91}, {""text"": ""kiểm tra"", ""label"": ""DIAGNOSTICS"", ""score"": 0.990088, ""start"": 103, ""end"": 111}]"
298,utt_id_train_000299,VietMed_011,5.0,0.0,bệnh xương khớp mà nó có liên quan đến thần kinh chúng ta cũng phải điều trị nhưng mà dùng những cái nhóm thuốc này,4,"[{""text"": ""bệnh xương khớp"", ""label"": ""DISEASESYMTOM"", ""score"": 0.99801, ""start"": 0, ""end"": 15}, {""text"": ""thần kinh"", ""label"": ""ORGAN"", ""score"": 0.997553, ""start"": 39, ""end"": 48}, {""text"": ""điều trị"", ""label"": ""TREATMENT"", ""score"": 0.998452, ""start"": 68, ""end"": 76}, {""text"": ""thuốc"", ""label"": ""DRUGCHEMICAL"", ""score"": 0.996754, ""start"": 106, ""end"": 111}]"
299,utt_id_train_000300,VietMed_011,6.0,0.0,cũng như là cổ để vai cánh tay vân vân ấy thì chúng ta rất là gặp trong nhiều các cái nhóm bệnh khác nhau có những,3,"[{""text"": ""cổ"", ""label"": ""ORGAN"", ""score"": 0.996981, ""start"": 12, ""end"": 14}, {""text"": ""vai"", ""label"": ""ORGAN"", ""score"": 0.997335, ""start"": 18, ""end"": 21}, {""text"": ""cánh tay"", ""label"": ""ORGAN"", ""score"": 0.996888, ""start"": 22, ""end"": 30}]"
300,utt_id_train_000301,VietMed_011,6.0,0.0,chỉ là nghỉ được rõ ràng cái đấy cũng là một cái khó đúng không ạ thế chính vì vậy cho nên trong trường hợp này rõ ràng là cái đai thắt lưng lại là một cái,1,"[{""text"": ""thắt lưng"", ""label"": ""ORGAN"", ""score"": 0.992867, ""start"": 131, ""end"": 140}]"
301,utt_id_train_000302,VietMed_011,6.0,0.185185,nào là mình ngã mình sẽ phải phòng tránh mà thôi mình phải luôn luôn nâng cao cái sự ý thức về cái câu chuyện đó,2,"[{""text"": ""phòng tránh"", ""label"": ""PREVENTIVEMED"", ""score"": 0.993718, ""start"": 29, ""end"": 40}, {""text"": ""cao"", ""label"": ""UNITCALIBRATOR"", ""score"": 0.995695, ""start"": 74, ""end"": 77}]"
302,utt_id_train_000303,VietMed_011,5.0,0.0,như thế này và chúng tôi khuyên là bác cũng nên đi thăm khám với các cái bác sĩ,3,"[{""text"": ""bác"", ""label"": ""AGE"", ""score"": 0.995127, ""start"": 35, ""end"": 38}, {""text"": ""thăm khám"", ""label"": ""TREATMENT"", ""score"": 0.997497, ""start"": 51, ""end"": 60}, {""text"": ""bác sĩ"", ""label"": ""OCCUPATION"", ""score"": 0.997873, ""start"": 73, ""end"": 79}]"
303,utt_id_train_000304,VietMed_011,6.0,0.0,gót chân này khi chúng ta phải mang vác nặng nhiều này chúng ta phải đi lại nhiều này chúng ta phải leo trèo nhiều,2,"[{""text"": ""gót chân"", ""label"": ""ORGAN"", ""score"": 0.92283, ""start"": 0, ""end"": 8}, {""text"": ""đi lại nhiều"", ""label"": ""PERSONALCARE"", ""score"": 0.99144, ""start"": 69, ""end"": 81}]"
304,utt_id_train_000305,VietMed_011,7.0,0.25,đối với dân phăn phòng chúng ta vậy thì đối với những cái những người mà gặp những cái vấn đề khác thì,0,[]
305,utt_id_train_000306,VietMed_011,6.0,0.0,mua theo các cái như vậy hoặc đôi khi là do người nọ người kia có kinh nghiệm rồi mách thế và khi mà người ta cứ sử dụng,1,"[{""text"": ""kinh"", ""label"": ""DISEASESYMTOM"", ""score"": 0.264211, ""start"": 66, ""end"": 70}]"
306,utt_id_train_000307,VietMed_011,6.0,0.0,cái biểu hiện bác mô tả chúng tôi chưa nghĩ là bệnh lý thoái hóa chưa nghĩ là bệnh lý viêm khớp dạng thấp nhưng cái,3,"[{""text"": ""bác"", ""label"": ""AGE"", ""score"": 0.996338, ""start"": 14, ""end"": 17}, {""text"": ""bệnh lý thoái hóa"", ""label"": ""DISEASESYMTOM"", ""score"": 0.998274, ""start"": 47, ""end"": 64}, {""text"": ""bệnh lý viêm khớp dạng thấp"", ""label"": ""DISEASESYMTOM"", ""score"": 0.998225, ""start"": 78, ""end"": 105}]"
307,utt_id_train_000308,VietMed_011,6.0,0.0,cụ thể hoặc là dễ hiểu hơn đấy là cái bệnh viêm cột sống dính khớp đấy thì rất,1,"[{""text"": ""bệnh viêm cột sống dính khớp"", ""label"": ""DISEASESYMTOM"", ""score"": 0.997948, ""start"": 38, ""end"": 66}]"
308,utt_id_train_000309,VietMed_011,7.0,0.0,chúng tôi cũng khuyên là gì ạ bác đã đi thăm khám nhiều nơi này đã đi chụp chiếu nhiều này đã uống nhiều loại thuốc rồi giống như bác mô tả cái điều đấy là tốt,4,"[{""text"": ""bác"", ""label"": ""AGE"", ""score"": 0.996319, ""start"": 30, ""end"": 33}, {""text"": ""thăm khám"", ""label"": ""TREATMENT"", ""score"": 0.997615, ""start"": 40, ""end"": 49}, {""text"": ""thuốc"", ""label"": ""DRUGCHEMICAL"", ""score"": 0.996202, ""start"": 110, ""end"": 115}, {""text"": ""bác"", ""label"": ""AGE"", ""score"": 0.996496, ""start"": 130, ""end"": 133}]"
309,utt_id_train_000310,VietMed_011,7.0,0.928571,tôi bị suy cái chứng cộng thận hallo bác giờ là bác đứng lên khó là vì đau lưng hay khó,4,"[{""text"": ""thận"", ""label"": ""ORGAN"", ""score"": 0.997677, ""start"": 26, ""end"": 30}, {""text"": ""bác"", ""label"": ""AGE"", ""score"": 0.996136, ""start"": 37, ""end"": 40}, {""text"": ""bác"", ""label"": ""AGE"", ""score"": 0.996413, ""start"": 48, ""end"": 51}, {""text"": ""đau lưng"", ""label"": ""DISEASESYMTOM"", ""score"": 0.997413, ""start"": 71, ""end"": 79}]"
310,utt_id_train_000311,VietMed_011,6.0,0.0,cái việc của bác ít nhất là bác sẽ phải đi khám ba các cái bác sĩ chuyên khoa để có cái đánh giá một cách đầy đủ thứ nhất,6,"[{""text"": ""bác"", ""label"": ""AGE"", ""score"": 0.996418, ""start"": 13, ""end"": 16}, {""text"": ""bác"", ""label"": ""AGE"", ""score"": 0.996279, ""start"": 28, ""end"": 31}, {""text"": ""khám"", ""label"": ""DIAGNOSTICS"", ""score"": 0.993321, ""start"": 43, ""end"": 47}, {""text"": ""bác sĩ chuyên khoa"", ""label"": ""OCCUPATION"", ""score"": 0.997203, ""start"": 59, ""end"": 77}, {""text"": ""đánh giá"", ""label"": ""TREATMENT"", ""score"": 0.996271, ""start"": 88, ""end"": 96}, {""text"": ""thứ nhất"", ""label"": ""UNITCALIBRATOR"", ""score"": 0.996004, ""start"": 113, ""end"": 121}]"
311,utt_id_train_000312,VietMed_011,9.0,0.037037,nhiều rồi cho nên là những cái giải pháp mà nó an toàn thì trong những trường hợp như thế này kga1 tôi đoán là một cái,1,"[{""text"": ""kga1"", ""label"": ""DRUGCHEMICAL"", ""score"": 0.717782, ""start"": 94, ""end"": 98}]"
312,utt_id_train_000313,VietMed_011,6.0,0.0,tôi cũng không có cái tham vọng là có thể trả lời tất cả các cái cái cái cái thắc mắc cũng như là cái câu hỏi nhưng,0,[]
313,utt_id_train_000314,VietMed_011,6.0,0.0,trình điều trị duy trì và chính cái việc mà điều trị duy trì này cho nên là chúng ta cũng cần phải tìm những cái biện pháp,2,"[{""text"": ""điều trị duy trì"", ""label"": ""TREATMENT"", ""score"": 0.996174, ""start"": 6, ""end"": 22}, {""text"": ""điều trị duy trì"", ""label"": ""TREATMENT"", ""score"": 0.997267, ""start"": 44, ""end"": 60}]"
314,utt_id_train_000315,VietMed_011,6.0,0.0,cái chuyện đó và nếu mà chúng ta sử dụng các biện pháp phòng tránh để nó không bị nghẽn mạch máu não thì ít nhất là nó sẽ,3,"[{""text"": ""phòng tránh"", ""label"": ""PREVENTIVEMED"", ""score"": 0.992215, ""start"": 55, ""end"": 66}, {""text"": ""nghẽn mạch máu"", ""label"": ""DISEASESYMTOM"", ""score"": 0.997353, ""start"": 82, ""end"": 96}, {""text"": ""não"", ""label"": ""ORGAN"", ""score"": 0.94943, ""start"": 97, ""end"": 100}]"
315,utt_id_train_000316,VietMed_011,5.0,0.0,hấp cũng như là các cái hệ cơ xương khớp và kể cả là ăn uống đi chăng nữa thì đặc biệt là đối với cái hệ cơ xương khớp của,3,"[{""text"": ""cơ xương khớp"", ""label"": ""ORGAN"", ""score"": 0.996916, ""start"": 27, ""end"": 40}, {""text"": ""ăn uống"", ""label"": ""PERSONALCARE"", ""score"": 0.990099, ""start"": 53, ""end"": 60}, {""text"": ""cơ xương khớp"", ""label"": ""ORGAN"", ""score"": 0.99663, ""start"": 105, ""end"": 118}]"
316,utt_id_train_000317,VietMed_011,6.0,0.0,khả năng giảm sưng viêm của kga1 duy trì ở ngưỡng bảy mươi tám phần trăm,6,"[{""text"": ""viêm"", ""label"": ""DISEASESYMTOM"", ""score"": 0.997277, ""start"": 19, ""end"": 23}, {""text"": ""kg"", ""label"": ""DRUGCHEMICAL"", ""score"": 0.99506, ""start"": 28, ""end"": 30}, {""text"": ""a"", ""label"": ""DRUGCHEMICAL"", ""score"": 0.529559, ""start"": 30, ""end"": 31}, {""text"": ""1"", ""label"": ""DRUGCHEMICAL"", ""score"": 0.54262, ""start"": 31, ""end"": 32}, {""text"": ""duy trì"", ""label"": ""PERSONALCARE"", ""score"": 0.990166, ""start"": 33, ""end"": 40}, {""text"": ""phần trăm"", ""label"": ""UNITCALIBRATOR"", ""score"": 0.974074, ""start"": 63, ""end"": 72}]"
317,utt_id_train_000318,VietMed_011,2.0,0.0,chứng này tôi đã bác đã bị lâu chưa ạ,1,"[{""text"": ""bác"", ""label"": ""AGE"", ""score"": 0.995977, ""start"": 17, ""end"": 20}]"
318,utt_id_train_000319,VietMed_011,6.0,0.0,cũng bị loạn nó cũng bị yếu thì tất cả những yếu tố đấy nó cũng sẽ làm cho các khớp yếu và đặc biệt là khớp gối nó sẽ,2,"[{""text"": ""khớp"", ""label"": ""ORGAN"", ""score"": 0.997826, ""start"": 79, ""end"": 83}, {""text"": ""khớp gối"", ""label"": ""ORGAN"", ""score"": 0.995713, ""start"": 103, ""end"": 111}]"
319,utt_id_train_000320,VietMed_011,7.0,0.0,bệnh viêm khớp thoái hóa khớp và rất nhiều các cái bệnh lý khác thì chúng tôi có rất là nhiều các cái nhóm thuốc khác nhau và nó có những cái cơ chế khác nhau,5,"[{""text"": ""bệnh viêm khớp"", ""label"": ""DISEASESYMTOM"", ""score"": 0.998014, ""start"": 0, ""end"": 14}, {""text"": ""thoái hóa khớp"", ""label"": ""DISEASESYMTOM"", ""score"": 0.998094, ""start"": 15, ""end"": 29}, {""text"": ""rất nhiều"", ""label"": ""UNITCALIBRATOR"", ""score"": 0.994336, ""start"": 33, ""end"": 42}, {""text"": ""bệnh lý"", ""label"": ""DISEASESYMTOM"", ""score"": 0.998736, ""start"": 51, ""end"": 58}, {""text"": ""thuốc"", ""label"": ""DRUGCHEMICAL"", ""score"": 0.994753, ""start"": 107, ""end"": 112}]"
320,utt_id_train_000321,VietMed_011,8.0,0.0,các cái vận động nặng trong cái các cái tình huống như này đôi khi có một số quý vị là lại cố tập luyện các thứ các cái,0,[]
321,utt_id_train_000322,VietMed_011,6.0,0.0,tái diễn nữa mà nó trở lại là chú thích nào cái gì chú làm cái đấy chú thể thao,3,"[{""text"": ""chú"", ""label"": ""GENDER"", ""score"": 0.967228, ""start"": 30, ""end"": 33}, {""text"": ""chú"", ""label"": ""GENDER"", ""score"": 0.967996, ""start"": 51, ""end"": 54}, {""text"": ""chú"", ""label"": ""GENDER"", ""score"": 0.97217, ""start"": 67, ""end"": 70}]"
322,utt_id_train_000323,VietMed_011,6.0,0.0,cái quá trình sử dụng không hợp lý như vậy kể cả những cái cơ quan thần kinh như là chúng ta phải điều trị các cái,2,"[{""text"": ""cơ quan thần kinh"", ""label"": ""ORGAN"", ""score"": 0.997037, ""start"": 59, ""end"": 76}, {""text"": ""điều trị"", ""label"": ""TREATMENT"", ""score"": 0.998276, ""start"": 98, ""end"": 106}]"
323,utt_id_train_000324,VietMed_011,7.0,0.0,cho cái sụn khớp đấy chính là cái collagen tuýp 2 thì cái việc mà chúng ta phối hợp các cái thành phần như thế này vừa phát huy được cái tác dụng mạnh của,2,"[{""text"": ""sụn khớp"", ""label"": ""ORGAN"", ""score"": 0.975664, ""start"": 8, ""end"": 16}, {""text"": ""collagen"", ""label"": ""DRUGCHEMICAL"", ""score"": 0.988244, ""start"": 34, ""end"": 42}]"
324,utt_id_train_000325,VietMed_011,5.0,0.0,của chúng ta thì khi đó rõ ràng chúng ta biết rằng là chúng ta cần phải điều chỉnh cái bệnh của chúng ta chứ không,1,"[{""text"": ""điều chỉnh"", ""label"": ""PREVENTIVEMED"", ""score"": 0.975823, ""start"": 72, ""end"": 82}]"
325,utt_id_train_000326,VietMed_011,5.0,0.0,thần kinh tọa của bác nó bị chèn ép nhiều lên không phải nó sẽ đau nhiều đâu mà nó còn có thể liệt luôn chính vì vậy,3,"[{""text"": ""thần kinh"", ""label"": ""ORGAN"", ""score"": 0.997195, ""start"": 0, ""end"": 9}, {""text"": ""bác"", ""label"": ""AGE"", ""score"": 0.996106, ""start"": 18, ""end"": 21}, {""text"": ""đau"", ""label"": ""DISEASESYMTOM"", ""score"": 0.998293, ""start"": 63, ""end"": 66}]"
326,utt_id_train_000327,VietMed_011,6.0,0.5,chụp vai gáy đau gây thần viêm đau nhức,4,"[{""text"": ""chụp vai gáy"", ""label"": ""TREATMENT"", ""score"": 0.847512, ""start"": 0, ""end"": 12}, {""text"": ""đau"", ""label"": ""DISEASESYMTOM"", ""score"": 0.972424, ""start"": 13, ""end"": 16}, {""text"": ""viêm"", ""label"": ""DISEASESYMTOM"", ""score"": 0.647513, ""start"": 26, ""end"": 30}, {""text"": ""đau nhức"", ""label"": ""DISEASESYMTOM"", ""score"": 0.996418, ""start"": 31, ""end"": 39}]"
327,utt_id_train_000328,VietMed_011,6.0,0.357143,cái đau của anh thì có lúc nào anh thấy nó có đau những cái đợt dài nhưng mà thường nó đau vào bụi sáng sớm không,6,"[{""text"": ""đau"", ""label"": ""DISEASESYMTOM"", ""score"": 0.998314, ""start"": 4, ""end"": 7}, {""text"": ""anh"", ""label"": ""GENDER"", ""score"": 0.980082, ""start"": 12, ""end"": 15}, {""text"": ""anh"", ""label"": ""GENDER"", ""score"": 0.979297, ""start"": 31, ""end"": 34}, {""text"": ""đau"", ""label"": ""DISEASESYMTOM"", ""score"": 0.998385, ""start"": 46, ""end"": 49}, {""text"": ""đau"", ""label"": ""DISEASESYMTOM"", ""score"": 0.998268, ""start"": 87, ""end"": 90}, {""text"": ""sáng sớm"", ""label"": ""DATETIME"", ""score"": 0.98989, ""start"": 99, ""end"": 107}]"
328,utt_id_train_000329,VietMed_011,5.0,0.0,cần có những cái tham khảo như vậy và cái việc mà chúng ta điều trị theo đúng cái phác đồ theo đúng cái bệnh lý của,3,"[{""text"": ""điều trị"", ""label"": ""TREATMENT"", ""score"": 0.998496, ""start"": 59, ""end"": 67}, {""text"": ""phác đồ"", ""label"": ""MEDDEVICETECHNIQUE"", ""score"": 0.984576, ""start"": 82, ""end"": 89}, {""text"": ""bệnh lý"", ""label"": ""DISEASESYMTOM"", ""score"": 0.998516, ""start"": 104, ""end"": 111}]"
329,utt_id_train_000330,VietMed_011,6.0,0.0,này cái mức độ loãng xương nặng như thế nào để chúng ta có những cái biện pháp điều trị phối hợp vừa an toàn mà lại vừa,3,"[{""text"": ""mức độ"", ""label"": ""UNITCALIBRATOR"", ""score"": 0.995394, ""start"": 8, ""end"": 14}, {""text"": ""loãng xương"", ""label"": ""DISEASESYMTOM"", ""score"": 0.996792, ""start"": 15, ""end"": 26}, {""text"": ""điều trị"", ""label"": ""TREATMENT"", ""score"": 0.998311, ""start"": 79, ""end"": 87}]"
330,utt_id_train_000331,VietMed_011,5.0,0.0,cũng phải hỏi với bệnh nhân là là là là bản thân bác sĩ nhiều khi trong cái lúc mà chúng tôi hướng dẫn cho người,2,"[{""text"": ""bệnh nhân"", ""label"": ""OCCUPATION"", ""score"": 0.997853, ""start"": 18, ""end"": 27}, {""text"": ""bác sĩ"", ""label"": ""OCCUPATION"", ""score"": 0.99792, ""start"": 49, ""end"": 55}]"
331,utt_id_train_000332,VietMed_011,5.0,0.0,thắt lưng là một cái rất là đơn giản thông thường mình sẽ đeo những lúc mà mình đi lại nhiều thông thường là mình,2,"[{""text"": ""thắt lưng"", ""label"": ""ORGAN"", ""score"": 0.986224, ""start"": 0, ""end"": 9}, {""text"": ""đi lại nhiều"", ""label"": ""PERSONALCARE"", ""score"": 0.989783, ""start"": 80, ""end"": 92}]"
332,utt_id_train_000333,VietMed_011,6.0,0.0,điều chỉnh phù hợp là rất là quan trọng để thứ nhất là xem bây giờ mức độ nó đến đâu rồi nó đã tiến triển đến đâu rồi đấy,4,"[{""text"": ""điều chỉnh"", ""label"": ""PREVENTIVEMED"", ""score"": 0.990529, ""start"": 0, ""end"": 10}, {""text"": ""thứ nhất"", ""label"": ""UNITCALIBRATOR"", ""score"": 0.996568, ""start"": 43, ""end"": 51}, {""text"": ""bây giờ"", ""label"": ""DATETIME"", ""score"": 0.996757, ""start"": 59, ""end"": 66}, {""text"": ""mức độ"", ""label"": ""UNITCALIBRATOR"", ""score"": 0.996281, ""start"": 67, ""end"": 73}]"
333,utt_id_train_000334,VietMed_011,5.0,0.0,ta cũng cần phải nhớ rằng là nhiều khi chúng ta không phải mổ không có nghĩa là não của chúng ta không bị làm sao cả đấy,2,"[{""text"": ""mổ"", ""label"": ""SURGERY"", ""score"": 0.935861, ""start"": 59, ""end"": 61}, {""text"": ""não"", ""label"": ""ORGAN"", ""score"": 0.997796, ""start"": 80, ""end"": 83}]"
334,utt_id_train_000335,VietMed_011,7.0,0.0,đã có một cái chương trình đặc biệt là ưu đãi cũng như là để khẳng định cái giá trị của sản phẩm đó chính là hoàn lại,0,[]
335,utt_id_train_000336,VietMed_011,6.0,0.0,dụng một số các cái thuốc để hạn chế cái quá trình viêm của cái phổi và một trong những cái thuốc đó là corticoid thì nó,5,"[{""text"": ""thuốc"", ""label"": ""DRUGCHEMICAL"", ""score"": 0.997163, ""start"": 20, ""end"": 25}, {""text"": ""viêm"", ""label"": ""DISEASESYMTOM"", ""score"": 0.998131, ""start"": 51, ""end"": 55}, {""text"": ""phổi"", ""label"": ""ORGAN"", ""score"": 0.994608, ""start"": 64, ""end"": 68}, {""text"": ""thuốc"", ""label"": ""DRUGCHEMICAL"", ""score"": 0.996637, ""start"": 92, ""end"": 97}, {""text"": ""corticoid"", ""label"": ""DRUGCHEMICAL"", ""score"": 0.978357, ""start"": 104, ""end"": 113}]"
336,utt_id_train_000337,VietMed_011,5.0,0.0,là cái bệnh này nó không có một cái biểu hiện nào cụ thể vậy thì làm thế nào để chúng ta biết là cái đau nhức xương khớp,2,"[{""text"": ""đau nhức"", ""label"": ""DISEASESYMTOM"", ""score"": 0.998766, ""start"": 101, ""end"": 109}, {""text"": ""xương khớp"", ""label"": ""ORGAN"", ""score"": 0.996939, ""start"": 110, ""end"": 120}]"
337,utt_id_train_000338,VietMed_011,6.0,0.0,nữa thì cái cái câu chuyện mà tác dụng phụ nó trở nên rất là hiện hữu rất là phổ biến rất là thường gặp và tại sao nó,1,"[{""text"": ""tác dụng phụ"", ""label"": ""DISEASESYMTOM"", ""score"": 0.998856, ""start"": 30, ""end"": 42}]"
338,utt_id_train_000339,VietMed_011,6.0,0.0,thậm chí là chúng tôi có một cái cái hội chứng rất hay gặp là gọi là hội chứng ống cổ tay có nghĩa là tất cả các cái,2,"[{""text"": ""hội chứng ống"", ""label"": ""DISEASESYMTOM"", ""score"": 0.986644, ""start"": 69, ""end"": 82}, {""text"": ""cổ tay"", ""label"": ""ORGAN"", ""score"": 0.996008, ""start"": 83, ""end"": 89}]"
339,utt_id_train_000340,VietMed_011,6.0,0.0,làm vận động đi lại làm vận động nhiều hay nó có ảnh hưởng gì không ạ vâng cảm ơn,0,[]
340,utt_id_train_000341,VietMed_011,7.0,0.0,rất là nhiều các cái thuốc mạnh và chính vì vậy cho nên là song song với cái việc mà chúng ta sử dụng những cái thuốc mạnh như thế này người bệnh lại vô hình chung,2,"[{""text"": ""thuốc"", ""label"": ""DRUGCHEMICAL"", ""score"": 0.995755, ""start"": 21, ""end"": 26}, {""text"": ""thuốc"", ""label"": ""DRUGCHEMICAL"", ""score"": 0.99455, ""start"": 112, ""end"": 117}]"
341,utt_id_train_000342,VietMed_011,6.0,0.0,nắm được hay là nắm nó khó hay là nắm nó không có khỏe chắc chắn lắm không nắm được luôn,0,[]
342,utt_id_train_000343,VietMed_011,6.0,0.315789,tức là vác đi xe bị ngã phải không ạ vâng dạ vâng và có chấn,0,[]
343,utt_id_train_000344,VietMed_011,6.0,0.0,lại được là rõ ràng có vấn đề rồi chúng ta cần phải tìm cách để điều trị ở đây chúng ta sẽ phải nhận định hai cái việc,1,"[{""text"": ""điều trị"", ""label"": ""TREATMENT"", ""score"": 0.998373, ""start"": 64, ""end"": 72}]"
344,utt_id_train_000345,VietMed_011,7.0,0.0,này đã làm thế nào để chúng ta điều trị từ gốc rễ thì lúc đấy chúng ta sẽ có một cái phác đồ cụ thể để có thể khắc phục,2,"[{""text"": ""điều trị"", ""label"": ""TREATMENT"", ""score"": 0.998447, ""start"": 31, ""end"": 39}, {""text"": ""phác đồ"", ""label"": ""MEDDEVICETECHNIQUE"", ""score"": 0.986834, ""start"": 85, ""end"": 92}]"
345,utt_id_train_000346,VietMed_011,6.0,0.0,dày của bác là hết sức là quan trọng tuy nhiên chúng ta cũng cần phải nói rằng là mặc dù cái cái thuốc chống viêm corticoid,2,"[{""text"": ""bác"", ""label"": ""AGE"", ""score"": 0.996411, ""start"": 8, ""end"": 11}, {""text"": ""thuốc chống viêm corticoid"", ""label"": ""DRUGCHEMICAL"", ""score"": 0.989813, ""start"": 97, ""end"": 123}]"
346,utt_id_train_000347,VietMed_011,5.0,0.0,nó bị lộ ra ngoài ví dụ như là tay áo mình có thể mặc đã áo dài tay nhưng mà,0,[]
347,utt_id_train_000348,VietMed_011,6.0,0.0,phần hoặc là khắc phục một phần những cái vấn đề mà mình đang gặp phải thì ở đây trước hết là chúng tôi sẽ muốn là,1,"[{""text"": ""một phần"", ""label"": ""UNITCALIBRATOR"", ""score"": 0.995435, ""start"": 23, ""end"": 31}]"
348,utt_id_train_000349,VietMed_011,6.0,0.107143,kia như thế này nó sẽ ảnh hưởng rất là nhiều đến các cái khớp các cái xương vì sao vì khi chúng ta không vẫn đang,2,"[{""text"": ""các cái khớp"", ""label"": ""ORGAN"", ""score"": 0.996352, ""start"": 49, ""end"": 61}, {""text"": ""cái xương"", ""label"": ""ORGAN"", ""score"": 0.855502, ""start"": 66, ""end"": 75}]"
349,utt_id_train_000350,VietMed_011,6.0,0.0,cả những cái chuyện đó đối với người bình thường đã nặng nhưng mà đối với bác có nguy cơ nặng lên rất nhiều và nếu cái,2,"[{""text"": ""bác"", ""label"": ""AGE"", ""score"": 0.995909, ""start"": 74, ""end"": 77}, {""text"": ""rất nhiều"", ""label"": ""UNITCALIBRATOR"", ""score"": 0.994204, ""start"": 98, ""end"": 107}]"
350,utt_id_train_000351,VietMed_011,7.0,0.0,các cái câu chuyện liên quan đến cái hệ hô hấp và hệ mạch máu như thế nào thì các cái nguy cơ lên lên lên cái mạch máu,2,"[{""text"": ""mạch máu"", ""label"": ""ORGAN"", ""score"": 0.998295, ""start"": 53, ""end"": 61}, {""text"": ""mạch máu"", ""label"": ""ORGAN"", ""score"": 0.998176, ""start"": 110, ""end"": 118}]"
351,utt_id_train_000352,VietMed_011,6.0,0.0,cái đau thắt lưng thế nhưng mà đối với những cái người ở đặc biệt ở cái lứa tuổi trung niên thì rất là dễ gặp vì,3,"[{""text"": ""đau"", ""label"": ""DISEASESYMTOM"", ""score"": 0.998457, ""start"": 4, ""end"": 7}, {""text"": ""thắt lưng"", ""label"": ""ORGAN"", ""score"": 0.993191, ""start"": 8, ""end"": 17}, {""text"": ""tuổi trung niên"", ""label"": ""AGE"", ""score"": 0.934676, ""start"": 76, ""end"": 91}]"
352,utt_id_train_000353,VietMed_011,6.0,0.0,đến bệnh viện để có cái thăm khám cũng như là đánh giá một cách chính xác thì sẽ rất là tốt và nếu mà bác chưa có điều,4,"[{""text"": ""bệnh viện"", ""label"": ""LOCATION"", ""score"": 0.977904, ""start"": 4, ""end"": 13}, {""text"": ""thăm khám"", ""label"": ""TREATMENT"", ""score"": 0.997359, ""start"": 24, ""end"": 33}, {""text"": ""đánh giá"", ""label"": ""TREATMENT"", ""score"": 0.997361, ""start"": 46, ""end"": 54}, {""text"": ""bác"", ""label"": ""AGE"", ""score"": 0.995602, ""start"": 102, ""end"": 105}]"
353,utt_id_train_000354,VietMed_011,5.0,0.0,chẳng may bác ngã mà nó lại gãy xương thì tất cả những cái câu chuyện đó nó lại trở nên là không có ý nghĩa cho nên cái,2,"[{""text"": ""bác"", ""label"": ""AGE"", ""score"": 0.995685, ""start"": 10, ""end"": 13}, {""text"": ""gãy xương"", ""label"": ""DISEASESYMTOM"", ""score"": 0.994424, ""start"": 28, ""end"": 37}]"
354,utt_id_train_000355,VietMed_011,7.0,0.0,rất là vui mừng vì đã mang lại một cái sản phẩm tốt và có hiệu quả cao để hỗ trợ cho hàng triệu người bị đau cơ xương,5,"[{""text"": ""hiệu quả cao"", ""label"": ""UNITCALIBRATOR"", ""score"": 0.993276, ""start"": 58, ""end"": 70}, {""text"": ""hỗ trợ"", ""label"": ""MEDDEVICETECHNIQUE"", ""score"": 0.991769, ""start"": 74, ""end"": 80}, {""text"": ""đau"", ""label"": ""DISEASESYMTOM"", ""score"": 0.99848, ""start"": 105, ""end"": 108}, {""text"": ""cơ"", ""label"": ""ORGAN"", ""score"": 0.997089, ""start"": 109, ""end"": 111}, {""text"": ""xương"", ""label"": ""ORGAN"", ""score"": 0.99675, ""start"": 112, ""end"": 117}]"
355,utt_id_train_000356,VietMed_011,7.0,0.0,chúng ta nên hạn chế các cái tác động vào cái vùng gót chân này cụ thể là gì ạ chúng ta không nên đi bộ nhiều này chúng,3,"[{""text"": ""vùng gót chân"", ""label"": ""ORGAN"", ""score"": 0.995113, ""start"": 46, ""end"": 59}, {""text"": ""không nên"", ""label"": ""PERSONALCARE"", ""score"": 0.951418, ""start"": 88, ""end"": 97}, {""text"": ""đi bộ nhiều"", ""label"": ""PERSONALCARE"", ""score"": 0.947925, ""start"": 98, ""end"": 109}]"
356,utt_id_train_000357,VietMed_011,6.0,0.0,cuối cùng nhưng mà còn một cái câu chuyện thứ ba nữa là liên quan đến cái vấn đề mạch máu mạch máu ở cái vùng chi,3,"[{""text"": ""mạch máu"", ""label"": ""ORGAN"", ""score"": 0.998233, ""start"": 81, ""end"": 89}, {""text"": ""mạch máu"", ""label"": ""ORGAN"", ""score"": 0.998227, ""start"": 90, ""end"": 98}, {""text"": ""vùng chi"", ""label"": ""ORGAN"", ""score"": 0.99744, ""start"": 105, ""end"": 113}]"
357,utt_id_train_000358,VietMed_011,7.0,0.0,còn phục hồi sụn khớp thoái có hiệu quả muốn hỗ trợ giảm đau xương khớp thoái hóa nói chung thì phải đáp ứng được ba,6,"[{""text"": ""phục hồi"", ""label"": ""MEDDEVICETECHNIQUE"", ""score"": 0.982666, ""start"": 4, ""end"": 12}, {""text"": ""sụn khớp thoái"", ""label"": ""DISEASESYMTOM"", ""score"": 0.997882, ""start"": 13, ""end"": 27}, {""text"": ""hỗ trợ"", ""label"": ""MEDDEVICETECHNIQUE"", ""score"": 0.99259, ""start"": 45, ""end"": 51}, {""text"": ""đau"", ""label"": ""DISEASESYMTOM"", ""score"": 0.998395, ""start"": 57, ""end"": 60}, {""text"": ""xương khớp"", ""label"": ""ORGAN"", ""score"": 0.997566, ""start"": 61, ""end"": 71}, {""text"": ""thoái hóa"", ""label"": ""DISEASESYMTOM"", ""score"": 0.997898, ""start"": 72, ""end"": 81}]"
358,utt_id_train_000359,VietMed_011,6.0,0.166667,cũng là cái tuổi mà chúng ta rất là dễ có rất nhiều các cái thoái hóa rồi chỉ có điều là nó ảnh hưởng nhiều nhưng mà,2,"[{""text"": ""rất nhiều"", ""label"": ""UNITCALIBRATOR"", ""score"": 0.99513, ""start"": 42, ""end"": 51}, {""text"": ""thoái hóa"", ""label"": ""DISEASESYMTOM"", ""score"": 0.998594, ""start"": 60, ""end"": 69}]"
359,utt_id_train_000360,VietMed_011,6.0,0.0,đau nhức nhiều hơn tuy nhiên còn một cái câu chuyện khác mà chúng ta phải phân biệt là thế vậy thì thì cái đau mà do cơ,3,"[{""text"": ""đau nhức"", ""label"": ""DISEASESYMTOM"", ""score"": 0.998504, ""start"": 0, ""end"": 8}, {""text"": ""đau"", ""label"": ""DISEASESYMTOM"", ""score"": 0.998519, ""start"": 107, ""end"": 110}, {""text"": ""cơ"", ""label"": ""ORGAN"", ""score"": 0.998309, ""start"": 117, ""end"": 119}]"
360,utt_id_train_000361,VietMed_011,6.0,0.0,cái động tác giúp cải thiện cái tuần hoàn của các cái vùng của cơ thể của chúng ta thì bản thân bác sĩ nhiều khi,3,"[{""text"": ""cải thiện"", ""label"": ""TREATMENT"", ""score"": 0.997423, ""start"": 18, ""end"": 27}, {""text"": ""cơ thể"", ""label"": ""ORGAN"", ""score"": 0.997592, ""start"": 63, ""end"": 69}, {""text"": ""bác sĩ"", ""label"": ""OCCUPATION"", ""score"": 0.997894, ""start"": 96, ""end"": 102}]"
361,utt_id_train_000362,VietMed_011,6.0,0.0,gì tôi phải đi khám nhiều nơi quá mà chẳng nơi nào chẩn đoán ra bệnh cả thực ra là gì ạ chúng ta cũng cần nhớ rằng là,2,"[{""text"": ""khám"", ""label"": ""DIAGNOSTICS"", ""score"": 0.99415, ""start"": 15, ""end"": 19}, {""text"": ""chẩn đoán"", ""label"": ""DIAGNOSTICS"", ""score"": 0.988069, ""start"": 51, ""end"": 60}]"
362,utt_id_train_000363,VietMed_011,7.0,0.0,thắt lưng trước rồi sau đó thì mình cũng nên thu xếp một cái thời gian phù để để đi thăm khám nhớ tránh cái tình trạng bị,3,"[{""text"": ""thắt lưng"", ""label"": ""ORGAN"", ""score"": 0.98715, ""start"": 0, ""end"": 9}, {""text"": ""thời gian"", ""label"": ""DATETIME"", ""score"": 0.99649, ""start"": 61, ""end"": 70}, {""text"": ""thăm khám"", ""label"": ""TREATMENT"", ""score"": 0.996544, ""start"": 84, ""end"": 93}]"
363,utt_id_train_000364,VietMed_011,7.0,0.0,kinh nên đi lại khó thì cái việc mà bác sử dụng các cái thuốc mà chống viêm theo cái biện pháp như kga1 như chúng tôi,4,"[{""text"": ""bác"", ""label"": ""AGE"", ""score"": 0.99606, ""start"": 36, ""end"": 39}, {""text"": ""thuốc"", ""label"": ""DRUGCHEMICAL"", ""score"": 0.997151, ""start"": 56, ""end"": 61}, {""text"": ""viêm"", ""label"": ""DISEASESYMTOM"", ""score"": 0.998311, ""start"": 71, ""end"": 75}, {""text"": ""kga1"", ""label"": ""DRUGCHEMICAL"", ""score"": 0.863401, ""start"": 99, ""end"": 103}]"
364,utt_id_train_000365,VietMed_011,6.0,0.0,nhiều hơn thì rất cần cái đai đó cái thứ hai nữa là chúng ta cũng nên hạn chế cái việc mà đi lại nhiều đây là trả lời,2,"[{""text"": ""cái thứ hai"", ""label"": ""UNITCALIBRATOR"", ""score"": 0.996271, ""start"": 33, ""end"": 44}, {""text"": ""đi lại nhiều"", ""label"": ""PERSONALCARE"", ""score"": 0.990621, ""start"": 90, ""end"": 102}]"
365,utt_id_train_000366,VietMed_011,5.0,0.0,bây giờ thì ở đầu dây bên kia chúng tôi cũng xin được kết nối với vị khán giả tiếp theo xin được kết nối cho tôi với,2,"[{""text"": ""bây giờ"", ""label"": ""DATETIME"", ""score"": 0.996536, ""start"": 0, ""end"": 7}, {""text"": ""khán giả"", ""label"": ""OCCUPATION"", ""score"": 0.992245, ""start"": 69, ""end"": 77}]"
366,utt_id_train_000367,VietMed_011,5.0,0.241379,mà nó không có ảnh hưởng đến dạ dày chắc chắn là như vậy bởi vì vốn dĩ là nó cũng đã bỏ ra các,1,"[{""text"": ""dạ dày"", ""label"": ""ORGAN"", ""score"": 0.997704, ""start"": 29, ""end"": 35}]"
367,utt_id_train_000368,VietMed_011,6.0,0.0,tăng thêm một số các cái chất mà nó có nhiều canxi hơn ví dụ như một số loài thịt cá,2,"[{""text"": ""canxi"", ""label"": ""DRUGCHEMICAL"", ""score"": 0.991148, ""start"": 45, ""end"": 50}, {""text"": ""thịt cá"", ""label"": ""FOODDRINK"", ""score"": 0.990372, ""start"": 77, ""end"": 84}]"
368,utt_id_train_000369,VietMed_011,6.0,0.0,ở các cái bệnh viện đặc biệt là ở chuyên khoa nếu mà bác có bảo hiểm thì có thể bác đi khám ở các cái bệnh viện gần nhà,7,"[{""text"": ""bệnh viện"", ""label"": ""LOCATION"", ""score"": 0.983264, ""start"": 10, ""end"": 19}, {""text"": ""chuyên khoa"", ""label"": ""LOCATION"", ""score"": 0.986648, ""start"": 34, ""end"": 45}, {""text"": ""bác"", ""label"": ""AGE"", ""score"": 0.996282, ""start"": 53, ""end"": 56}, {""text"": ""bác"", ""label"": ""AGE"", ""score"": 0.996477, ""start"": 80, ""end"": 83}, {""text"": ""khám"", ""label"": ""DIAGNOSTICS"", ""score"": 0.99185, ""start"": 87, ""end"": 91}, {""text"": ""bệnh viện"", ""label"": ""LOCATION"", ""score"": 0.984253, ""start"": 102, ""end"": 111}, {""text"": ""nhà"", ""label"": ""LOCATION"", ""score"": 0.969958, ""start"": 116, ""end"": 119}]"
369,utt_id_train_000370,VietMed_011,6.0,0.275862,khuyên rằng là chúng ta nên có cái sự nghỉ ngơi phù hợp có thể là một vài ngày tùy vào cái mức độ bệnh thật hoặc là,4,"[{""text"": ""nghỉ ngơi"", ""label"": ""PERSONALCARE"", ""score"": 0.98565, ""start"": 38, ""end"": 47}, {""text"": ""một vài"", ""label"": ""UNITCALIBRATOR"", ""score"": 0.979203, ""start"": 66, ""end"": 73}, {""text"": ""ngày"", ""label"": ""DATETIME"", ""score"": 0.866827, ""start"": 74, ""end"": 78}, {""text"": ""mức độ"", ""label"": ""UNITCALIBRATOR"", ""score"": 0.994701, ""start"": 91, ""end"": 97}]"
370,utt_id_train_000371,VietMed_011,6.0,0.0,đau gối ạ nói chung là đau hai gối này lưng này,5,"[{""text"": ""đau"", ""label"": ""DISEASESYMTOM"", ""score"": 0.998292, ""start"": 0, ""end"": 3}, {""text"": ""gối"", ""label"": ""ORGAN"", ""score"": 0.99325, ""start"": 4, ""end"": 7}, {""text"": ""đau"", ""label"": ""DISEASESYMTOM"", ""score"": 0.998405, ""start"": 23, ""end"": 26}, {""text"": ""gối"", ""label"": ""ORGAN"", ""score"": 0.995661, ""start"": 31, ""end"": 34}, {""text"": ""lưng"", ""label"": ""ORGAN"", ""score"": 0.997622, ""start"": 39, ""end"": 43}]"
371,utt_id_train_000372,VietMed_011,6.0,0.0,chúng ta ngồi nó đỡ hơn đấy là một cái bằng chứng nó rất là là là là phù hợp với các cái bệnh lý thoái hóa cột sống,1,"[{""text"": ""bệnh lý thoái hóa cột sống"", ""label"": ""DISEASESYMTOM"", ""score"": 0.99832, ""start"": 89, ""end"": 115}]"
372,utt_id_train_000373,VietMed_011,6.0,0.0,thực tế và ngoài ra chúng ta cũng lại có thể phối hợp với các cái bài thuốc cổ,1,"[{""text"": ""thuốc"", ""label"": ""DRUGCHEMICAL"", ""score"": 0.995933, ""start"": 70, ""end"": 75}]"
373,utt_id_train_000374,VietMed_011,7.0,0.0,cái bệnh lý này mà mình lại chỉ đi tìm ở những cái chỗ mà nó hay gặp thì đôi khi mình bỏ sót những cái biểu hiện chính vì,1,"[{""text"": ""bệnh lý"", ""label"": ""DISEASESYMTOM"", ""score"": 0.998533, ""start"": 4, ""end"": 11}]"
374,utt_id_train_000375,VietMed_011,6.0,0.0,chân nâng tay ví dụ như vậy hoặc nếu mà bác có thể ngồi dậy được thì bác cũng có thể tập ở cái tư thế thế ngồi nhưng mà,4,"[{""text"": ""chân"", ""label"": ""ORGAN"", ""score"": 0.997003, ""start"": 0, ""end"": 4}, {""text"": ""tay"", ""label"": ""ORGAN"", ""score"": 0.995177, ""start"": 10, ""end"": 13}, {""text"": ""bác"", ""label"": ""AGE"", ""score"": 0.996312, ""start"": 40, ""end"": 43}, {""text"": ""bác"", ""label"": ""AGE"", ""score"": 0.996425, ""start"": 69, ""end"": 72}]"
375,utt_id_train_000376,VietMed_011,5.0,0.269231,là người ta không biết phải làm như thế nào để giải quyết cho nên cái việc mà bác đặt câu hỏi với chương trình là gì,1,"[{""text"": ""bác"", ""label"": ""AGE"", ""score"": 0.996002, ""start"": 78, ""end"": 81}]"
376,utt_id_train_000377,VietMed_011,6.0,0.0,ta vẫn tiếp tục sử dụng ngâm với củ địa liền để xoa bóp các cái xương khớp như thế này đau nhức xương khớp vào cái mùa,4,"[{""text"": ""xoa bóp"", ""label"": ""TREATMENT"", ""score"": 0.99175, ""start"": 48, ""end"": 55}, {""text"": ""cái xương khớp"", ""label"": ""ORGAN"", ""score"": 0.853044, ""start"": 60, ""end"": 74}, {""text"": ""đau nhức"", ""label"": ""DISEASESYMTOM"", ""score"": 0.998618, ""start"": 87, ""end"": 95}, {""text"": ""xương khớp"", ""label"": ""ORGAN"", ""score"": 0.99689, ""start"": 96, ""end"": 106}]"
377,utt_id_train_000378,VietMed_011,6.0,0.0,đau nhức ở những mùa rét là nó đau nó kíp ở các,2,"[{""text"": ""đau nhức"", ""label"": ""DISEASESYMTOM"", ""score"": 0.998544, ""start"": 0, ""end"": 8}, {""text"": ""đau"", ""label"": ""DISEASESYMTOM"", ""score"": 0.998532, ""start"": 31, ""end"": 34}]"
378,utt_id_train_000379,VietMed_011,6.0,0.0,rất nhiều người là gì ạ chảy máu dạ dày thậm chí là thủng dạ dày thậm chí là ngày xưa thì cái tỷ lệ những cái người,6,"[{""text"": ""rất nhiều"", ""label"": ""UNITCALIBRATOR"", ""score"": 0.993979, ""start"": 0, ""end"": 9}, {""text"": ""chảy máu"", ""label"": ""DISEASESYMTOM"", ""score"": 0.998581, ""start"": 24, ""end"": 32}, {""text"": ""dạ dày"", ""label"": ""ORGAN"", ""score"": 0.997783, ""start"": 33, ""end"": 39}, {""text"": ""dạ dày"", ""label"": ""ORGAN"", ""score"": 0.997497, ""start"": 58, ""end"": 64}, {""text"": ""ngày xưa"", ""label"": ""DATETIME"", ""score"": 0.993604, ""start"": 77, ""end"": 85}, {""text"": ""cái tỷ lệ"", ""label"": ""UNITCALIBRATOR"", ""score"": 0.995343, ""start"": 90, ""end"": 99}]"
379,utt_id_train_000380,VietMed_011,7.0,0.068966,rất là dễ gặp ở cái độ tuổi này và cái việc thông thường là gì ạ người ta sẽ được chẩn đoán rất là mụn vì sao có những,2,"[{""text"": ""chẩn đoán"", ""label"": ""DIAGNOSTICS"", ""score"": 0.982087, ""start"": 82, ""end"": 91}, {""text"": ""mụn"", ""label"": ""DISEASESYMTOM"", ""score"": 0.989184, ""start"": 99, ""end"": 102}]"
380,utt_id_train_000381,VietMed_011,6.0,0.0,chúng ta đi khám một nơi hai nơi ba nơi nó chưa ra vấn đề nó cũng không phải là không có ích mà nó sẽ có ích cho những,3,"[{""text"": ""khám"", ""label"": ""DIAGNOSTICS"", ""score"": 0.986319, ""start"": 12, ""end"": 16}, {""text"": ""một nơi"", ""label"": ""LOCATION"", ""score"": 0.962292, ""start"": 17, ""end"": 24}, {""text"": ""hai nơi"", ""label"": ""LOCATION"", ""score"": 0.954672, ""start"": 25, ""end"": 32}]"
381,utt_id_train_000382,VietMed_011,5.0,0.0,hà nội thì bác sĩ cũng đã tư vấn khá là chi tiết rồi và bác cũng nên tìm ra cái nguyên nhân sâu xa hơn của bệnh lý của,5,"[{""text"": ""hà nội"", ""label"": ""LOCATION"", ""score"": 0.974519, ""start"": 0, ""end"": 6}, {""text"": ""bác sĩ"", ""label"": ""OCCUPATION"", ""score"": 0.997734, ""start"": 11, ""end"": 17}, {""text"": ""tư vấn"", ""label"": ""PERSONALCARE"", ""score"": 0.994283, ""start"": 26, ""end"": 32}, {""text"": ""bác"", ""label"": ""AGE"", ""score"": 0.995871, ""start"": 56, ""end"": 59}, {""text"": ""bệnh lý"", ""label"": ""DISEASESYMTOM"", ""score"": 0.998273, ""start"": 107, ""end"": 114}]"
382,utt_id_train_000383,VietMed_011,7.0,0.0,nên các cái nhóm thuốc giảm đau trong cái điều trị bệnh lý xương khớp nó có một vai trò hết sức là quan trọng và chúng tôi có hai cái nhóm lớn trong cái,3,"[{""text"": ""thuốc giảm đau"", ""label"": ""DRUGCHEMICAL"", ""score"": 0.993095, ""start"": 17, ""end"": 31}, {""text"": ""điều trị bệnh lý"", ""label"": ""TREATMENT"", ""score"": 0.996631, ""start"": 42, ""end"": 58}, {""text"": ""xương khớp"", ""label"": ""ORGAN"", ""score"": 0.997069, ""start"": 59, ""end"": 69}]"
383,utt_id_train_000384,VietMed_011,5.0,0.0,nó thiếu như nào hệ xương của chúng ta nó bị loãng xương như thế nào để có bác sĩ có cái biện pháp là cho thuốc một,4,"[{""text"": ""xương"", ""label"": ""ORGAN"", ""score"": 0.998254, ""start"": 20, ""end"": 25}, {""text"": ""loãng xương"", ""label"": ""DISEASESYMTOM"", ""score"": 0.997226, ""start"": 45, ""end"": 56}, {""text"": ""bác sĩ"", ""label"": ""OCCUPATION"", ""score"": 0.997859, ""start"": 75, ""end"": 81}, {""text"": ""thuốc"", ""label"": ""DRUGCHEMICAL"", ""score"": 0.993751, ""start"": 106, ""end"": 111}]"
384,utt_id_train_000385,VietMed_011,6.0,0.0,dù bác bảo là nó chưa phá ra nhưng mà chúng tôi thấy là nó phá ra rất nhiều phá ra cái gì ạ bác đã dùng corticoid,4,"[{""text"": ""bác"", ""label"": ""AGE"", ""score"": 0.996514, ""start"": 3, ""end"": 6}, {""text"": ""rất nhiều"", ""label"": ""UNITCALIBRATOR"", ""score"": 0.994118, ""start"": 66, ""end"": 75}, {""text"": ""bác"", ""label"": ""AGE"", ""score"": 0.996597, ""start"": 92, ""end"": 95}, {""text"": ""corticoid"", ""label"": ""DRUGCHEMICAL"", ""score"": 0.974629, ""start"": 104, ""end"": 113}]"
385,utt_id_train_000386,VietMed_011,6.0,0.0,chú đá bóng rồi chú trồng cây tưới nước thoải mái không phải lo nghĩ gì về cái,2,"[{""text"": ""chú"", ""label"": ""GENDER"", ""score"": 0.969059, ""start"": 0, ""end"": 3}, {""text"": ""chú"", ""label"": ""GENDER"", ""score"": 0.969052, ""start"": 16, ""end"": 19}]"
386,utt_id_train_000387,VietMed_011,6.0,0.130435,phục cũng sẽ rất là khó khăn cũng xin là mong là bác có thể có được cái liệu trình điều trị phù hợp,2,"[{""text"": ""bác"", ""label"": ""AGE"", ""score"": 0.995948, ""start"": 49, ""end"": 52}, {""text"": ""điều trị"", ""label"": ""TREATMENT"", ""score"": 0.998345, ""start"": 83, ""end"": 91}]"
387,utt_id_train_000388,VietMed_011,7.0,0.0,cảm ơn câu hỏi của quý khán giả ở bắc giang ở đây thì chúng ta cũng không biết chính xác là bác bao nhiêu tuổi rồi công,3,"[{""text"": ""khán giả"", ""label"": ""OCCUPATION"", ""score"": 0.987521, ""start"": 23, ""end"": 31}, {""text"": ""bắc giang"", ""label"": ""LOCATION"", ""score"": 0.89072, ""start"": 34, ""end"": 43}, {""text"": ""bác"", ""label"": ""AGE"", ""score"": 0.995349, ""start"": 92, ""end"": 95}]"
388,utt_id_train_000389,VietMed_011,6.0,0.0,nào nhưng mà ở đây chúng tôi cũng xin là trình bày theo hai cái vấn đề cái thứ nhất nó liên quan đến cái bệnh lý và cái,2,"[{""text"": ""thứ nhất"", ""label"": ""UNITCALIBRATOR"", ""score"": 0.995888, ""start"": 75, ""end"": 83}, {""text"": ""bệnh lý"", ""label"": ""DISEASESYMTOM"", ""score"": 0.99858, ""start"": 105, ""end"": 112}]"
389,utt_id_train_000390,VietMed_011,6.0,0.0,hành phòng chống thoái hóa khớp đấy thì chính là những cái lời khuyên mà chúng tôi cứ nghĩ rằng là mặc dù nó rất là,2,"[{""text"": ""phòng chống"", ""label"": ""PREVENTIVEMED"", ""score"": 0.993314, ""start"": 5, ""end"": 16}, {""text"": ""thoái hóa khớp"", ""label"": ""DISEASESYMTOM"", ""score"": 0.996518, ""start"": 17, ""end"": 31}]"
390,utt_id_train_000391,VietMed_011,6.0,0.0,dưới cũng là một cái vấn đề rất là quan trọng thường nó có thể gây lên những cái đau ở cái vùng cột sống đau lên đỡ cái,3,"[{""text"": ""đau"", ""label"": ""DISEASESYMTOM"", ""score"": 0.998523, ""start"": 81, ""end"": 84}, {""text"": ""cột sống"", ""label"": ""ORGAN"", ""score"": 0.996916, ""start"": 96, ""end"": 104}, {""text"": ""đau"", ""label"": ""DISEASESYMTOM"", ""score"": 0.99844, ""start"": 105, ""end"": 108}]"
391,utt_id_train_000392,VietMed_011,6.0,0.0,là trong trường hợp này hoàn toàn là bác nên cân nhắc để sử dụng nhưng chúng ta cần phải có cái tiếp tục thăm khám cũng,2,"[{""text"": ""bác"", ""label"": ""AGE"", ""score"": 0.996374, ""start"": 37, ""end"": 40}, {""text"": ""thăm khám"", ""label"": ""TREATMENT"", ""score"": 0.997449, ""start"": 105, ""end"": 114}]"
392,utt_id_train_000393,VietMed_011,5.0,0.0,thăm khám đối với những cái người mà có các cái vấn đề như thế này bao giờ chúng tôi cũng xem là cái công việc cũng như,1,"[{""text"": ""thăm khám"", ""label"": ""TREATMENT"", ""score"": 0.997568, ""start"": 0, ""end"": 9}]"
393,utt_id_train_000394,VietMed_011,7.0,0.0,dành cho khán giả để có thể khắc phục được tình trạng khi mà thời tiết chuyển mùa không ạ rất là cảm ơn cái câu hỏi,1,"[{""text"": ""khán giả"", ""label"": ""OCCUPATION"", ""score"": 0.991989, ""start"": 9, ""end"": 17}]"
394,utt_id_train_000395,VietMed_011,6.0,0.0,tôi đang nghĩ đến một số các cái nhóm bệnh lý khác mà chúng tôi gọi là những nhóm bệnh lý cột sống huyết thanh âm,4,"[{""text"": ""bệnh lý"", ""label"": ""DISEASESYMTOM"", ""score"": 0.998425, ""start"": 38, ""end"": 45}, {""text"": ""bệnh lý"", ""label"": ""DISEASESYMTOM"", ""score"": 0.99822, ""start"": 82, ""end"": 89}, {""text"": ""cột sống"", ""label"": ""ORGAN"", ""score"": 0.996933, ""start"": 90, ""end"": 98}, {""text"": ""huyết thanh"", ""label"": ""DRUGCHEMICAL"", ""score"": 0.985546, ""start"": 99, ""end"": 110}]"
395,utt_id_train_000396,VietMed_011,6.0,0.0,uống phù hợp như thế nào thì thì cái câu hỏi của bác đặt ra rất phù hợp là ở khía cạnh như vậy cho nên lời khuyên đầu tiên,1,"[{""text"": ""bác"", ""label"": ""AGE"", ""score"": 0.996185, ""start"": 49, ""end"": 52}]"
396,utt_id_train_000397,VietMed_011,6.0,0.0,cho nên là tựu chung lại lời khuyên của chúng tôi bây giờ là thứ nhất là mình nên đi thăm khám ở cái cơ sở chuyên khoa,4,"[{""text"": ""bây giờ"", ""label"": ""DATETIME"", ""score"": 0.996808, ""start"": 50, ""end"": 57}, {""text"": ""thứ nhất"", ""label"": ""UNITCALIBRATOR"", ""score"": 0.996325, ""start"": 61, ""end"": 69}, {""text"": ""thăm khám"", ""label"": ""TREATMENT"", ""score"": 0.995908, ""start"": 85, ""end"": 94}, {""text"": ""chuyên khoa"", ""label"": ""LOCATION"", ""score"": 0.986244, ""start"": 107, ""end"": 118}]"
397,utt_id_train_000398,VietMed_011,5.0,0.0,tác động một cách liên tục nó không được thay đổi không được tăng giảm cái thứ hai cơ gân của chúng ta nó bị căng mà,3,"[{""text"": ""cái thứ hai"", ""label"": ""UNITCALIBRATOR"", ""score"": 0.99607, ""start"": 71, ""end"": 82}, {""text"": ""cơ"", ""label"": ""ORGAN"", ""score"": 0.99803, ""start"": 83, ""end"": 85}, {""text"": ""gân"", ""label"": ""ORGAN"", ""score"": 0.986038, ""start"": 86, ""end"": 89}]"
398,utt_id_train_000399,VietMed_011,6.0,0.0,của não lại cũng rất là cao cho nên người ta cũng sẽ phải cân nhắc cái câu chuyện là chúng ta phải phòng tránh những cái nguy cơ đó phòng tránh những,4,"[{""text"": ""não"", ""label"": ""ORGAN"", ""score"": 0.997636, ""start"": 4, ""end"": 7}, {""text"": ""cao"", ""label"": ""UNITCALIBRATOR"", ""score"": 0.996402, ""start"": 24, ""end"": 27}, {""text"": ""phòng tránh"", ""label"": ""PREVENTIVEMED"", ""score"": 0.994042, ""start"": 99, ""end"": 110}, {""text"": ""phòng tránh"", ""label"": ""PREVENTIVEMED"", ""score"": 0.994155, ""start"": 132, ""end"": 143}]"
399,utt_id_train_000400,VietMed_011,7.0,0.0,không phải là một sớm một chiều rồi bác có thể kết được nhiều bài tập này rồi là kết hợp trong cái thói quen sinh hoạt,1,"[{""text"": ""bác"", ""label"": ""AGE"", ""score"": 0.995676, ""start"": 36, ""end"": 39}]"
400,utt_id_train_000401,VietMed_011,6.0,0.0,dây thần kinh và mạch máu khi đi xuống cái bàn tay nó sẽ đi qua cái vùng cổ tay như thế này và nếu mà cái chỗ này nó bị,5,"[{""text"": ""dây thần kinh"", ""label"": ""ORGAN"", ""score"": 0.997583, ""start"": 0, ""end"": 13}, {""text"": ""mạch máu"", ""label"": ""ORGAN"", ""score"": 0.997707, ""start"": 17, ""end"": 25}, {""text"": ""bàn tay"", ""label"": ""ORGAN"", ""score"": 0.99756, ""start"": 43, ""end"": 50}, {""text"": ""vùng"", ""label"": ""ORGAN"", ""score"": 0.982046, ""start"": 68, ""end"": 72}, {""text"": ""cổ tay"", ""label"": ""ORGAN"", ""score"": 0.995343, ""start"": 73, ""end"": 79}]"
401,utt_id_train_000402,VietMed_011,5.0,0.0,trong cái câu chuyện mà điều trị các cái bệnh gút vì sao bệnh gút nó sẽ gây ra phá hủy rất là nhiều các cái bệnh khớp,4,"[{""text"": ""điều trị"", ""label"": ""TREATMENT"", ""score"": 0.998327, ""start"": 24, ""end"": 32}, {""text"": ""bệnh gút"", ""label"": ""DISEASESYMTOM"", ""score"": 0.99873, ""start"": 41, ""end"": 49}, {""text"": ""bệnh gút"", ""label"": ""DISEASESYMTOM"", ""score"": 0.99874, ""start"": 57, ""end"": 65}, {""text"": ""khớp"", ""label"": ""ORGAN"", ""score"": 0.994223, ""start"": 113, ""end"": 117}]"
402,utt_id_train_000403,VietMed_011,6.0,0.0,cũng gây ra cái thiếu mạch máu não thiếu oxy lên não và thiếu oxy lên não thì nó cũng gây co thắt cái mạch máu não và,8,"[{""text"": ""mạch máu"", ""label"": ""ORGAN"", ""score"": 0.998021, ""start"": 22, ""end"": 30}, {""text"": ""não"", ""label"": ""ORGAN"", ""score"": 0.997165, ""start"": 31, ""end"": 34}, {""text"": ""thiếu oxy"", ""label"": ""DISEASESYMTOM"", ""score"": 0.994789, ""start"": 35, ""end"": 44}, {""text"": ""não"", ""label"": ""ORGAN"", ""score"": 0.998137, ""start"": 49, ""end"": 52}, {""text"": ""thiếu oxy"", ""label"": ""DISEASESYMTOM"", ""score"": 0.994188, ""start"": 56, ""end"": 65}, {""text"": ""não"", ""label"": ""ORGAN"", ""score"": 0.998066, ""start"": 70, ""end"": 73}, {""text"": ""mạch máu"", ""label"": ""ORGAN"", ""score"": 0.998093, ""start"": 102, ""end"": 110}, {""text"": ""não"", ""label"": ""ORGAN"", ""score"": 0.996538, ""start"": 111, ""end"": 114}]"
403,utt_id_train_000404,VietMed_011,6.0,0.0,quan đến hệ gen di truyền ví dụ như vậy có một cái bệnh rất là dễ dễ biết này và,2,"[{""text"": ""gen"", ""label"": ""ORGAN"", ""score"": 0.996585, ""start"": 12, ""end"": 15}, {""text"": ""di truyền"", ""label"": ""DISEASESYMTOM"", ""score"": 0.997716, ""start"": 16, ""end"": 25}]"
404,utt_id_train_000405,VietMed_011,6.0,0.037037,bệnh lý mà thoái hóa khớp của của bác thì nó cũng có thể là một trong những cái giải pháp có thể giới thiết cho bác,4,"[{""text"": ""bệnh lý"", ""label"": ""DISEASESYMTOM"", ""score"": 0.998743, ""start"": 0, ""end"": 7}, {""text"": ""thoái hóa khớp"", ""label"": ""DISEASESYMTOM"", ""score"": 0.998424, ""start"": 11, ""end"": 25}, {""text"": ""bác"", ""label"": ""AGE"", ""score"": 0.996381, ""start"": 34, ""end"": 37}, {""text"": ""bác"", ""label"": ""AGE"", ""score"": 0.996695, ""start"": 112, ""end"": 115}]"
405,utt_id_train_000406,VietMed_011,6.0,0.0,nếu nó đã có những cái biểu hiện như vậy một lần hai lần nếu mình không phát hiện ra có nghĩa là những lần tiếp theo nó sẽ,1,"[{""text"": ""hai lần"", ""label"": ""UNITCALIBRATOR"", ""score"": 0.991061, ""start"": 49, ""end"": 56}]"
406,utt_id_train_000407,VietMed_011,6.0,0.241379,máu của chúng ta lưu thông ở một mức độ nó rất là ít và rõ chậm bản thân các cái khớp của chúng ta nó thông qua những cái bệnh,4,"[{""text"": ""máu"", ""label"": ""ORGAN"", ""score"": 0.996634, ""start"": 0, ""end"": 3}, {""text"": ""mức độ"", ""label"": ""UNITCALIBRATOR"", ""score"": 0.99272, ""start"": 33, ""end"": 39}, {""text"": ""chậm"", ""label"": ""DISEASESYMTOM"", ""score"": 0.994774, ""start"": 59, ""end"": 63}, {""text"": ""các cái khớp"", ""label"": ""ORGAN"", ""score"": 0.996922, ""start"": 73, ""end"": 85}]"
407,utt_id_train_000408,VietMed_011,6.0,0.0,vâng thế bây giờ mà bác muốn hỏi cái điều gì nhất ạ,2,"[{""text"": ""bây giờ"", ""label"": ""DATETIME"", ""score"": 0.996712, ""start"": 9, ""end"": 16}, {""text"": ""bác"", ""label"": ""AGE"", ""score"": 0.99593, ""start"": 20, ""end"": 23}]"
408,utt_id_train_000409,VietMed_011,7.0,0.0,là cái mà mình cố sửa nó nhỏ thôi nhưng mà cái động tác mà mình vào đấy để mình sửa thì nó lại ảnh hưởng nhiều hơn chính,0,[]
409,utt_id_train_000410,VietMed_011,6.0,0.148148,nữa như bác sĩ nói thì rất là nhiều đối tượng chúng ta đều có thể mắc cái bệnh cơ xương khớp đúng không ạ vậy thì tuy nhiên thì,2,"[{""text"": ""bác sĩ"", ""label"": ""OCCUPATION"", ""score"": 0.997917, ""start"": 8, ""end"": 14}, {""text"": ""cơ xương khớp"", ""label"": ""ORGAN"", ""score"": 0.997504, ""start"": 79, ""end"": 92}]"
410,utt_id_train_000411,VietMed_011,6.0,0.103448,chúng ta có những cái nhận định một cách là cụ thể hơn và sát sao hơn đấy là cái việc thứ nhất cái việc thứ hai nữa là,1,"[{""text"": ""thứ nhất"", ""label"": ""UNITCALIBRATOR"", ""score"": 0.994868, ""start"": 86, ""end"": 94}]"
411,utt_id_train_000412,VietMed_011,6.0,0.0,khác nhau các vị trí khớp khác nhau trong đó có khớp gối và khi mà cái khớp gối cộng với cái tuổi sáu mươi của mình thoái,4,"[{""text"": ""khớp"", ""label"": ""ORGAN"", ""score"": 0.997029, ""start"": 21, ""end"": 25}, {""text"": ""khớp gối"", ""label"": ""ORGAN"", ""score"": 0.996493, ""start"": 48, ""end"": 56}, {""text"": ""khớp gối"", ""label"": ""ORGAN"", ""score"": 0.996293, ""start"": 71, ""end"": 79}, {""text"": ""cái tuổi sáu mươi"", ""label"": ""AGE"", ""score"": 0.963929, ""start"": 89, ""end"": 106}]"
412,utt_id_train_000413,VietMed_011,7.0,0.0,những cái khó chịu đơn thuần mà nó ảnh hưởng đến cái việc vận động này không thể ngồi được lâu này đứng lên ngồi xuống nó cũng khó khăn như vậy này thì,0,[]
413,utt_id_train_000414,VietMed_011,6.0,0.0,cột sống đau vai gáy đau thần kinh tọa thần kinh liên sườn tê buồn chân tay,8,"[{""text"": ""cột sống"", ""label"": ""ORGAN"", ""score"": 0.995698, ""start"": 0, ""end"": 8}, {""text"": ""đau"", ""label"": ""DISEASESYMTOM"", ""score"": 0.997722, ""start"": 9, ""end"": 12}, {""text"": ""vai"", ""label"": ""ORGAN"", ""score"": 0.978901, ""start"": 13, ""end"": 16}, {""text"": ""gáy"", ""label"": ""ORGAN"", ""score"": 0.988304, ""start"": 17, ""end"": 20}, {""text"": ""đau thần kinh tọa"", ""label"": ""DISEASESYMTOM"", ""score"": 0.997783, ""start"": 21, ""end"": 38}, {""text"": ""thần kinh liên sườn tê"", ""label"": ""DISEASESYMTOM"", ""score"": 0.995619, ""start"": 39, ""end"": 61}, {""text"": ""buồn"", ""label"": ""DISEASESYMTOM"", ""score"": 0.995275, ""start"": 62, ""end"": 66}, {""text"": ""chân tay"", ""label"": ""ORGAN"", ""score"": 0.993023, ""start"": 67, ""end"": 75}]"
414,utt_id_train_000415,VietMed_011,5.0,0.214286,chung là người ta lại tích lý một cái kinh nghiệm à dùng thuốc này rất là mạnh dùng thuốc này rất là nhanh rất là mạnh,2,"[{""text"": ""thuốc"", ""label"": ""DRUGCHEMICAL"", ""score"": 0.996361, ""start"": 57, ""end"": 62}, {""text"": ""thuốc"", ""label"": ""DRUGCHEMICAL"", ""score"": 0.996243, ""start"": 84, ""end"": 89}]"
415,utt_id_train_000416,VietMed_011,6.0,0.157895,là cái lưng cái lưng nó rất là đau tau như công việc nặng nhọc đồ bà trả phải,4,"[{""text"": ""lưng"", ""label"": ""ORGAN"", ""score"": 0.997858, ""start"": 7, ""end"": 11}, {""text"": ""lưng"", ""label"": ""ORGAN"", ""score"": 0.997522, ""start"": 16, ""end"": 20}, {""text"": ""đau"", ""label"": ""DISEASESYMTOM"", ""score"": 0.99838, ""start"": 31, ""end"": 34}, {""text"": ""bà"", ""label"": ""GENDER"", ""score"": 0.971554, ""start"": 66, ""end"": 68}]"
416,utt_id_train_000417,VietMed_011,5.0,0.166667,không phải chỉ là chữa để cho đỡ khó chịu khi mà thời thời tiết nó thay đổi thì nó,0,[]
417,utt_id_train_000418,VietMed_011,5.0,0.0,chứng tiền đình bị rối loạn vận động mạch máu não này và đôi khi là có những cái trường trường hợp là tai biến mạch,6,"[{""text"": ""tiền đình"", ""label"": ""DISEASESYMTOM"", ""score"": 0.998504, ""start"": 6, ""end"": 15}, {""text"": ""rối loạn vận động"", ""label"": ""DISEASESYMTOM"", ""score"": 0.998118, ""start"": 19, ""end"": 36}, {""text"": ""mạch máu"", ""label"": ""ORGAN"", ""score"": 0.996491, ""start"": 37, ""end"": 45}, {""text"": ""não"", ""label"": ""ORGAN"", ""score"": 0.927695, ""start"": 46, ""end"": 49}, {""text"": ""tai biến"", ""label"": ""DISEASESYMTOM"", ""score"": 0.998761, ""start"": 102, ""end"": 110}, {""text"": ""mạch"", ""label"": ""ORGAN"", ""score"": 0.994049, ""start"": 111, ""end"": 115}]"
418,utt_id_train_000419,VietMed_011,9.0,0.0,gáy nó mới đau nó chèn lên thần kinh tê liệt tay thế uống thuốc nó đỡ làm nhiều lúc mà rét,5,"[{""text"": ""gáy"", ""label"": ""ORGAN"", ""score"": 0.995392, ""start"": 0, ""end"": 3}, {""text"": ""đau"", ""label"": ""DISEASESYMTOM"", ""score"": 0.998544, ""start"": 11, ""end"": 14}, {""text"": ""thần kinh"", ""label"": ""ORGAN"", ""score"": 0.997231, ""start"": 27, ""end"": 36}, {""text"": ""tê liệt tay"", ""label"": ""DISEASESYMTOM"", ""score"": 0.99825, ""start"": 37, ""end"": 48}, {""text"": ""uống thuốc"", ""label"": ""TREATMENT"", ""score"": 0.99631, ""start"": 53, ""end"": 63}]"
419,utt_id_train_000420,VietMed_011,5.0,0.0,tổng đài này thì sẽ có cơ hội nhận được ưu đãi của chương trình vâng và sẽ quay trở lại với chương trình của chúng ta,0,[]
420,utt_id_train_000421,VietMed_011,6.0,0.0,xác tôi chưa biết là các bác đã lần trước thì khám để các bác sĩ đã khuyên gì chưa nhưng mà đối với những cái,3,"[{""text"": ""bác"", ""label"": ""AGE"", ""score"": 0.993031, ""start"": 25, ""end"": 28}, {""text"": ""khám"", ""label"": ""DIAGNOSTICS"", ""score"": 0.99251, ""start"": 46, ""end"": 50}, {""text"": ""bác sĩ"", ""label"": ""OCCUPATION"", ""score"": 0.997565, ""start"": 58, ""end"": 64}]"
421,utt_id_train_000422,VietMed_011,8.0,0.307692,chiều hai viên mà uống vô nguyên khi kháng uống liền chưa ăn gì hết uống liền cũng không có sao hết không có hại bảo tử là,2,"[{""text"": ""hai viên"", ""label"": ""UNITCALIBRATOR"", ""score"": 0.992968, ""start"": 6, ""end"": 14}, {""text"": ""kháng uống"", ""label"": ""TREATMENT"", ""score"": 0.945608, ""start"": 37, ""end"": 47}]"
422,utt_id_train_000423,VietMed_011,7.0,0.0,trước đây thì tôi bị đau cái phần thắt lưng rất là khó chịu đặc biệt là mấy hôm trời mưa như là mấy hôm trước ạ thì lưng,3,"[{""text"": ""đau"", ""label"": ""DISEASESYMTOM"", ""score"": 0.998444, ""start"": 21, ""end"": 24}, {""text"": ""thắt lưng"", ""label"": ""ORGAN"", ""score"": 0.990807, ""start"": 34, ""end"": 43}, {""text"": ""lưng"", ""label"": ""ORGAN"", ""score"": 0.997706, ""start"": 116, ""end"": 120}]"
423,utt_id_train_000424,VietMed_011,5.0,0.0,hiệu quả nhưng lại tác dụng phụ không có nhiều như vậy không ảnh hưởng đến nội tạng nhiều như vậy và bản thân,2,"[{""text"": ""tác dụng phụ"", ""label"": ""DISEASESYMTOM"", ""score"": 0.998766, ""start"": 19, ""end"": 31}, {""text"": ""nội tạng"", ""label"": ""ORGAN"", ""score"": 0.995618, ""start"": 75, ""end"": 83}]"
424,utt_id_train_000425,VietMed_011,6.0,0.0,người ta cũng sẽ đặt ra hai cái câu chuyện là cân nhắc giữa cái câu chuyện là mổ thì được lợi gì và không được lợi,1,"[{""text"": ""mổ"", ""label"": ""SURGERY"", ""score"": 0.934885, ""start"": 78, ""end"": 80}]"
425,utt_id_train_000426,VietMed_011,7.0,0.0,minh tác dụng kết quả cho thấy kga1 có tác dụng ức chế cơn đau lên đến bảy mươi sáu phần trăm,6,"[{""text"": ""kg"", ""label"": ""DRUGCHEMICAL"", ""score"": 0.995413, ""start"": 31, ""end"": 33}, {""text"": ""a"", ""label"": ""DRUGCHEMICAL"", ""score"": 0.587498, ""start"": 33, ""end"": 34}, {""text"": ""1"", ""label"": ""DRUGCHEMICAL"", ""score"": 0.48277, ""start"": 34, ""end"": 35}, {""text"": ""ức chế"", ""label"": ""PREVENTIVEMED"", ""score"": 0.942209, ""start"": 48, ""end"": 54}, {""text"": ""đau"", ""label"": ""DISEASESYMTOM"", ""score"": 0.998128, ""start"": 59, ""end"": 62}, {""text"": ""phần trăm"", ""label"": ""UNITCALIBRATOR"", ""score"": 0.986321, ""start"": 84, ""end"": 93}]"
426,utt_id_train_000427,VietMed_011,6.0,0.0,lên mà thôi cho nên lời khuyên đầu tiên là đối với với quý vị khán giả này ý cũng như là những cái quý vị khán giả mà,2,"[{""text"": ""khán giả"", ""label"": ""OCCUPATION"", ""score"": 0.99192, ""start"": 62, ""end"": 70}, {""text"": ""khán giả"", ""label"": ""OCCUPATION"", ""score"": 0.990756, ""start"": 106, ""end"": 114}]"
427,utt_id_train_000428,VietMed_011,6.0,0.0,những cái thuốc mà ức chế được cái quá trình viêm đó khi mà nó chống được quá trình viêm thì nó vừa hạn chế được cái,4,"[{""text"": ""thuốc"", ""label"": ""DRUGCHEMICAL"", ""score"": 0.996221, ""start"": 10, ""end"": 15}, {""text"": ""ức chế"", ""label"": ""PREVENTIVEMED"", ""score"": 0.942118, ""start"": 19, ""end"": 25}, {""text"": ""viêm"", ""label"": ""DISEASESYMTOM"", ""score"": 0.998372, ""start"": 45, ""end"": 49}, {""text"": ""viêm"", ""label"": ""DISEASESYMTOM"", ""score"": 0.998325, ""start"": 84, ""end"": 88}]"
428,utt_id_train_000429,VietMed_011,9.0,0.0,thì tôi đi làm chạy xe máy nhiều thì thì cho chị đau lưng xong đi,3,"[{""text"": ""xe máy"", ""label"": ""MEDDEVICETECHNIQUE"", ""score"": 0.187182, ""start"": 20, ""end"": 26}, {""text"": ""chị"", ""label"": ""GENDER"", ""score"": 0.950882, ""start"": 45, ""end"": 48}, {""text"": ""đau lưng"", ""label"": ""DISEASESYMTOM"", ""score"": 0.99789, ""start"": 49, ""end"": 57}]"
429,utt_id_train_000430,VietMed_011,6.0,0.0,thì lại không những là dân văn phòng mà kể cả nhiều dân khác lại cũng phải ngồi và làm việc online suốt ngày thì những,1,"[{""text"": ""văn phòng"", ""label"": ""LOCATION"", ""score"": 0.973536, ""start"": 27, ""end"": 36}]"
430,utt_id_train_000431,VietMed_011,6.0,0.0,này chúng ta sẽ có thể có thông tin về sản phẩm vâng và tôi cũng xin được nhắc lại tổng đài của chương trình không hai,0,[]
431,utt_id_train_000432,VietMed_011,6.0,0.0,mới có thể có những chèn ép có những cái thoái hóa nặng lên và thậm chí là bây giờ bác đau nhiều quá bác đi lại khó khó,5,"[{""text"": ""thoái hóa"", ""label"": ""DISEASESYMTOM"", ""score"": 0.998668, ""start"": 41, ""end"": 50}, {""text"": ""bây giờ"", ""label"": ""DATETIME"", ""score"": 0.996398, ""start"": 75, ""end"": 82}, {""text"": ""bác"", ""label"": ""AGE"", ""score"": 0.99654, ""start"": 83, ""end"": 86}, {""text"": ""đau"", ""label"": ""DISEASESYMTOM"", ""score"": 0.998464, ""start"": 87, ""end"": 90}, {""text"": ""bác"", ""label"": ""AGE"", ""score"": 0.996316, ""start"": 101, ""end"": 104}]"
432,utt_id_train_000433,VietMed_011,6.0,0.0,nhiều các cái lý do khác nhau một trong những cái lý do đấy mà chúng ta thấy rằng là rất là phổ biến đấy là những cái,0,[]
433,utt_id_train_000434,VietMed_011,7.0,0.0,địa đấy thì chúng ta có thể hiểu rằng là do cái cơ địa của mình nó như vậy nhưng nếu cái đau của chúng ta nó lặp đi lặp,2,"[{""text"": ""cơ địa"", ""label"": ""ORGAN"", ""score"": 0.997586, ""start"": 48, ""end"": 54}, {""text"": ""đau"", ""label"": ""DISEASESYMTOM"", ""score"": 0.998337, ""start"": 89, ""end"": 92}]"
434,utt_id_train_000435,VietMed_011,4.0,0.0,ngoài cái thoái hóa cột sống ra còn chẩn đoán bệnh gì khác không ạ,2,"[{""text"": ""thoái hóa cột sống"", ""label"": ""DISEASESYMTOM"", ""score"": 0.998646, ""start"": 10, ""end"": 28}, {""text"": ""chẩn đoán"", ""label"": ""DIAGNOSTICS"", ""score"": 0.986252, ""start"": 36, ""end"": 45}]"
435,utt_id_train_000436,VietMed_011,7.0,0.55,điều đấy nó lại rất là khó khăn cho nên là vâng bệnh hai nhé mà tôi cứ đi ra ngoài rồi tôi bị,0,[]
436,utt_id_train_000437,VietMed_011,5.0,0.0,rất là nhiều đấy là một trong những cái thuốc chống viêm chống chỉ định để điều trị trong các bệnh gút trừ phi những cái,5,"[{""text"": ""thuốc"", ""label"": ""DRUGCHEMICAL"", ""score"": 0.997197, ""start"": 40, ""end"": 45}, {""text"": ""viêm"", ""label"": ""DISEASESYMTOM"", ""score"": 0.995141, ""start"": 52, ""end"": 56}, {""text"": ""chỉ định"", ""label"": ""PREVENTIVEMED"", ""score"": 0.990253, ""start"": 63, ""end"": 71}, {""text"": ""điều trị"", ""label"": ""TREATMENT"", ""score"": 0.997827, ""start"": 75, ""end"": 83}, {""text"": ""bệnh gút"", ""label"": ""DISEASESYMTOM"", ""score"": 0.998528, ""start"": 94, ""end"": 102}]"
437,utt_id_train_000438,VietMed_011,6.0,0.0,ra mà nó phá rất nhiều đấy là cái việc thứ nhất mà chúng tôi cần phải khuyên cho nên là bác cần đi thăm khám ở các,4,"[{""text"": ""rất nhiều"", ""label"": ""UNITCALIBRATOR"", ""score"": 0.995088, ""start"": 13, ""end"": 22}, {""text"": ""thứ nhất"", ""label"": ""UNITCALIBRATOR"", ""score"": 0.996353, ""start"": 39, ""end"": 47}, {""text"": ""bác"", ""label"": ""AGE"", ""score"": 0.99617, ""start"": 88, ""end"": 91}, {""text"": ""thăm khám"", ""label"": ""TREATMENT"", ""score"": 0.997329, ""start"": 99, ""end"": 108}]"
438,utt_id_train_000439,VietMed_011,6.0,0.0,bệnh bị biến chứng mà thậm chí tử vong do thủng dạ dày do chảy máu dạ dày rất là cao cái thứ hai nữa là các cái hệ mà,7,"[{""text"": ""biến chứng"", ""label"": ""DISEASESYMTOM"", ""score"": 0.998945, ""start"": 8, ""end"": 18}, {""text"": ""tử vong"", ""label"": ""DISEASESYMTOM"", ""score"": 0.998567, ""start"": 31, ""end"": 38}, {""text"": ""dạ dày"", ""label"": ""ORGAN"", ""score"": 0.997537, ""start"": 48, ""end"": 54}, {""text"": ""chảy máu"", ""label"": ""DISEASESYMTOM"", ""score"": 0.998844, ""start"": 58, ""end"": 66}, {""text"": ""dạ dày"", ""label"": ""ORGAN"", ""score"": 0.99719, ""start"": 67, ""end"": 73}, {""text"": ""cao"", ""label"": ""UNITCALIBRATOR"", ""score"": 0.996458, ""start"": 81, ""end"": 84}, {""text"": ""cái thứ hai"", ""label"": ""UNITCALIBRATOR"", ""score"": 0.995983, ""start"": 85, ""end"": 96}]"
439,utt_id_train_000440,VietMed_011,5.0,0.0,nguồn từ cái câu chuyện là gì ạ chúng ta đã có kinh nghiệm điều trị hàng ngàn năm nay rồi và chúng ta vẫn đang điều trị,3,"[{""text"": ""điều trị"", ""label"": ""TREATMENT"", ""score"": 0.998281, ""start"": 59, ""end"": 67}, {""text"": ""hàng ngàn năm"", ""label"": ""DATETIME"", ""score"": 0.985976, ""start"": 68, ""end"": 81}, {""text"": ""điều trị"", ""label"": ""TREATMENT"", ""score"": 0.998464, ""start"": 111, ""end"": 119}]"
440,utt_id_train_000441,VietMed_011,5.0,0.315789,vấn đề gì hai gối như lại tất cả các món chân món tay các khớp ở cơ thể,4,"[{""text"": ""chân"", ""label"": ""ORGAN"", ""score"": 0.996731, ""start"": 41, ""end"": 45}, {""text"": ""món tay"", ""label"": ""ORGAN"", ""score"": 0.993804, ""start"": 46, ""end"": 53}, {""text"": ""khớp"", ""label"": ""ORGAN"", ""score"": 0.993644, ""start"": 58, ""end"": 62}, {""text"": ""cơ thể"", ""label"": ""ORGAN"", ""score"": 0.997914, ""start"": 65, ""end"": 71}]"
441,utt_id_train_000442,VietMed_011,5.0,0.0,là vắt hoặc là làm một số các cái động tác như vậy có những người không lái xe được nhưng mà khi chúng ta điều trị khỏi,1,"[{""text"": ""điều trị"", ""label"": ""TREATMENT"", ""score"": 0.998232, ""start"": 106, ""end"": 114}]"
442,utt_id_train_000443,VietMed_011,6.0,0.0,cũng cần phải hỏi lại như vậy và trước khi chúng ta có một số các cái lời khuyên đương nhiên chúng ta cần biết,0,[]
443,utt_id_train_000444,VietMed_011,5.0,0.0,chẩn đoán muộn ở trung bình là năm năm đấy có nghĩa là gì năm năm đầu là cứ chạy hết,4,"[{""text"": ""chẩn đoán"", ""label"": ""DIAGNOSTICS"", ""score"": 0.984101, ""start"": 0, ""end"": 9}, {""text"": ""trung bình"", ""label"": ""UNITCALIBRATOR"", ""score"": 0.993875, ""start"": 17, ""end"": 27}, {""text"": ""năm năm"", ""label"": ""DATETIME"", ""score"": 0.995497, ""start"": 31, ""end"": 38}, {""text"": ""năm năm"", ""label"": ""DATETIME"", ""score"": 0.995317, ""start"": 58, ""end"": 65}]"
444,utt_id_train_000445,VietMed_011,6.0,0.0,vận động khá là đều đặn duy trì hàng ngày để mục đích là gì thứ nhất là lưu thông khí huyết cái thứ hai nữa bản thân,5,"[{""text"": ""duy trì"", ""label"": ""PERSONALCARE"", ""score"": 0.991729, ""start"": 24, ""end"": 31}, {""text"": ""hàng ngày"", ""label"": ""DATETIME"", ""score"": 0.995119, ""start"": 32, ""end"": 41}, {""text"": ""thứ nhất"", ""label"": ""UNITCALIBRATOR"", ""score"": 0.996461, ""start"": 60, ""end"": 68}, {""text"": ""huyết"", ""label"": ""ORGAN"", ""score"": 0.996501, ""start"": 86, ""end"": 91}, {""text"": ""cái thứ hai"", ""label"": ""UNITCALIBRATOR"", ""score"": 0.996459, ""start"": 92, ""end"": 103}]"
445,utt_id_train_000446,VietMed_011,6.0,0.0,đấy là gì ạ do cơ địa của từng người và khi có những cái cơ địa của từng người như vậy thì rất là có thể có những cái,2,"[{""text"": ""cơ địa"", ""label"": ""ORGAN"", ""score"": 0.997595, ""start"": 15, ""end"": 21}, {""text"": ""cơ địa"", ""label"": ""ORGAN"", ""score"": 0.997575, ""start"": 57, ""end"": 63}]"
446,utt_id_train_000447,VietMed_011,6.0,0.0,chỗ này là nó ngấm từ từ từ chứ nó không đến một cách trực tiếp được thì chính vì vậy cho nên là rõ ràng là nếu mà mạch,2,"[{""text"": ""từ từ"", ""label"": ""DATETIME"", ""score"": 0.993248, ""start"": 19, ""end"": 24}, {""text"": ""mạch"", ""label"": ""ORGAN"", ""score"": 0.997852, ""start"": 115, ""end"": 119}]"
447,utt_id_train_000448,VietMed_011,5.0,0.333333,an trọng nhất hơn anh hưởng tới chất lượng cuộc sống đặc biệt là bệnh xương khớp thường không có nhiều những cái chất,2,"[{""text"": ""anh"", ""label"": ""GENDER"", ""score"": 0.979039, ""start"": 18, ""end"": 21}, {""text"": ""bệnh xương khớp"", ""label"": ""DISEASESYMTOM"", ""score"": 0.998586, ""start"": 65, ""end"": 80}]"
448,utt_id_train_000449,VietMed_011,6.0,0.0,đau thì chính vì vậy cho nên là với cơ địa của những cái người hàn những cái người mà lạnh chẳng hạn hoặc là cái khí,2,"[{""text"": ""đau"", ""label"": ""DISEASESYMTOM"", ""score"": 0.99827, ""start"": 0, ""end"": 3}, {""text"": ""cơ địa"", ""label"": ""ORGAN"", ""score"": 0.997701, ""start"": 36, ""end"": 42}]"
449,utt_id_train_000450,VietMed_011,5.0,0.0,vì vậy cho nên là trong trường hợp này thì chúng tôi vẫn nghĩ rằng là chúng ta vẫn vẫn cần phải biết rằng là khi chúng,0,[]
450,utt_id_train_000451,VietMed_011,6.0,0.0,nên là bản thân cái việc nuôi dưỡng kém này nó đã ảnh hưởng đến xương khớp của chúng ta nó đã gây ra đau nhức rồi nó đã,3,"[{""text"": ""nuôi dưỡng"", ""label"": ""TREATMENT"", ""score"": 0.997427, ""start"": 25, ""end"": 35}, {""text"": ""xương khớp"", ""label"": ""ORGAN"", ""score"": 0.997546, ""start"": 64, ""end"": 74}, {""text"": ""đau nhức"", ""label"": ""DISEASESYMTOM"", ""score"": 0.998834, ""start"": 101, ""end"": 109}]"
451,utt_id_train_000452,VietMed_011,7.0,0.0,lâu dài một cách an toàn thì đấy là những cái biện pháp những cái lời khuyên đầu tiên là bác nên có thể áp dụng cho,1,"[{""text"": ""bác"", ""label"": ""AGE"", ""score"": 0.996504, ""start"": 89, ""end"": 92}]"
452,utt_id_train_000453,VietMed_011,7.0,0.0,cột sống thắt lưng người mắc bệnh viêm khớp thoát vị đĩa đệm gai vôi hóa cột sống đau vai gáy đau thần kinh tọa thần,9,"[{""text"": ""cột sống"", ""label"": ""ORGAN"", ""score"": 0.997439, ""start"": 0, ""end"": 8}, {""text"": ""thắt lưng"", ""label"": ""ORGAN"", ""score"": 0.985052, ""start"": 9, ""end"": 18}, {""text"": ""mắc bệnh viêm khớp"", ""label"": ""DISEASESYMTOM"", ""score"": 0.998287, ""start"": 25, ""end"": 43}, {""text"": ""thoát vị đĩa đệm"", ""label"": ""DISEASESYMTOM"", ""score"": 0.998773, ""start"": 44, ""end"": 60}, {""text"": ""cột sống"", ""label"": ""ORGAN"", ""score"": 0.997483, ""start"": 73, ""end"": 81}, {""text"": ""đau"", ""label"": ""DISEASESYMTOM"", ""score"": 0.998495, ""start"": 82, ""end"": 85}, {""text"": ""vai"", ""label"": ""ORGAN"", ""score"": 0.992618, ""start"": 86, ""end"": 89}, {""text"": ""gáy"", ""label"": ""ORGAN"", ""score"": 0.991362, ""start"": 90, ""end"": 93}, {""text"": ""đau thần kinh tọa"", ""label"": ""DISEASESYMTOM"", ""score"": 0.998333, ""start"": 94, ""end"": 111}]"
453,utt_id_train_000454,VietMed_011,6.0,0.0,mà đi ra ngoài đường là bị ngã cái thì gay cho nên là trường hợp của bác cũng thế thôi nếu bác bắt buộc vẫn phải leo cầu thang đương nhiên là cái công việc,2,"[{""text"": ""bác"", ""label"": ""AGE"", ""score"": 0.996015, ""start"": 69, ""end"": 72}, {""text"": ""bác"", ""label"": ""AGE"", ""score"": 0.996029, ""start"": 91, ""end"": 94}]"
454,utt_id_train_000455,VietMed_011,6.0,0.0,như là câu hỏi anh đã đặt cho chương trình vâng chúc anh thật là nhiều sức khỏe rất là nhiều những khán giả đã đọc gọi,3,"[{""text"": ""anh"", ""label"": ""GENDER"", ""score"": 0.980978, ""start"": 15, ""end"": 18}, {""text"": ""anh"", ""label"": ""GENDER"", ""score"": 0.979305, ""start"": 53, ""end"": 56}, {""text"": ""khán giả"", ""label"": ""OCCUPATION"", ""score"": 0.992683, ""start"": 99, ""end"": 107}]"
455,utt_id_train_000456,VietMed_011,8.0,0.0,tiên ấy chúng tôi rất là khuyên rằng là bác cần phải đi kiểm tra về cái vấn đề là thần kinh sọ não bởi vì sao bởi vì,5,"[{""text"": ""bác"", ""label"": ""AGE"", ""score"": 0.99604, ""start"": 40, ""end"": 43}, {""text"": ""kiểm tra"", ""label"": ""DIAGNOSTICS"", ""score"": 0.991651, ""start"": 56, ""end"": 64}, {""text"": ""thần kinh"", ""label"": ""ORGAN"", ""score"": 0.997696, ""start"": 82, ""end"": 91}, {""text"": ""sọ"", ""label"": ""ORGAN"", ""score"": 0.945876, ""start"": 92, ""end"": 94}, {""text"": ""não"", ""label"": ""ORGAN"", ""score"": 0.996162, ""start"": 95, ""end"": 98}]"
456,utt_id_train_000457,VietMed_011,5.0,0.0,hàng ngày để có thể cải thiện được cái tình trạng của mình để tránh tái đi tái lại cũng như là khi mà trở trời thì nó,2,"[{""text"": ""hàng ngày"", ""label"": ""DATETIME"", ""score"": 0.99581, ""start"": 0, ""end"": 9}, {""text"": ""cải thiện"", ""label"": ""TREATMENT"", ""score"": 0.997548, ""start"": 20, ""end"": 29}]"
457,utt_id_train_000458,VietMed_011,7.0,0.0,trạng là thiếu canxi cái thứ hai nó đôi khi là do chế độ ăn của chúng ta nó cũng thiếu thế cả hai những cái vấn đề này thì chúng ta nên đi khám để có một cái,4,"[{""text"": ""canxi"", ""label"": ""DRUGCHEMICAL"", ""score"": 0.985857, ""start"": 15, ""end"": 20}, {""text"": ""cái thứ hai"", ""label"": ""UNITCALIBRATOR"", ""score"": 0.995966, ""start"": 21, ""end"": 32}, {""text"": ""chế độ ăn"", ""label"": ""PERSONALCARE"", ""score"": 0.993866, ""start"": 50, ""end"": 59}, {""text"": ""khám"", ""label"": ""DIAGNOSTICS"", ""score"": 0.990343, ""start"": 139, ""end"": 143}]"
458,utt_id_train_000459,VietMed_011,6.0,0.0,tập bác có thể đạp xe tại chỗ ví dụ như vậy thế thì nhiều bác lại bảo là bây giờ tôi có cái xe đạp tôi thích đạp ra ngoài,4,"[{""text"": ""bác"", ""label"": ""AGE"", ""score"": 0.996463, ""start"": 4, ""end"": 7}, {""text"": ""bác"", ""label"": ""AGE"", ""score"": 0.996342, ""start"": 58, ""end"": 61}, {""text"": ""bây giờ"", ""label"": ""DATETIME"", ""score"": 0.996047, ""start"": 73, ""end"": 80}, {""text"": ""xe đạp"", ""label"": ""MEDDEVICETECHNIQUE"", ""score"": 0.264859, ""start"": 92, ""end"": 98}]"
459,utt_id_train_000460,VietMed_011,6.0,0.0,tiếng hai tiếng gì đấy nó lại giãn được ra thì cái cái cơn nó lại có thể hồi phục được chính vì vậy chụp không thấy gì cả,0,[]
460,utt_id_train_000461,VietMed_011,6.0,0.0,có tư vấn lại có cơ hội nhận được những phần quà giá trị khuyến mại chỉ diễn ra trong ngày vì vậy quý vị hãy nhanh tay,2,"[{""text"": ""tư vấn"", ""label"": ""PERSONALCARE"", ""score"": 0.992759, ""start"": 3, ""end"": 9}, {""text"": ""nhanh"", ""label"": ""DATETIME"", ""score"": 0.746032, ""start"": 109, ""end"": 114}]"
461,utt_id_train_000462,VietMed_011,6.0,0.0,các cái người bệnh thì chúng tôi cũng nhận thấy rằng là những người mà đã có những cái tiền sử chấn thương từ trước thì người ta lại có những cái sự ảnh,1,"[{""text"": ""chấn thương"", ""label"": ""DISEASESYMTOM"", ""score"": 0.99856, ""start"": 95, ""end"": 106}]"
462,utt_id_train_000463,VietMed_011,6.0,0.0,thấy được nhưng có những trường hợp nó chỉ là thoáng qua nó ví dụ như mạch máu não nó bị co vào như thế này sau độ ba,2,"[{""text"": ""mạch máu"", ""label"": ""ORGAN"", ""score"": 0.998291, ""start"": 70, ""end"": 78}, {""text"": ""não"", ""label"": ""ORGAN"", ""score"": 0.97307, ""start"": 79, ""end"": 82}]"
463,utt_id_train_000464,VietMed_011,5.0,0.0,thoái hóa khớp đáp ứng tốt trên các bệnh viêm khớp thoát vị đĩa đệm gai vôi hóa,3,"[{""text"": ""thoái hóa khớp"", ""label"": ""DISEASESYMTOM"", ""score"": 0.998365, ""start"": 0, ""end"": 14}, {""text"": ""bệnh viêm khớp"", ""label"": ""DISEASESYMTOM"", ""score"": 0.99853, ""start"": 36, ""end"": 50}, {""text"": ""thoát vị đĩa đệm"", ""label"": ""DISEASESYMTOM"", ""score"": 0.998774, ""start"": 51, ""end"": 67}]"
464,utt_id_train_000465,VietMed_011,5.0,0.0,cuộc sống cổ tuy nhiên nếu là cái bệnh lý của hội chứng ống cổ tay thì cái việc điều trị của chúng ta lại tập trung ở,4,"[{""text"": ""bệnh lý"", ""label"": ""DISEASESYMTOM"", ""score"": 0.998727, ""start"": 34, ""end"": 41}, {""text"": ""hội chứng ống"", ""label"": ""DISEASESYMTOM"", ""score"": 0.977548, ""start"": 46, ""end"": 59}, {""text"": ""cổ tay"", ""label"": ""ORGAN"", ""score"": 0.99464, ""start"": 60, ""end"": 66}, {""text"": ""điều trị"", ""label"": ""TREATMENT"", ""score"": 0.998361, ""start"": 80, ""end"": 88}]"
465,utt_id_train_000466,VietMed_011,6.0,0.0,những cái lời khuyên về các cái bệnh lý cụ thể của người bệnh thì chúng tôi cũng rất là mong muốn có những cái lời khuyên,1,"[{""text"": ""bệnh lý"", ""label"": ""DISEASESYMTOM"", ""score"": 0.998659, ""start"": 32, ""end"": 39}]"
466,utt_id_train_000467,VietMed_011,7.0,0.0,quá trình nó diễn biến thậm chí là càng ngày nó càng có những cái diễn biến nó nó nó nặng hơn so với trước chính vì thế,0,[]
467,utt_id_train_000468,VietMed_011,1.0,0.0,cái gì nặng không ạ,0,[]
468,utt_id_train_000469,VietMed_011,6.0,0.0,chính vì vậy cho nên là ngoài những cái đợt mà theo dõi với bác sĩ ra thì người ta cứ tự ý người ta bắt đầu lại sử dụng,1,"[{""text"": ""bác sĩ"", ""label"": ""OCCUPATION"", ""score"": 0.997835, ""start"": 60, ""end"": 66}]"
469,utt_id_train_000470,VietMed_011,5.0,0.0,để điều trị cho từng bệnh đặc biệt trong đó thì có một cái cơ chế rất là quan trọng là các cái khớp nó bị viêm thì cần,3,"[{""text"": ""điều trị"", ""label"": ""TREATMENT"", ""score"": 0.998322, ""start"": 3, ""end"": 11}, {""text"": ""các cái khớp"", ""label"": ""ORGAN"", ""score"": 0.996642, ""start"": 87, ""end"": 99}, {""text"": ""viêm"", ""label"": ""DISEASESYMTOM"", ""score"": 0.997901, ""start"": 106, ""end"": 110}]"
470,utt_id_train_000471,VietMed_011,8.0,0.0,với bác sĩ ngày hôm nay rồi và ngày hôm nay thì chúng tôi đã có rất là nhiều vị khán giả nhận được sự kết nối trực tiếp từ bác sĩ và rất mong là với những tư,5,"[{""text"": ""bác sĩ"", ""label"": ""OCCUPATION"", ""score"": 0.997962, ""start"": 4, ""end"": 10}, {""text"": ""ngày hôm nay"", ""label"": ""DATETIME"", ""score"": 0.996643, ""start"": 11, ""end"": 23}, {""text"": ""ngày hôm nay"", ""label"": ""DATETIME"", ""score"": 0.996497, ""start"": 31, ""end"": 43}, {""text"": ""khán giả"", ""label"": ""OCCUPATION"", ""score"": 0.993118, ""start"": 80, ""end"": 88}, {""text"": ""bác sĩ"", ""label"": ""OCCUPATION"", ""score"": 0.997909, ""start"": 123, ""end"": 129}]"
471,utt_id_train_000472,VietMed_011,5.0,0.222222,yếu tố giảm đau giảm viêm và nuôi dưỡng khuẩn khớp đồng thời an toàn,3,"[{""text"": ""đau"", ""label"": ""DISEASESYMTOM"", ""score"": 0.998247, ""start"": 12, ""end"": 15}, {""text"": ""viêm"", ""label"": ""DISEASESYMTOM"", ""score"": 0.996941, ""start"": 21, ""end"": 25}, {""text"": ""nuôi dưỡng khuẩn khớp"", ""label"": ""TREATMENT"", ""score"": 0.990665, ""start"": 29, ""end"": 50}]"
472,utt_id_train_000473,VietMed_011,5.0,0.0,những người cao tuổi chúng ta biết rằng là bản thân họ cũng gặp rất là nhiều các cái vấn đề chứ không phải chỉ riêng mỗi,1,"[{""text"": ""cao tuổi"", ""label"": ""AGE"", ""score"": 0.970384, ""start"": 12, ""end"": 20}]"
473,utt_id_train_000474,VietMed_011,6.0,0.0,ạ trong trường hợp này của anh có lẽ anh vẫn cần phải đến khám với các bác sĩ chuyên khoa về bệnh bệnh lý cơ xương,7,"[{""text"": ""anh"", ""label"": ""GENDER"", ""score"": 0.980026, ""start"": 27, ""end"": 30}, {""text"": ""anh"", ""label"": ""GENDER"", ""score"": 0.979858, ""start"": 37, ""end"": 40}, {""text"": ""khám"", ""label"": ""DIAGNOSTICS"", ""score"": 0.990771, ""start"": 58, ""end"": 62}, {""text"": ""bác sĩ chuyên khoa"", ""label"": ""OCCUPATION"", ""score"": 0.996841, ""start"": 71, ""end"": 89}, {""text"": ""bệnh lý"", ""label"": ""DISEASESYMTOM"", ""score"": 0.996981, ""start"": 98, ""end"": 105}, {""text"": ""cơ"", ""label"": ""ORGAN"", ""score"": 0.997475, ""start"": 106, ""end"": 108}, {""text"": ""xương"", ""label"": ""ORGAN"", ""score"": 0.973665, ""start"": 109, ""end"": 114}]"
474,utt_id_train_000475,VietMed_011,6.0,0.0,thần kinh kiểm tra nhưng người ta có điện tâm đồ tất cả các thứ về thần kinh,4,"[{""text"": ""thần kinh"", ""label"": ""ORGAN"", ""score"": 0.996569, ""start"": 0, ""end"": 9}, {""text"": ""kiểm tra"", ""label"": ""DIAGNOSTICS"", ""score"": 0.986311, ""start"": 10, ""end"": 18}, {""text"": ""điện tâm đồ"", ""label"": ""MEDDEVICETECHNIQUE"", ""score"": 0.987064, ""start"": 37, ""end"": 48}, {""text"": ""thần kinh"", ""label"": ""ORGAN"", ""score"": 0.996951, ""start"": 67, ""end"": 76}]"
475,utt_id_train_000476,VietMed_011,5.0,0.148148,cái phác đồ một cách điều trị một cách phù hợp tránh cái tình trạng là mình lại tiếp tục loay hoa như thế nào nhưng mà,2,"[{""text"": ""phác đồ"", ""label"": ""MEDDEVICETECHNIQUE"", ""score"": 0.985086, ""start"": 4, ""end"": 11}, {""text"": ""điều trị"", ""label"": ""TREATMENT"", ""score"": 0.998417, ""start"": 21, ""end"": 29}]"
476,utt_id_train_000477,VietMed_011,6.0,0.071429,có định hướng khuyên cho mình là nên đi thăm dò kỹ về cái chuyên khoa nào bởi vì sao ở đây bây giờ chúng tôi khuyên là,2,"[{""text"": ""chuyên khoa"", ""label"": ""LOCATION"", ""score"": 0.986153, ""start"": 58, ""end"": 69}, {""text"": ""bây giờ"", ""label"": ""DATETIME"", ""score"": 0.996424, ""start"": 91, ""end"": 98}]"
477,utt_id_train_000478,VietMed_011,6.0,0.0,cũng không có nhiều cho nên xin phép là chúng tôi cũng sẽ tư vấn ngắn gọn như này đi vào các vấn đề chính vấn đề số một,1,"[{""text"": ""tư vấn"", ""label"": ""PERSONALCARE"", ""score"": 0.993411, ""start"": 58, ""end"": 64}]"
478,utt_id_train_000479,VietMed_011,7.0,0.0,mạch máu lên lên não ví dụ như mạch cảnh chẳng hạn đây là một cái bệnh lý ở mạch cảnh hẹp mạch cảnh rất là nhiều người bị cái các,6,"[{""text"": ""mạch máu"", ""label"": ""ORGAN"", ""score"": 0.998151, ""start"": 0, ""end"": 8}, {""text"": ""não"", ""label"": ""ORGAN"", ""score"": 0.9985, ""start"": 17, ""end"": 20}, {""text"": ""mạch"", ""label"": ""ORGAN"", ""score"": 0.99847, ""start"": 31, ""end"": 35}, {""text"": ""bệnh lý"", ""label"": ""DISEASESYMTOM"", ""score"": 0.99877, ""start"": 66, ""end"": 73}, {""text"": ""mạch"", ""label"": ""ORGAN"", ""score"": 0.998488, ""start"": 76, ""end"": 80}, {""text"": ""hẹp mạch cảnh"", ""label"": ""DISEASESYMTOM"", ""score"": 0.998227, ""start"": 86, ""end"": 99}]"
479,utt_id_train_000480,VietMed_011,6.0,0.0,hiệu mà ngày xưa chúng ta vẫn hay phổ biến đấy là gì ạ nâng niu bàn chân việt thì trong trường hợp này của bác bác tìm,5,"[{""text"": ""ngày xưa"", ""label"": ""DATETIME"", ""score"": 0.994091, ""start"": 8, ""end"": 16}, {""text"": ""nâng niu"", ""label"": ""PERSONALCARE"", ""score"": 0.981185, ""start"": 55, ""end"": 63}, {""text"": ""bàn chân"", ""label"": ""ORGAN"", ""score"": 0.995595, ""start"": 64, ""end"": 72}, {""text"": ""bác"", ""label"": ""AGE"", ""score"": 0.996166, ""start"": 107, ""end"": 110}, {""text"": ""bác"", ""label"": ""AGE"", ""score"": 0.996251, ""start"": 111, ""end"": 114}]"
480,utt_id_train_000481,VietMed_011,6.0,0.0,khớp ở chân tay là bị hết và hôm nay câu hỏi của bác là gì ạ thì tôi muốn hỏi bác sĩ đấy nó là tôi thế thì nó có phải,5,"[{""text"": ""khớp"", ""label"": ""ORGAN"", ""score"": 0.99776, ""start"": 0, ""end"": 4}, {""text"": ""chân tay"", ""label"": ""ORGAN"", ""score"": 0.997468, ""start"": 7, ""end"": 15}, {""text"": ""hôm nay"", ""label"": ""DATETIME"", ""score"": 0.996146, ""start"": 29, ""end"": 36}, {""text"": ""bác"", ""label"": ""AGE"", ""score"": 0.996158, ""start"": 49, ""end"": 52}, {""text"": ""bác sĩ"", ""label"": ""OCCUPATION"", ""score"": 0.997751, ""start"": 78, ""end"": 84}]"
481,utt_id_train_000482,VietMed_011,6.0,0.0,cái bệnh lý thoái hóa khớp và cái thoái hóa khớp này nó cũng có thể liên quan đến công việc hàng ngày này tư thế vận,4,"[{""text"": ""bệnh lý thoái hóa"", ""label"": ""DISEASESYMTOM"", ""score"": 0.998045, ""start"": 4, ""end"": 21}, {""text"": ""khớp"", ""label"": ""ORGAN"", ""score"": 0.914937, ""start"": 22, ""end"": 26}, {""text"": ""thoái hóa khớp"", ""label"": ""DISEASESYMTOM"", ""score"": 0.997659, ""start"": 34, ""end"": 48}, {""text"": ""hàng ngày"", ""label"": ""DATETIME"", ""score"": 0.995721, ""start"": 92, ""end"": 101}]"
482,utt_id_train_000483,VietMed_011,3.0,0.111111,lâu là trước khi bị tai nạn đấy ạ,1,"[{""text"": ""tai nạn"", ""label"": ""DISEASESYMTOM"", ""score"": 0.998284, ""start"": 20, ""end"": 27}]"
483,utt_id_train_000484,VietMed_011,6.0,0.0,khi là mình cứ dùng hết cái nọ dùng hết cái kia mà không có một cái chẩn đoán cuối cùng thì sẽ sẽ mất đi cái thời gian,2,"[{""text"": ""chẩn đoán"", ""label"": ""DIAGNOSTICS"", ""score"": 0.986903, ""start"": 68, ""end"": 77}, {""text"": ""thời gian"", ""label"": ""DATETIME"", ""score"": 0.996575, ""start"": 109, ""end"": 118}]"
484,utt_id_train_000485,VietMed_011,5.0,0.0,sẽ phải tiếp xúc này sẽ phải xử lý này và sẽ phải đào thải những câu chuyện đó chính vì vậy tất cả những cái nội tạng,1,"[{""text"": ""nội tạng"", ""label"": ""ORGAN"", ""score"": 0.996463, ""start"": 109, ""end"": 117}]"
485,utt_id_train_000486,VietMed_011,7.0,0.103448,có nên là vận động nhiều hay không thế thì chúng ta thấy ở đây là có cả hai vấn đề tức là vấn đề liên quan đến,0,[]
486,utt_id_train_000487,VietMed_011,5.0,0.241379,thực thận và khi mà suy vỏ thực thận giống như của bác mô tải có nghĩa là nó đã bị lâu rồi đã bị nặng nữa,3,"[{""text"": ""thận"", ""label"": ""ORGAN"", ""score"": 0.639825, ""start"": 5, ""end"": 9}, {""text"": ""thực thận"", ""label"": ""ORGAN"", ""score"": 0.993843, ""start"": 27, ""end"": 36}, {""text"": ""bác"", ""label"": ""AGE"", ""score"": 0.994395, ""start"": 51, ""end"": 54}]"
487,utt_id_train_000488,VietMed_011,5.0,0.0,phục một cách phù hợp nhưng mà việc đầu tiên chúng tôi khuyên ngay lập tức bây giờ thì là bác,2,"[{""text"": ""bây giờ"", ""label"": ""DATETIME"", ""score"": 0.99668, ""start"": 75, ""end"": 82}, {""text"": ""bác"", ""label"": ""AGE"", ""score"": 0.996491, ""start"": 90, ""end"": 93}]"
488,utt_id_train_000489,VietMed_011,7.0,0.138889,là chuột rút đúng không ạ ở đây chuột rút thì chúng ta nhớ rằng là nó cũng có một số các cái nhóm nguyên nhân thông thường chúng ta sẽ nghĩ nhưng ngay đến,2,"[{""text"": ""chuột rút"", ""label"": ""DISEASESYMTOM"", ""score"": 0.998631, ""start"": 3, ""end"": 12}, {""text"": ""chuột rút"", ""label"": ""DISEASESYMTOM"", ""score"": 0.998598, ""start"": 32, ""end"": 41}]"
489,utt_id_train_000490,VietMed_011,6.0,0.185185,nó sẽ giảm được cái câu chuyện là loạng choạng ít nhất là giảm được câu chuyện bị tế ngã bởi vì sao bởi vì khi mà trả lời,0,[]
490,utt_id_train_000491,VietMed_011,6.0,0.107143,liều lượng không phù hợp thời gian không phù hợp thì nó sẽ dẫn đến một cái bệnh lý kèm theo đấy là bệnh lý mà suy bị,4,"[{""text"": ""iều lượng"", ""label"": ""UNITCALIBRATOR"", ""score"": 0.676725, ""start"": 1, ""end"": 10}, {""text"": ""thời gian"", ""label"": ""DATETIME"", ""score"": 0.996459, ""start"": 25, ""end"": 34}, {""text"": ""bệnh lý"", ""label"": ""DISEASESYMTOM"", ""score"": 0.998606, ""start"": 75, ""end"": 82}, {""text"": ""bệnh lý"", ""label"": ""DISEASESYMTOM"", ""score"": 0.998532, ""start"": 99, ""end"": 106}]"
491,utt_id_train_000492,VietMed_011,5.0,0.0,mà cũng bị bệnh gì bác ạ dạ vâng ở đây thì vâng ở đây thì có lẽ,2,"[{""text"": ""bị bệnh"", ""label"": ""DISEASESYMTOM"", ""score"": 0.998197, ""start"": 8, ""end"": 15}, {""text"": ""bác"", ""label"": ""AGE"", ""score"": 0.995691, ""start"": 19, ""end"": 22}]"
492,utt_id_train_000493,VietMed_011,6.0,0.526316,việc hạn phẩm của việt hạn lâm này chức quả của chúng thì rất là tốt rồi đấy,0,[]
493,utt_id_train_000494,VietMed_011,7.0,0.0,mạch máu não rồi nó bị thiếu máu não rồi bị nhồi máu não rồi hoặc một số các cái vấn đề như vậy hẹp mạch máu hoặc là rối,6,"[{""text"": ""mạch máu"", ""label"": ""ORGAN"", ""score"": 0.998107, ""start"": 0, ""end"": 8}, {""text"": ""não"", ""label"": ""ORGAN"", ""score"": 0.996567, ""start"": 9, ""end"": 12}, {""text"": ""thiếu máu não"", ""label"": ""DISEASESYMTOM"", ""score"": 0.998135, ""start"": 23, ""end"": 36}, {""text"": ""máu"", ""label"": ""ORGAN"", ""score"": 0.997868, ""start"": 49, ""end"": 52}, {""text"": ""não"", ""label"": ""ORGAN"", ""score"": 0.997694, ""start"": 53, ""end"": 56}, {""text"": ""mạch máu"", ""label"": ""ORGAN"", ""score"": 0.997804, ""start"": 100, ""end"": 108}]"
494,utt_id_train_000495,VietMed_011,7.0,0.0,xưa cái đôi tay của mình và cái vai của mình nó đau đớn thế nào thì bây giờ nó không,4,"[{""text"": ""đôi tay"", ""label"": ""ORGAN"", ""score"": 0.995579, ""start"": 8, ""end"": 15}, {""text"": ""cái vai"", ""label"": ""ORGAN"", ""score"": 0.996375, ""start"": 28, ""end"": 35}, {""text"": ""đau"", ""label"": ""DISEASESYMTOM"", ""score"": 0.998325, ""start"": 48, ""end"": 51}, {""text"": ""bây giờ"", ""label"": ""DATETIME"", ""score"": 0.996359, ""start"": 68, ""end"": 75}]"
495,utt_id_train_000496,VietMed_011,6.0,0.074074,các bác sĩ trực tiếp chỉ định và với một cái thời gian cụ thể không bao giờ được dùng quá dài không được dùng lạm dụng không được,3,"[{""text"": ""bác sĩ"", ""label"": ""OCCUPATION"", ""score"": 0.997998, ""start"": 4, ""end"": 10}, {""text"": ""chỉ định"", ""label"": ""PREVENTIVEMED"", ""score"": 0.991431, ""start"": 21, ""end"": 29}, {""text"": ""thời gian"", ""label"": ""DATETIME"", ""score"": 0.99613, ""start"": 45, ""end"": 54}]"
496,utt_id_train_000497,VietMed_011,6.0,0.0,nhau và cái lứa tuổi mà trung niên là cái lứa tuổi gặp khá là phổ biến còn,1,"[{""text"": ""trung niên"", ""label"": ""AGE"", ""score"": 0.960361, ""start"": 24, ""end"": 34}]"
497,utt_id_train_000498,VietMed_011,7.0,0.0,nên là trong đông y chúng tôi vẫn thường có một quan niệm là gì ạ chỗ nào mà nó không thông thì thì nó sẽ đau nghĩa là,2,"[{""text"": ""đông y"", ""label"": ""MEDDEVICETECHNIQUE"", ""score"": 0.94453, ""start"": 13, ""end"": 19}, {""text"": ""đau"", ""label"": ""DISEASESYMTOM"", ""score"": 0.998324, ""start"": 106, ""end"": 109}]"
498,utt_id_train_000499,VietMed_011,7.0,0.0,mình đang căng nên nó rút nó mỏng ra đấy dạ vâng thế thì ở đây chúng ta thấy rằng là,0,[]
499,utt_id_train_000500,VietMed_011,6.0,0.0,tác dụng phụ lên đường tiêu hóa lên các cái hệ nội tạng chính vì vậy cho nên đấy là một trong những cái hướng mà tiếp cận,4,"[{""text"": ""tác dụng phụ"", ""label"": ""DISEASESYMTOM"", ""score"": 0.99874, ""start"": 0, ""end"": 12}, {""text"": ""đường tiêu hóa"", ""label"": ""ORGAN"", ""score"": 0.997195, ""start"": 17, ""end"": 31}, {""text"": ""nội tạng"", ""label"": ""ORGAN"", ""score"": 0.997446, ""start"": 47, ""end"": 55}, {""text"": ""một trong những cái hướng"", ""label"": ""UNITCALIBRATOR"", ""score"": 0.990123, ""start"": 84, ""end"": 109}]"
